vs	lemma_slp1	lemma_iast	pujol_accented	pujol_vowel	cologne_accented	cologne_vowel	recommend
GRA	ASita	āśita	āśitá	3	ā́śita	1	Cologne (RV)
GRA	ASvina	āśvina	āśviná	3	ā́śvina	1	Cologne (RV)
GRA	Baga	bhaga	bhagá	2	bhága	1	Cologne (RV)
MW	Dfzwa	dhṛṣṭa	dhṛṣṭá	2	dhṛ́ṣṭa	1	Cologne (MW)
MW	ISAna	īśāna	īśāná	3	ī́śāna	1	Cologne (MW)
GRA	Orva	aurva	aúrva	1	aurvá	2	Cologne (RV)
GRA	SArada	śārada	śāradá	3	śā́rada	1	Cologne (RV)
MW	SaRqila	śaṇḍila	śáṇḍila	1	śaṇḍilá	3	Cologne (MW)
GRA	SamyA	śamyā	śámyā	1	śamyā́	2	Cologne (RV)
MW	Sarkowa	śarkoṭa	śarkóṭa	2	śarkoṭá	3	Cologne (MW)
GRA	Silpa	śilpa	śílpa	1	śilpá	2	Cologne (RV)
GRA	SoBana	śobhana	śobhaná	3	śóbhana	1	Cologne (RV)
GRA	Soka	śoka	śoká	2	śóka	1	Cologne (RV)
MW	SunaHSepa	śunaḥśepa	śunaḥśépa	3	śúnaḥśépa	1/3	Cologne (MW)
GRA	aNguri	aṅguri	aṅgúri	2	aṅgúrí	2/3	Cologne (RV)
MW	aNguzWa	aṅguṣṭha	aṅguṣṭhá	3	aṅgúṣṭha	2	Cologne (MW)
GRA	aSramaRa	aśramaṇa	áśramaṇa	1	aśramaṇá	4	Cologne (RV)
GRA	aSri	aśri	áśri	1	áśrí	1/2	Cologne (RV)
GRA	acetas	acetas	acétas	2	acetás	3	Cologne (RV)
MW	agrya	agrya	ágrya	1	agryá	2	Cologne (MW)
MW	ahirbuDnyas	ahirbudhnyas	ahirbudhnyás	4	áhirbudhnyás	1/4	Cologne (MW)
MW	aparRa	aparṇa	áparṇa	1	aparṇá	3	Cologne (MW)
GRA	apsu	apsu	apsú	2	ápsu	1	Cologne (RV)
GRA	araRI	araṇī	araṇī́	3	aráṇī	2	Cologne (RV)
GRA	aritra	aritra	arítra	2	árítra	1/2	Cologne (RV)
GRA	asapatna	asapatna	ásapatna	1	asapatná	4	Cologne (RV)
GRA	ayajYa	ayajña	áyajña	1	ayajñá	3	Cologne (RV)
GRA	bfhaspati	bṛhaspati	bṛ́haspáti	1/3	bṛhaspáti	3	Cologne (RV)
GRA	dakziRA	dakṣiṇā	dákṣiṇā	1	dakṣiṇā́	3	Cologne (RV)
GRA	darSa	darśa	darśá	2	dárśa	1	Cologne (RV)
MW	daridra	daridra	darídra	2	dáridra	1	Cologne (MW)
GRA	drAGizWa	drāghiṣṭha	drā́ghiṣṭha	1	drā́ghíṣṭha	1/2	Cologne (RV)
GRA	dvAdaSa	dvādaśa	dvā́daśa	1	dvādaśá	3	Cologne (RV)
GRA	dviDA	dvidhā	dvidhā́	2	dvídhā	1	Cologne (RV)
GRA	ekapad	ekapad	ekapád	3	ékapad	1	Cologne (RV)
MW	hiNkAra	hiṅkāra	híṅkārá	1/3	hiṅkārá	3	Cologne (MW)
MW	hrasva	hrasva	hrásva	1	hrasvá	2	Cologne (MW)
MW	kartavya	kartavya	kartavyá	3	kártavya	1	Cologne (MW)
MW	kfmuka	kṛmuka	kṛmúka	2	kṛmuká	3	Cologne (MW)
MW	mArtsna	mārtsna	mārtsná	2	mā́rtsna	1	Cologne (MW)
GRA	meDas	medhas	médhas	1	medhás	2	Cologne (RV)
MW	nAkra	nākra	nākrá	2	nā́kra	1	Cologne (MW)
GRA	nArI	nārī	nārī́	2	nā́rī	1	Cologne (RV)
MW	naraka	naraka	naráka	2	náraka	1	Cologne (MW)
GRA	netf	netṛ	nétṛ	1	netṛ́	2	Cologne (RV)
MW	nihAkA	nihākā	nihā́kā	2	nihākā́	3	Cologne (MW)
MW	niyuta	niyuta	niyúta	2	níyuta	1	Cologne (MW)
MW	pArvatI	pārvatī	pārvatī́	3	pā́rvatī	1	Cologne (MW)
MW	praRIta	praṇīta	praṇī́ta	2	práṇīta	1	Cologne (MW)
MW	pratIcI	pratīcī	pratīcī́	3	pratī́cī	2	Cologne (MW)
MW	puroqASa	puroḍāśa	puroḍā́śa	3	puroḍāśá	4	Cologne (MW)
GRA	rAjaka	rājaka	rā́jaka	1	rājaká	3	Cologne (RV)
MW	rAjan	rājan	rā́jan	1	rāján	2	Cologne (MW)
MW	rakzas	rakṣas	rakṣás	2	rákṣas	1	Cologne (MW)
GRA	revat	revat	révat	1	revát	2	Cologne (RV)
GRA	ruSat	ruśat	ruśát	2	rúśat	1	Cologne (RV)
GRA	sIra	sīra	sī́ra	1	sīrá	2	Cologne (RV)
GRA	sOmya	saumya	saumyá	2	saúmya	1	Cologne (RV)
MW	sTiti	sthiti	sthití	2	sthíti	1	Cologne (MW)
GRA	sUti	sūti	sū́ti	1	sūtí	2	Cologne (RV)
MW	saMjayat	saṃjayat	saṃjayát	3	saṃjáyat	2	Cologne (MW)
GRA	saMvarga	saṃvarga	saṃvargá	3	saṃvárga	2	Cologne (RV)
GRA	satIna	satīna	satīná	3	sátīná	1/3	Cologne (RV)
MW	suSloka	suśloka	suślóka	2	súśloka	1	Cologne (MW)
GRA	svara	svara	svára	1	svará	2	Cologne (RV)
GRA	tfpti	tṛpti	tṛptí	2	tṛ́pti	1	Cologne (RV)
MW	tila	tila	tilá	2	tíla	1	Cologne (MW)
GRA	udita	udita	údita	1	uditá	3	Cologne (RV)
GRA	ulbaRa	ulbaṇa	ulbáṇa	2	ulbaṇá	3	Cologne (RV)
GRA	vanaspati	vanaspati	vanaspáti	3	vánaspáti	1/3	Cologne (RV)
MW	varI	varī	varī́	2	várī	1	Cologne (MW)
GRA	viBUti	vibhūti	vibhūtí	3	víbhūti	1	Cologne (RV)
GRA	yAtf	yātṛ	yā́tṛ	1	yātṛ́	2	Cologne (RV)
MW	yahu	yahu	yahú	2	yáhu	1	Cologne (MW)
GRA	yakft	yakṛt	yákṛt	1	yakṛ́t	2	Cologne (RV)
GRA	yuvati	yuvati	yuváti	2	yuvatí	3	Cologne (RV)
