id	k1	hom	stratum	rule	agent_verdict	pwg_members	index_members	vs_index_class	length_bucket	freq_bucket	freq_count	L_id	pwg_source_paren	mw_k2_raw
KagaSatru	KagaSatru		granularity_ic_vs_full_decomposition	granularity_ic_vs_full_decomposition	unresolved	Kaga + Satru	Ka + ga + Satru	member_count_diff	medium(9-10)	no_dcs_freq		20765	({#Kaga#} + {#Satru#})	Ka—ga—Satru
zawtilin	zawtilin		pwg_lexeme_vs_mw_suffixed_tail	pwg_lexeme_vs_mw_suffixed_tail	pwg_members-right	zaz + tila	zaw + tilin	same_count_diff_split	short(<=8)	no_dcs_freq		102436	(von {#zaz#} + {#tila#})	zaw—tilin
janArRava	janArRava		mw_cut_leaves_nonword	mw_cut_leaves_nonword	pwg_members-right	jana + arRava	ja + nArRava	same_count_diff_split	medium(9-10)	low(1-2)	1	26546	({#jana#} + {#arRava#})	ja—nArRava
kuRipadI	kuRipadI		mw_cut_leaves_nonword	mw_cut_leaves_nonword	pwg_members-right	kuRi + pAd	kuRi + padI	same_count_diff_split	short(<=8)	no_dcs_freq		17618	({#kuRi#} + {#pAd#} {%Fuss%})	kuRi—padI
saMDyABra	saMDyABra		mw_cut_absorbs_initial_vowel	mw_cut_absorbs_initial_vowel	pwg_members-right	saMDyA + aBra	saMDyA + Bra	same_count_diff_split	medium(9-10)	low(1-2)	2	104777	({#saMDyA#} + {#aBra#})	saM-DyA—Bra
mfdUBAva	mfdUBAva		cut_moved_both_readings_lexical	cut_moved_both_readings_lexical	unresolved	mfdU + BU	mfdU + BAva	same_count_diff_split	short(<=8)	no_dcs_freq		61741	(von {#mfdU#} + <hom>1.</hom> {#BU#})	mfdU—BAva
citravallika	citravallika		pwg_lexeme_vs_mw_suffixed_tail	pwg_lexeme_vs_mw_suffixed_tail	pwg_members-right	citra + valli	citra + vallika	same_count_diff_split	long(>=11)	low(1-2)	1	25497	({#citra#} + {#valli#})	citra—vallika
tridivOkas	tridivOkas		cut_moved_both_readings_lexical	cut_moved_both_readings_lexical	unresolved	tridiva + okas	tri + divOkas	same_count_diff_split	medium(9-10)	high(>=10)	34	30971	({#tridiva#} + {#okas#})	tri—divOkas
tridiveSa	tridiveSa		residual-undersized	cut_moved_neither_reading_lexical	unresolved	tridiva + iSa	tri + diveSa	same_count_diff_split	medium(9-10)	no_dcs_freq		30968	({#tridiva#} + {#iSa#})	tri—diveSa
antarIpa	antarIpa		mw_cut_leaves_nonword	mw_cut_leaves_nonword	pwg_members-right	antar + ap	antar + Ipa	same_count_diff_split	short(<=8)	low(1-2)	1	3306	(von {#antar#} + {#ap#} {%Wasser%})	antar—Ipa
naradevadeva	naradevadeva		granularity_ic_vs_full_decomposition	granularity_ic_vs_full_decomposition	unresolved	naradeva + deva	nara + deva + deva	member_count_diff	long(>=11)	no_dcs_freq		37792	({#naradeva#} + {#deva#})	nara—deva—deva
puMDvaja	puMDvaja		cut_moved_both_readings_lexical	cut_moved_both_readings_lexical	unresolved	pumaMs + Dvaja	puM + Dvaja	same_count_diff_split	short(<=8)	no_dcs_freq		45942	({#pumaMs#} + {#Dvaja#})	puM—Dvaja
BadraMkara	BadraMkara		mw_anusvara_right_of_boundary	mw_anusvara_right_of_boundary	pwg_members-right	Badram + kara	Badra + Mkara	same_count_diff_split	medium(9-10)	high(>=10)	22	53991	({#Badram#}, <ab>acc.</ab> von {#Badra#}, + <hom>1.</hom> {#kara#})	Badra—M-kara
balAtkfta	balAtkfta		cut_moved_both_readings_lexical	cut_moved_both_readings_lexical	unresolved	balAt + kar	balAt + kfta	same_count_diff_split	medium(9-10)	high(>=10)	21	51963	(von {#balAt#} + <hom>1.</hom> {#kar#})	balAt—kfta
ekahaMsa	ekahaMsa		residual-undersized	pwg_member_typo_in_source	index_members-right	eka + hasaM	eka + haMsa	same_count_diff_split	short(<=8)	low(1-2)	1	13401	({#eka#} + {#hasaM#})	eka—haMsa/
kiraRamAlin	kiraRamAlin		pwg_lexeme_vs_mw_suffixed_tail	pwg_lexeme_vs_mw_suffixed_tail	pwg_members-right	kiraRa + mAlA	kiraRa + mAlin	same_count_diff_split	long(>=11)	no_dcs_freq		17264	({#kiraRa#} {%Lichtstrahl%} + {#mAlA#} {%Kranz%})	kiraRa—mAlin
gartAruh	gartAruh		mw_cut_absorbs_initial_vowel	mw_cut_absorbs_initial_vowel	pwg_members-right	garta + Aruh	gartA + ruh	same_count_diff_split	short(<=8)	no_dcs_freq		21912	(<hom>1.</hom> {#garta#} + {#Aruh#})	gartA—ru/h
cicCuka	cicCuka		mw_cut_leaves_nonword	mw_cut_leaves_nonword	pwg_members-right	cit + Suka	cic + Cuka	same_count_diff_split	short(<=8)	no_dcs_freq		25349	(<hom>5.</hom> {#cit#} + {#Suka#} {%Papagei%})	cic—Cuka
muzwiMDama	muzwiMDama		mw_anusvara_right_of_boundary	mw_anusvara_right_of_boundary	pwg_members-right	muzwim + Dama	muzwi + MDama	same_count_diff_split	medium(9-10)	no_dcs_freq		61131	({#muzwim#}, <ab>acc.</ab> von {#muzwi#}, + {#Dama#})	muzwi—M-Dama
avaraspara	avaraspara		residual-undersized	pwg_cut_leaves_nonword	index_members-right	avaras + para	avara + spara	same_count_diff_split	medium(9-10)	no_dcs_freq		6509	"({#avaras#}, <ab>nom.</ab> von {#avara#}, + {#para#}; <ls n=""Padapāṭha"">padap.</ls>: {#avara'para#})"	avara—s-para/
maRipuzpaka	maRipuzpaka		pwg_lexeme_vs_mw_suffixed_tail	pwg_lexeme_vs_mw_suffixed_tail	pwg_members-right	maRi + puzpa	maRi + puzpaka	same_count_diff_split	long(>=11)	low(1-2)	2	56437	(von {#maRi#} + {#puzpa#})	maRi—puzpaka
gopaticApa	gopaticApa		granularity_ic_vs_full_decomposition	granularity_ic_vs_full_decomposition	unresolved	gopati + cApa	go + pati + cApa	member_count_diff	medium(9-10)	no_dcs_freq		23173	({#gopati#} <is>Indra</is> + {#cApa#})	go—pati—cApa
akzAralavaRa	akzAralavaRa		residual-undersized	privative_scope_disputed	unresolved	a + kzAralavaRa	akzAra + lavaRa	same_count_diff_split	long(>=11)	no_dcs_freq		234	(<hom>3.</hom> {#a#} + {#kzAralavaRa#} [{#kzAra#} + {#lavaRa#}])	a-kzAra—lavaRa
viprarzi	viprarzi		mw_cut_leaves_nonword	mw_cut_leaves_nonword	pwg_members-right	vipra + fzi	vipra + rzi	same_count_diff_split	short(<=8)	high(>=10)	65	92332	({#vipra#} + {#fzi#})	vipra—rzi
Kagapati	Kagapati		granularity_ic_vs_full_decomposition	granularity_ic_vs_full_decomposition	unresolved	Kaga + pati	Ka + ga + pati	member_count_diff	short(<=8)	no_dcs_freq		20760	({#Kaga#} + {#pati#})	Ka—ga—pati
suvfkti~~h1	suvfkti	1	cut_moved_both_readings_lexical	cut_moved_both_readings_lexical	unresolved	su + fkti	su + vfkti	same_count_diff_split	short(<=8)	high(>=10)	49	111647	(<hom>6.</hom> {#su#} + {#fkti#} von {#arc#}; <ab>vgl.</ab> {#suvita#})	su—vfkti/
pratikAmya	pratikAmya		pwg_lexeme_vs_mw_suffixed_tail	pwg_lexeme_vs_mw_suffixed_tail	pwg_members-right	prati + kAma	prati + kAmya	same_count_diff_split	medium(9-10)	mid(3-9)	4	48139	(von <hom>1.</hom> {#prati#} + {#kAma#})	prati—kAmya^
karIzaMkaza	karIzaMkaza		mw_anusvara_right_of_boundary	mw_anusvara_right_of_boundary	pwg_members-right	karIzam + kaza	karIza + Mkaza	same_count_diff_split	long(>=11)	no_dcs_freq		15235	({#karIzam#}, <ab>acc.</ab> von {#karIza#}, + {#kaza#})	karIza—M-kaza
akfzwapacya	akfzwapacya		residual-undersized	privative_scope_disputed	unresolved	a + kfzwapacya	akfzwa + pacya	same_count_diff_split	long(>=11)	mid(3-9)	3	139	(<hom>3.</hom> {#a#} + {#kfzwapacya#})	a-kfzwa—pacya/
daMzwrAyuDa	daMzwrAyuDa		mw_cut_absorbs_initial_vowel	mw_cut_absorbs_initial_vowel	pwg_members-right	daMzwrA + AyuDa	daMzwrA + yuDa	same_count_diff_split	long(>=11)	no_dcs_freq		31581	({#daMzwrA#} + {#AyuDa#})	daMzwrA—yuDa
nfzadana	nfzadana		mw_cut_leaves_nonword	mw_cut_leaves_nonword	pwg_members-right	nar + sadana	nf + zadana	same_count_diff_split	short(<=8)	mid(3-9)	6	40746	(<hom>1.</hom> {#nar#} + {#sadana#})	nf—za/dana
sacCAstra	sacCAstra		mw_cut_leaves_nonword	mw_cut_leaves_nonword	pwg_members-right	sant + SAstra	sac + CAstra	same_count_diff_split	medium(9-10)	no_dcs_freq		103744	({#sant#} + {#SAstra#})	sac—CAstra
kanyAwa	kanyAwa		mw_cut_absorbs_initial_vowel	mw_cut_absorbs_initial_vowel	pwg_members-right	kanyA + Awa	kanyA + wa	same_count_diff_split	short(<=8)	no_dcs_freq		14813	({#kanyA#} + {#Awa#} von {#aw#})	kanyA—wa
kurukandaka	kurukandaka		pwg_lexeme_vs_mw_suffixed_tail	pwg_lexeme_vs_mw_suffixed_tail	pwg_members-right	kuru + kanda	kuru + kandaka	same_count_diff_split	long(>=11)	no_dcs_freq		17978	({#kuru#} + {#kanda#})	kuru—kandaka
plavaMga	plavaMga		mw_anusvara_right_of_boundary	mw_anusvara_right_of_boundary	pwg_members-right	plavam + ga	plava + Mga	same_count_diff_split	short(<=8)	high(>=10)	23	51330	({#plavam#}, <ab>acc.</ab> von {#plava#} + <hom>1.</hom> {#ga#})	plava—M-ga
tadDita	tadDita		cut_moved_both_readings_lexical	cut_moved_both_readings_lexical	unresolved	tad + hita	tad + Dita	same_count_diff_split	short(<=8)	high(>=10)	29	28539	({#tad#} + {#hita#})	tad—Dita
saSiraska	saSiraska		pwg_lexeme_vs_mw_suffixed_tail	pwg_lexeme_vs_mw_suffixed_tail	pwg_members-right	sa + Siras	sa + Siraska	same_count_diff_split	medium(9-10)	mid(3-9)	6	107408	(von <hom>2.</hom> {#sa#} + {#Siras#})	sa—Siraska
paYcavArzika	paYcavArzika		cut_moved_both_readings_lexical	cut_moved_both_readings_lexical	unresolved	paYcan + varza	paYca + vArzika	same_count_diff_split	long(>=11)	no_dcs_freq		41501	(von {#paYcan#} + {#varza#})	paYca—vArzika
trilohaka	trilohaka		pwg_lexeme_vs_mw_suffixed_tail	pwg_lexeme_vs_mw_suffixed_tail	pwg_members-right	tri + loha	tri + lohaka	same_count_diff_split	medium(9-10)	low(1-2)	2	31113	({#tri#} + {#loha#})	tri—lohaka
dASavAja	dASavAja		cut_moved_both_readings_lexical	cut_moved_both_readings_lexical	unresolved	daSan + vAja	dASa + vAja	same_count_diff_split	short(<=8)	no_dcs_freq		32726	(von {#daSan#} + {#vAja#})	dASa—vAja
divaMgama	divaMgama		mw_anusvara_right_of_boundary	mw_anusvara_right_of_boundary	pwg_members-right	divam + gama	diva + Mgama	same_count_diff_split	medium(9-10)	low(1-2)	2	32942	({#divam#}, <ab>acc.</ab> von <hom>3.</hom> {#div#}, + {#gama#})	diva—M-gama
utpalaBedyaka	utpalaBedyaka		pwg_lexeme_vs_mw_suffixed_tail	pwg_lexeme_vs_mw_suffixed_tail	pwg_members-right	utpala + Bedya	utpala + Bedyaka	same_count_diff_split	long(>=11)	low(1-2)	2	11044	(von {#utpala#} + {#Bedya#})	ut-pala—Bedyaka
bfhacCloka	bfhacCloka		mw_cut_leaves_nonword	mw_cut_leaves_nonword	pwg_members-right	bfhant + Sloka	bfhac + Cloka	same_count_diff_split	medium(9-10)	no_dcs_freq		53004	({#bfhant#} + {#Sloka#})	bfhac—Cloka
suganDAQya	suganDAQya		cut_moved_both_readings_lexical	cut_moved_both_readings_lexical	unresolved	suganDa + AQya	su + ganDAQya	same_count_diff_split	medium(9-10)	no_dcs_freq		109998	(<hom>1.</hom> {#suganDa#} + {#AQya#})	su—ganDAQya
niSAwa	niSAwa		mw_cut_absorbs_initial_vowel	mw_cut_absorbs_initial_vowel	pwg_members-right	niSA + awa	niSA + wa	same_count_diff_split	short(<=8)	low(1-2)	1	39883	({#niSA#} + {#awa#})	niSA—wa
vyasTaka	vyasTaka		pwg_lexeme_vs_mw_suffixed_tail	pwg_lexeme_vs_mw_suffixed_tail	pwg_members-right	vi + asTan	vy + asTaka	same_count_diff_split	short(<=8)	no_dcs_freq		96459	(<hom>2.</hom> {#vi#} + {#asTan#})	vy—asTaka
yaTArha	yaTArha		mw_cut_absorbs_initial_vowel	mw_cut_absorbs_initial_vowel	pwg_members-right	yaTA + arha	yaTA + rha	same_count_diff_split	short(<=8)	high(>=10)	122	81336	({#yaTA#} + {#arha#})	yaTA—rha
gaReSa	gaReSa		mw_cut_leaves_nonword	mw_cut_leaves_nonword	pwg_members-right	gaRa + ISa	ga + ReSa	same_count_diff_split	short(<=8)	high(>=10)	74	21530	({#gaRa#} + {#ISa#})	ga—ReSa
mahAja~~h1	mahAja	1	mw_cut_absorbs_initial_vowel	mw_cut_absorbs_initial_vowel	pwg_members-right	mahA + aja	mahA + ja	same_count_diff_split	short(<=8)	no_dcs_freq		58434	({#mahA#} + <hom>1.</hom> {#aja#})	mahA—ja
suptANgatA	suptANgatA		cut_moved_both_readings_lexical	cut_moved_both_readings_lexical	unresolved	supta + aNga	suptANga + tA	same_count_diff_split	medium(9-10)	no_dcs_freq		110674	(von {#supta#} + {#aNga#})	suptANga—tA
gaveza	gaveza		cut_moved_both_readings_lexical	cut_moved_both_readings_lexical	unresolved	go + eza	gav + eza	same_count_diff_split	short(<=8)	no_dcs_freq		22141	({#go#} + <hom>2.</hom> {#eza#} oder von {#gavez#})	gav—eza
paramarzi	paramarzi		mw_cut_leaves_nonword	mw_cut_leaves_nonword	pwg_members-right	parama + fzi	parama + rzi	same_count_diff_split	medium(9-10)	no_dcs_freq		42403	({#parama#} + {#fzi#})	parama—rzi
gotraBid	gotraBid		granularity_ic_vs_full_decomposition	granularity_ic_vs_full_decomposition	unresolved	gotra + Bid	go + tra + Bid	member_count_diff	short(<=8)	mid(3-9)	8	23102	({#gotra#} + {#Bid#})	go—tra—Bi/d
sUryarkza	sUryarkza		mw_cut_leaves_nonword	mw_cut_leaves_nonword	pwg_members-right	sUrya + fkza	sUrya + rkza	same_count_diff_split	medium(9-10)	no_dcs_freq		112396	({#sUrya#} + {#fkza#})	sUrya—rkza
mahAja~~h2	mahAja	2	mw_cut_absorbs_initial_vowel	mw_cut_absorbs_initial_vowel	pwg_members-right	mahA + aja	mahA + ja	same_count_diff_split	short(<=8)	no_dcs_freq		58434	({#mahA#} + <hom>1.</hom> {#aja#})	mahA—ja
tejohvA	tejohvA		mw_cut_absorbs_initial_vowel	mw_cut_absorbs_initial_vowel	pwg_members-right	tejas + AhvA	tejo + hvA	same_count_diff_split	short(<=8)	mid(3-9)	4	30506	({#tejas#} + {#AhvA#})	tejo—'hvA
KeSaya	KeSaya		cut_moved_both_readings_lexical	cut_moved_both_readings_lexical	unresolved	Ka + Saya	Ke + Saya	same_count_diff_split	short(<=8)	no_dcs_freq		21288	({#Ka#}, <ab>loc.</ab> von {#Ka#}, + {#Saya#})	Ke—Saya
aRqakawAha	aRqakawAha		residual-undersized	pwg_member_typo_in_source	index_members-right	aRqa + awAha	aRqa + kawAha	same_count_diff_split	medium(9-10)	no_dcs_freq		1171	({#aRqa#} + {#awAha#})	aRqa—kawAha
nfpaMjaya	nfpaMjaya		mw_anusvara_right_of_boundary	mw_anusvara_right_of_boundary	pwg_members-right	nfpam + jaya	nfpa + Mjaya	same_count_diff_split	medium(9-10)	mid(3-9)	4	40669	({#nfpam#}, <ab>acc.</ab> von {#nfpa#}, + {#jaya#})	nf-pa—M-jaya
grAvastotrIya	grAvastotrIya		pwg_lexeme_vs_mw_suffixed_tail	pwg_lexeme_vs_mw_suffixed_tail	pwg_members-right	grAvan + stotra	grAva + stotrIya	same_count_diff_split	long(>=11)	low(1-2)	2	23816	(von {#grAvan#} + {#stotra#})	grAva—stotrIya
mahArTa~~h2	mahArTa	2	mw_cut_absorbs_initial_vowel	mw_cut_absorbs_initial_vowel	pwg_members-right	mahA + arTa	mahA + rTa	same_count_diff_split	short(<=8)	high(>=10)	18	58910	({#mahA#} + {#arTa#})	mahA—rTa
sarvaDarmamaya	sarvaDarmamaya		residual-undersized	mw_splits_derivational_suffix	pwg_members-right	sarva + Darma	sarva + Darma + maya	member_count_diff	long(>=11)	no_dcs_freq		106842	(von {#sarva#} + {#Darma#})	sarva—Darma—maya
GawiMDaya	GawiMDaya		mw_anusvara_right_of_boundary	mw_anusvara_right_of_boundary	pwg_members-right	Gawim + Daya	Gawi + MDaya	same_count_diff_split	medium(9-10)	no_dcs_freq		23908	({#Gawim#} + {#Daya#})	Gawi—M-Daya
nfpAla	nfpAla		cut_moved_both_readings_lexical	cut_moved_both_readings_lexical	unresolved	nar + pAla	nf + pAla	same_count_diff_split	short(<=8)	low(1-2)	2	40701	(<hom>1.</hom> {#nar#} + {#pAla#})	nf—pAla
taporTIya	taporTIya		mw_cut_leaves_nonword	mw_cut_leaves_nonword	pwg_members-right	tapas + arTa	tapo + rTIya	same_count_diff_split	medium(9-10)	no_dcs_freq		74853	(von {#tapas#} + {#arTa#})	tapo—'rTIya
SaradDrada	SaradDrada		mw_cut_leaves_nonword	mw_cut_leaves_nonword	pwg_members-right	Sarad + hrada	Sarad + Drada	same_count_diff_split	medium(9-10)	no_dcs_freq		98082	({#Sarad#} + {#hrada#})	Sarad—Drada
parohu	parohu		mw_cut_absorbs_initial_vowel	mw_cut_absorbs_initial_vowel	pwg_members-right	paras + aMhu	paro + hu	same_count_diff_split	short(<=8)	no_dcs_freq		43387	({#paras#} + {#aMhu#})	paro—'hu
GawiMDama	GawiMDama		mw_anusvara_right_of_boundary	mw_anusvara_right_of_boundary	pwg_members-right	Gawim + Dama	Gawi + MDama	same_count_diff_split	medium(9-10)	no_dcs_freq		23907	({#Gawim#} = {#GawIm#}, <ab>acc.</ab> von {#GawI#}, + {#Dama#})	Gawi—M-Dama
nfmeGa	nfmeGa		cut_moved_both_readings_lexical	cut_moved_both_readings_lexical	unresolved	nar + meGa	nf + meGa	same_count_diff_split	short(<=8)	no_dcs_freq		40724	(<hom>1.</hom> {#nar#} + {#meGa#})	nf—meGa
mahANga	mahANga		mw_cut_absorbs_initial_vowel	mw_cut_absorbs_initial_vowel	pwg_members-right	mahA + aNga	mahA + Nga	same_count_diff_split	short(<=8)	mid(3-9)	7	58412	({#mahA#} + <hom>3.</hom> {#aNga#})	mahA—Nga
kiMnAmaka	kiMnAmaka		pwg_lexeme_vs_mw_suffixed_tail	pwg_lexeme_vs_mw_suffixed_tail	pwg_members-right	kim + nAman	kiM + nAmaka	same_count_diff_split	medium(9-10)	no_dcs_freq		70731	(von {#kim#} + {#nAman#})	kiM—nAmaka
vinAsaka	vinAsaka		pwg_lexeme_vs_mw_suffixed_tail	pwg_lexeme_vs_mw_suffixed_tail	pwg_members-right	vi + nAsA	vi + nAsaka	same_count_diff_split	short(<=8)	no_dcs_freq		92019	(von <hom>2.</hom> {#vi#} + {#nAsA#})	vi—nAsaka
nAganAmaka	nAganAmaka		pwg_lexeme_vs_mw_suffixed_tail	pwg_lexeme_vs_mw_suffixed_tail	pwg_members-right	nAga + nAman	nAga + nAmaka	same_count_diff_split	medium(9-10)	no_dcs_freq		38162	(<hom>1.</hom> {#nAga#} + {#nAman#})	nAga—nAmaka
pakzacCid	pakzacCid		mw_cut_leaves_nonword	mw_cut_leaves_nonword	pwg_members-right	pakza + Cid	pakza + cCid	same_count_diff_split	medium(9-10)	low(1-2)	1	41196	({#pakza#} + {#Cid#})	pakza—cCid
turaMgAri	turaMgAri		mw_cut_leaves_nonword	mw_cut_leaves_nonword	pwg_members-right	turaMga + ari	tura + MgAri	same_count_diff_split	medium(9-10)	no_dcs_freq		30074	({#turaMga#} + {#ari#})	tura—M-gAri
paYcavAtIya	paYcavAtIya		pwg_lexeme_vs_mw_suffixed_tail	pwg_lexeme_vs_mw_suffixed_tail	pwg_members-right	paYcan + vAta	paYca + vAtIya	same_count_diff_split	long(>=11)	no_dcs_freq		41500	(von {#paYcan#} + {#vAta#})	paYca—vAtI/ya
nizkriyAtmatA	nizkriyAtmatA		mw_cut_leaves_nonword	mw_cut_leaves_nonword	pwg_members-right	nizkriya + Atman	niz + kriyAtmatA	same_count_diff_split	long(>=11)	no_dcs_freq		40128	(von {#nizkriya#} + {#Atman#})	niz—kriyAtma-tA
gomBas	gomBas		mw_cut_absorbs_initial_vowel	mw_cut_absorbs_initial_vowel	pwg_members-right	go + amBas	go + mBas	same_count_diff_split	short(<=8)	no_dcs_freq		23292	({#go#} + {#amBas#})	go—'mBas
nfsoma	nfsoma		cut_moved_both_readings_lexical	cut_moved_both_readings_lexical	unresolved	nar + soma	nf + soma	same_count_diff_split	short(<=8)	no_dcs_freq		40765	(<hom>1.</hom> {#nar#} + {#soma#})	nf—soma
sudinAha	sudinAha		mw_cut_leaves_nonword	mw_cut_leaves_nonword	pwg_members-right	sudina + aha	su + dinAha	same_count_diff_split	short(<=8)	no_dcs_freq		110280	({#sudina#} + {#aha#} = {#ahan#} {%Tag%})	su—dinAha
kugaRin	kugaRin		pwg_lexeme_vs_mw_suffixed_tail	pwg_lexeme_vs_mw_suffixed_tail	pwg_members-right	ku + gaRa	ku + gaRin	same_count_diff_split	short(<=8)	no_dcs_freq		17462	(<hom>1.</hom> {#ku#} + {#gaRa#})	ku—gaRin
tripacCas	tripacCas		cut_moved_both_readings_lexical	cut_moved_both_readings_lexical	unresolved	tri + pad	tri + pacCas	same_count_diff_split	medium(9-10)	no_dcs_freq		30997	(von {#tri#} + {#pad#})	tri—pacCas
dviDAkAra	dviDAkAra		mw_cut_leaves_nonword	mw_cut_leaves_nonword	pwg_members-right	dviDA + AkAra	dvi + DAkAra	same_count_diff_split	medium(9-10)	no_dcs_freq		35724	({#dviDA#} + {#AkAra#})	dvi—DAkAra
kzemaMkara	kzemaMkara		mw_anusvara_right_of_boundary	mw_anusvara_right_of_boundary	pwg_members-right	kzemam + kara	kzema + Mkara	same_count_diff_split	medium(9-10)	high(>=10)	18	20645	({#kzemam#}, <ab>acc.</ab> von {#kzema#}, + <hom>1.</hom> {#kara#})	kzema—M-kara
anyarAzwrIya	anyarAzwrIya		pwg_lexeme_vs_mw_suffixed_tail	pwg_lexeme_vs_mw_suffixed_tail	pwg_members-right	anya + rAzwra	anya + rAzwrIya	same_count_diff_split	long(>=11)	no_dcs_freq		3581	(von {#anya#} + {#rAzwra#})	anya—rAzwrI/ya
savfzwika	savfzwika		pwg_lexeme_vs_mw_suffixed_tail	pwg_lexeme_vs_mw_suffixed_tail	pwg_members-right	sa + vfzwi	sa + vfzwika	same_count_diff_split	medium(9-10)	no_dcs_freq		107370	(von <hom>2.</hom> {#sa#} + {#vfzwi#})	sa—vfzwika
mahArGa	mahArGa		mw_cut_absorbs_initial_vowel	mw_cut_absorbs_initial_vowel	pwg_members-right	mahA + arGa	mahA + rGa	same_count_diff_split	short(<=8)	mid(3-9)	8	58905	({#mahA#} + {#arGa#})	mahA—rGa
gavezin	gavezin		cut_moved_both_readings_lexical	cut_moved_both_readings_lexical	unresolved	go + ezin	gav + ezin	same_count_diff_split	short(<=8)	high(>=10)	11	22144	({#go#} + {#ezin#})	gav—ezin
pretagfha	pretagfha		residual-undersized	pwg_member_typo_in_source	index_members-right	prata + gfha	preta + gfha	same_count_diff_split	medium(9-10)	no_dcs_freq		51141	({#prata#} + {#gfha#})	preta—gfha
tArAvalI	tArAvalI		mw_cut_absorbs_initial_vowel	mw_cut_absorbs_initial_vowel	pwg_members-right	tArA + AvalI	tArA + valI	same_count_diff_split	short(<=8)	mid(3-9)	7	29410	({#tArA#} + {#AvalI#})	tArA—valI
AsyaMDaya	AsyaMDaya		mw_anusvara_right_of_boundary	mw_anusvara_right_of_boundary	pwg_members-right	Asyam + Daya	Asya + MDaya	same_count_diff_split	medium(9-10)	no_dcs_freq		9840	({#Asyam#}, <ab>acc.</ab> von {#Asya#}, + {#Daya#})	Asya—M-Daya
yatodBava	yatodBava		mw_cut_absorbs_initial_vowel	mw_cut_absorbs_initial_vowel	pwg_members-right	yatas + udBava	yato + dBava	same_count_diff_split	medium(9-10)	no_dcs_freq		81132	({#yatas#} + {#udBava#})	yato—dBava
dakziRAvft	dakziRAvft		mw_cut_absorbs_initial_vowel	mw_cut_absorbs_initial_vowel	pwg_members-right	dakziRA + Avft	dakziRA + vft	same_count_diff_split	medium(9-10)	low(1-2)	1	31670	({#dakziRA#} <lex>adv.</lex> + {#Avft#})	dakziRA—vf/t
vidikcaNga	vidikcaNga		granularity_ic_vs_full_decomposition	granularity_ic_vs_full_decomposition	unresolved	vidiS + caNga	vi + dik + caNga	member_count_diff	medium(9-10)	no_dcs_freq		91638	({#vidiS#} + {#caNga#})	vi—dik—caNga
tamontakft	tamontakft		mw_cut_absorbs_initial_vowel	mw_cut_absorbs_initial_vowel	pwg_members-right	tamas + antakft	tamo + ntakft	same_count_diff_split	medium(9-10)	no_dcs_freq		28850	({#tamas#} + {#antakft#})	tamo—'nta-kft
SAlInIkaraRa	SAlInIkaraRa		cut_moved_both_readings_lexical	cut_moved_both_readings_lexical	unresolved	SAlIna + kar	SAlInI + karaRa	same_count_diff_split	long(>=11)	no_dcs_freq		99082	(von {#SAlIna#} + <hom>1.</hom> {#kar#})	SAlInI—karaRa
maDuzWIla	maDuzWIla		mw_cut_leaves_nonword	mw_cut_leaves_nonword	pwg_members-right	maDu + azWIlA	maDu + zWIla	same_count_diff_split	medium(9-10)	mid(3-9)	3	57084	(wohl {#maDu#} + {#azWIlA#})	maDu—zWIla
palaMkara	palaMkara		mw_anusvara_right_of_boundary	mw_anusvara_right_of_boundary	pwg_members-right	palam + kara	pala + Mkara	same_count_diff_split	medium(9-10)	no_dcs_freq		43663	({#palam#}, <ab>acc.</ab> von {#pala#} {%Fleisch%}, + <hom>1.</hom> {#kara#} {%machend%})	pala—M-kara
viDarmin	viDarmin		pwg_lexeme_vs_mw_suffixed_tail	pwg_lexeme_vs_mw_suffixed_tail	pwg_members-right	vi + Darma	vi + Darmin	same_count_diff_split	short(<=8)	low(1-2)	2	91858	(von <hom>2.</hom> {#vi#} + {#Darma#})	vi—Darmin
ariMdama	ariMdama		mw_anusvara_right_of_boundary	mw_anusvara_right_of_boundary	pwg_members-right	arim + dama	ari + Mdama	same_count_diff_split	short(<=8)	high(>=10)	467	5669	({#arim#}, <ab>acc.</ab> von <hom>2.</hom> {#ari#}, + {#dama#})	a-ri—M-dama
jalaMDara	jalaMDara		mw_anusvara_right_of_boundary	mw_anusvara_right_of_boundary	pwg_members-right	jalam + Dara	jala + MDara	same_count_diff_split	medium(9-10)	high(>=10)	19	26924	({#jalam#} + {#Dara#})	jala—M-Dara
gotrakIlA	gotrakIlA		granularity_ic_vs_full_decomposition	granularity_ic_vs_full_decomposition	unresolved	gotra + kIla	go + tra + kIlA	member_count_diff	medium(9-10)	no_dcs_freq		23098	({#gotra#} {%Berg%} + {#kIla#})	go—tra—kIlA
adfptakratu	adfptakratu		residual-undersized	pwg_member_typo_in_source	index_members-right	adfpta + ktatu	adfpta + kratu	same_count_diff_split	long(>=11)	no_dcs_freq		1736	({#adfpta#} + {#ktatu#})	a/dfpta—kratu
nirupADika	nirupADika		pwg_lexeme_vs_mw_suffixed_tail	pwg_lexeme_vs_mw_suffixed_tail	pwg_members-right	nis + upADi	nir + upADika	same_count_diff_split	medium(9-10)	low(1-2)	1	39351	({#nis#} + <hom>1.</hom> {#upADi#})	nir—upADika
dvizaMtapa	dvizaMtapa		mw_anusvara_right_of_boundary	mw_anusvara_right_of_boundary	pwg_members-right	dvizam + tapa	dviza + Mtapa	same_count_diff_split	medium(9-10)	no_dcs_freq		35853	({#dvizam#}, <ab>acc.</ab> von <hom>2.</hom> {#dviz#}, + {#tapa#})	dviza—M-tapa
mahAnasa	mahAnasa		cut_moved_both_readings_lexical	cut_moved_both_readings_lexical	unresolved	mahA + anas	mahA + nasa	same_count_diff_split	short(<=8)	high(>=10)	49	58556	({#mahA#} + {#anas#})	mahA—nasa
dvyAtmaka	dvyAtmaka		pwg_lexeme_vs_mw_suffixed_tail	pwg_lexeme_vs_mw_suffixed_tail	pwg_members-right	dvi + Atman	dvy + Atmaka	same_count_diff_split	medium(9-10)	no_dcs_freq		35983	(von {#dvi#} + {#Atman#})	dvy—Atmaka
jalaDijA	jalaDijA		granularity_ic_vs_full_decomposition	granularity_ic_vs_full_decomposition	unresolved	jalaDi + jA	jala + Di + jA	member_count_diff	short(<=8)	no_dcs_freq		26916	({#jalaDi#} + {#jA#} von {#ja#})	jala—Di—jA
puMKyAna	puMKyAna		cut_moved_both_readings_lexical	cut_moved_both_readings_lexical	unresolved	pumaMs + KyAna	puM + KyAna	same_count_diff_split	short(<=8)	no_dcs_freq		45651	({#pumaMs#} + {#KyAna#})	puM—KyAna
nAnAkAra	nAnAkAra		mw_cut_absorbs_initial_vowel	mw_cut_absorbs_initial_vowel	pwg_members-right	nAnA + AkAra	nAnA + kAra	same_count_diff_split	short(<=8)	no_dcs_freq		38371	({#nAnA#} + {#AkAra#})	nAnA—kAra
vAwamUla	vAwamUla		cut_moved_both_readings_lexical	cut_moved_both_readings_lexical	unresolved	vawa + mUla	vAwa + mUla	same_count_diff_split	short(<=8)	no_dcs_freq		89592	(von {#vawa#} + {#mUla#})	vAwa—mUla
ekapatika	ekapatika		pwg_lexeme_vs_mw_suffixed_tail	pwg_lexeme_vs_mw_suffixed_tail	pwg_members-right	eka + pati	eka + patika	same_count_diff_split	medium(9-10)	no_dcs_freq		13282	(von {#eka#} + {#pati#})	eka—patika
citraSIrzaka	citraSIrzaka		pwg_lexeme_vs_mw_suffixed_tail	pwg_lexeme_vs_mw_suffixed_tail	pwg_members-right	citra + SIrza	citra + SIrzaka	same_count_diff_split	long(>=11)	low(1-2)	1	25509	({#citra#} + {#SIrza#})	citra—SIrzaka
agnihotrahut	agnihotrahut		granularity_ic_vs_full_decomposition	granularity_ic_vs_full_decomposition	unresolved	agnihotra + hut	agni + hotra + hut	member_count_diff	long(>=11)	no_dcs_freq		493	(<hom>1.</hom> {#agnihotra#} + {#hut#})	agni—hotra—hu/t
puruScandra	puruScandra		cut_moved_both_readings_lexical	cut_moved_both_readings_lexical	unresolved	puru + candra	puru + Scandra	same_count_diff_split	long(>=11)	no_dcs_freq		46156	({#puru#} + {#Sca˚#} = {#candra#})	puru—Scandra/
ananyagatika	ananyagatika		residual-undersized	pwg_cut_leaves_nonword	index_members-right	a + anyagati	ananya + gatika	same_count_diff_split	long(>=11)	no_dcs_freq		2302	(von <hom>3.</hom> {#a#} + {#anyagati#})	an-anya—gatika
SarDaMjaha	SarDaMjaha		mw_anusvara_right_of_boundary	mw_anusvara_right_of_boundary	pwg_members-right	SarDam + jaha	SarDa + Mjaha	same_count_diff_split	medium(9-10)	no_dcs_freq		98211	({#SarDam#}, <ab>acc.</ab> von <hom>2.</hom> {#SarDa#}, + {#jaha#} von {#hA#})	SarDa—M-jaha
tryuttarIBAva	tryuttarIBAva		residual-undersized	arity_differs_no_alignment	unresolved	tri + uttara + BU	try + uttarIBAva	member_count_diff	long(>=11)	no_dcs_freq		31410	({#tri#} + {#u˚#} von {#uttara#} + {#BU#})	try—uttarI-BAva
BrAzwraminDa	BrAzwraminDa		residual-undersized	cut_moved_neither_reading_lexical	unresolved	BrAzwram + inDa	BrAzwra + minDa	same_count_diff_split	long(>=11)	no_dcs_freq		56060	({#BrAzwram#}, <ab>acc.</ab> von <hom>1.</hom> {#BrAzwra#} + {#inDa#})	BrAzwra—m-inDa
parovaram	parovaram		mw_cut_absorbs_initial_vowel	mw_cut_absorbs_initial_vowel	pwg_members-right	paras + avaram	paro + varam	same_count_diff_split	medium(9-10)	no_dcs_freq		43404	({#paras#} + {#avaram#})	paro—'vara/m
jalaDigA	jalaDigA		granularity_ic_vs_full_decomposition	granularity_ic_vs_full_decomposition	unresolved	jalaDi + gA	jala + Di + gA	member_count_diff	short(<=8)	no_dcs_freq		26915	({#jalaDi#} + {#gA#} von <hom>1.</hom> {#ga#})	jala—Di—gA
pumarTa	pumarTa		cut_moved_both_readings_lexical	cut_moved_both_readings_lexical	unresolved	pumaMs + arTa	pum + arTa	same_count_diff_split	short(<=8)	mid(3-9)	3	45955	({#pumaMs#} + {#arTa#})	pum—arTa
pARqvAmaya	pARqvAmaya		residual-undersized	pwg_cut_leaves_nonword	index_members-right	pARqu + Asaya	pARqv + Amaya	same_count_diff_split	medium(9-10)	no_dcs_freq		44223	({#pARqu#} + {#Asaya#})	pARqv—Amaya
SAKAda	SAKAda		mw_cut_absorbs_initial_vowel	mw_cut_absorbs_initial_vowel	pwg_members-right	SAKA + ada	SAKA + da	same_count_diff_split	short(<=8)	low(1-2)	2	98651	({#SAKA#} + {#ada#})	SAKA—da
ciraMjIva	ciraMjIva		mw_anusvara_right_of_boundary	mw_anusvara_right_of_boundary	pwg_members-right	ciram + jIva	cira + MjIva	same_count_diff_split	medium(9-10)	no_dcs_freq		25597	({#ciram#} <lex>adv.</lex> + {#jIva#})	cira—M-jIva
mAsakAlika	mAsakAlika		pwg_lexeme_vs_mw_suffixed_tail	pwg_lexeme_vs_mw_suffixed_tail	pwg_members-right	mAsa + kAla	mAsa + kAlika	same_count_diff_split	medium(9-10)	no_dcs_freq		60260	(von <hom>1.</hom> {#mAsa#} + {#kAla#})	mAsa—kAlika
BImavikrama	BImavikrama		cut_moved_both_readings_lexical	cut_moved_both_readings_lexical	unresolved	BIma + vi	BIma + vikrama	same_count_diff_split	long(>=11)	no_dcs_freq		54974	({#BIma#} + {#vi#})	BIma—vikrama
DanadeSvara	DanadeSvara		mw_cut_leaves_nonword	mw_cut_leaves_nonword	pwg_members-right	Danada + ISvara	Dana + deSvara	same_count_diff_split	long(>=11)	no_dcs_freq		36030	({#Danada#} + {#ISvara#})	Dana—deSvara
dviradASana	dviradASana		mw_cut_leaves_nonword	mw_cut_leaves_nonword	pwg_members-right	dvirada + aSana	dvi + radASana	same_count_diff_split	long(>=11)	no_dcs_freq		35787	({#dvirada#} + {#aSana#})	dvi—radASana
padmamAlin	padmamAlin		pwg_lexeme_vs_mw_suffixed_tail	pwg_lexeme_vs_mw_suffixed_tail	pwg_members-right	padma + mAlA	padma + mAlin	same_count_diff_split	medium(9-10)	no_dcs_freq		42154	(von {#padma#} + {#mAlA#})	padma—mAlin
narendra	narendra		mw_cut_leaves_nonword	mw_cut_leaves_nonword	pwg_members-right	nara + indra	na + rendra	same_count_diff_split	short(<=8)	high(>=10)	394	37851	({#nara#} + {#indra#})	na—rendra
dOrjIvitya	dOrjIvitya		mw_cut_leaves_nonword	mw_cut_leaves_nonword	pwg_members-right	duz + jIvita	dOr + jIvitya	same_count_diff_split	medium(9-10)	low(1-2)	2	35084	(von <hom>2.</hom> {#duz#} + {#jIvita#})	dO/r—jIvitya
hetumAtramaya	hetumAtramaya		pwg_lexeme_vs_mw_suffixed_tail	pwg_lexeme_vs_mw_suffixed_tail	pwg_members-right	hetu + mAtra	hetu + mAtramaya	same_count_diff_split	long(>=11)	no_dcs_freq		117494	(von {#hetu#} + {#mAtra#})	hetu—mAtra-maya
sImAnta~~h2	sImAnta	2	residual-undersized	cut_moved_neither_reading_lexical	unresolved	sIman + anQa	sImA + nta	same_count_diff_split	short(<=8)	high(>=10)	11	109641	({#sIman#} oder {#sImA#} + {#anQa#})	sImA—nta
gajacCAyA	gajacCAyA		mw_cut_leaves_nonword	mw_cut_leaves_nonword	pwg_members-right	gaja + CAyA	gaja + cCAyA	same_count_diff_split	medium(9-10)	mid(3-9)	4	21378	({#gaja#} + {#CAyA#})	gaja—cCAyA
aDvagaBogya	aDvagaBogya		mw_cut_leaves_nonword	mw_cut_leaves_nonword	pwg_members-right	aDvaga + Bogya	aDva + gaBogya	same_count_diff_split	long(>=11)	low(1-2)	1	2171	({#aDvaga#} + {#Bogya#})	aDva—ga-Bogya
ajitakeSakambala	ajitakeSakambala		residual-undersized	granularity_pwg_finer	unresolved	ajita + keSa + kambala	ajita + keSakambala	member_count_diff	long(>=11)	no_dcs_freq		976	({#ajita#} + {#keSa#} + {#kambala#})	a-jita—keSa-kambala
triDAmUrti	triDAmUrti		granularity_ic_vs_full_decomposition	granularity_ic_vs_full_decomposition	unresolved	triDA + mUrti	tri + DA + mUrti	member_count_diff	medium(9-10)	no_dcs_freq		30980	({#triDA#} + {#mUrti#})	tri—DA—mUrti
trisItya	trisItya		pwg_lexeme_vs_mw_suffixed_tail	pwg_lexeme_vs_mw_suffixed_tail	pwg_members-right	tri + sItA	tri + sItya	same_count_diff_split	short(<=8)	low(1-2)	1	31239	(von {#tri#} + {#sItA#})	tri—sItya
janapadADipa	janapadADipa		mw_cut_leaves_nonword	mw_cut_leaves_nonword	pwg_members-right	janapada + aDipa	jana + padADipa	same_count_diff_split	long(>=11)	no_dcs_freq		26512	({#janapada#} + {#aDipa#})	jana—padADipa
kArAgAra	kArAgAra		mw_cut_absorbs_initial_vowel	mw_cut_absorbs_initial_vowel	pwg_members-right	kArA + agAra	kArA + gAra	same_count_diff_split	short(<=8)	no_dcs_freq		16585	({#kArA#} + {#agAra#})	kArA—gAra
vftiMkara	vftiMkara		mw_anusvara_right_of_boundary	mw_anusvara_right_of_boundary	pwg_members-right	vftim + kara	vfti + Mkara	same_count_diff_split	medium(9-10)	no_dcs_freq		94756	({#vftim#}, <ab>acc.</ab> von <hom>1.</hom> {#vfti#} + <hom>1.</hom> {#kara#})	vfti—M-kara
aGoraGorarUpa	aGoraGorarUpa		residual-undersized	pwg_cut_leaves_nonword	index_members-right	aGoraGora + rUpa	aGora + GorarUpa	same_count_diff_split	long(>=11)	low(1-2)	1	613	({#aGoraGora#} [{#aGora#} + {#Gora#}] + {#rUpa#})	a-Gora—Gora-rUpa
senANga	senANga		mw_cut_absorbs_initial_vowel	mw_cut_absorbs_initial_vowel	pwg_members-right	senA + aNga	senA + Nga	same_count_diff_split	short(<=8)	no_dcs_freq		112609	({#senA#} + <hom>3.</hom> {#aNga#})	senA—Nga
gozWaSva	gozWaSva		residual-undersized	mw_splits_bound_morph	pwg_members-right	gozWa + Sva	go + zWa + Sva	member_count_diff	short(<=8)	no_dcs_freq		23432	({#gozWa#} + {#Sva#} = {#Svan#})	go—zWa—Sva
aBraMliha	aBraMliha		mw_anusvara_right_of_boundary	mw_anusvara_right_of_boundary	pwg_members-right	aBram + liha	aBra + Mliha	same_count_diff_split	medium(9-10)	mid(3-9)	3	4994	({#aBram#}, <ab>acc.</ab> von {#aBra#}, + {#liha#})	aBra—M-liha
devatAtman	devatAtman		residual-undersized	pwg_layer_no_headword_paren	index_members-right	devatA + Atman	devatA + tman	same_count_diff_split	medium(9-10)	low(1-2)	2	37259		devatA—tman
sarvadevamaya	sarvadevamaya		residual-undersized	mw_splits_derivational_suffix	pwg_members-right	sarva + deva	sarva + deva + maya	member_count_diff	long(>=11)	no_dcs_freq		106825	(von {#sarva#} + {#deva#})	sarva—deva—maya
kaTAkrama	kaTAkrama		mw_cut_absorbs_initial_vowel	mw_cut_absorbs_initial_vowel	pwg_members-right	kaTA + Akrama	kaTA + krama	same_count_diff_split	medium(9-10)	no_dcs_freq		14629	({#kaTA#} + {#Akrama#})	kaTA—krama
gotravfkza	gotravfkza		granularity_ic_vs_full_decomposition	granularity_ic_vs_full_decomposition	unresolved	gotra + vfkza	go + tra + vfkza	member_count_diff	medium(9-10)	no_dcs_freq		23106	({#gotra#} + {#vfkza#})	go—tra—vfkza
kalApa	kalApa		cut_moved_both_readings_lexical	cut_moved_both_readings_lexical	unresolved	kalA + Ap	kalA + pa	same_count_diff_split	short(<=8)	high(>=10)	111	15693	({#kalA#} + {#Ap#} von {#Ap#})	kalA—pa
anDaMkaraRa	anDaMkaraRa		mw_anusvara_right_of_boundary	mw_anusvara_right_of_boundary	pwg_members-right	anDam + karaRa	anDa + MkaraRa	same_count_diff_split	long(>=11)	no_dcs_freq		3465	({#anDam#}, <ab>acc.</ab> von {#anDa#}, + {#karaRa#})	anDa—M-karaRa
viDuMtuda	viDuMtuda		mw_anusvara_right_of_boundary	mw_anusvara_right_of_boundary	pwg_members-right	viDum + tuda	viDu + Mtuda	same_count_diff_split	medium(9-10)	mid(3-9)	4	91917	({#viDum#}, <ab>acc.</ab> von {#viDu#} {%Mond%} + {#tuda#})	viDu—M-tuda
tArApIqa	tArApIqa		mw_cut_absorbs_initial_vowel	mw_cut_absorbs_initial_vowel	pwg_members-right	tArA + ApIqa	tArA + pIqa	same_count_diff_split	short(<=8)	mid(3-9)	4	29398	({#tArA#} {%Stern%} + {#ApIqa#})	tArA—pIqa
gotraBUmi	gotraBUmi		granularity_ic_vs_full_decomposition	granularity_ic_vs_full_decomposition	unresolved	gotra + BUmi	go + tra + BUmi	member_count_diff	medium(9-10)	no_dcs_freq		23103	({#gotra#} + {#BUmi#})	go—tra—BUmi
aSvamizwi	aSvamizwi		residual-undersized	cut_moved_neither_reading_lexical	unresolved	aSvam + izwi	aSva + mizwi	same_count_diff_split	medium(9-10)	low(1-2)	2	7100	({#aSvam#}, <ab>acc.</ab> von {#aSva#}, + {#izwi#})	a/Sva—m-izwi
cittadravIBAvamaya	cittadravIBAvamaya		residual-undersized	mw_splits_derivational_suffix	pwg_members-right	citta + dravIBAva	citta + dravIBAva + maya	member_count_diff	long(>=11)	no_dcs_freq		73760	(von {#citta#} + {#dravIBAva#})	citta—dravI-BAva—maya
paraMtapa	paraMtapa		mw_anusvara_right_of_boundary	mw_anusvara_right_of_boundary	pwg_members-right	param + tapa	para + Mtapa	same_count_diff_split	medium(9-10)	high(>=10)	464	42362	({#param#}, <ab>acc.</ab> von {#para#}, + {#tapa#})	para—M-tapa
tridaSANkuSa	tridaSANkuSa		mw_cut_leaves_nonword	mw_cut_leaves_nonword	pwg_members-right	tridaSa + aNkuSa	tri + daSANkuSa	same_count_diff_split	long(>=11)	no_dcs_freq		30955	({#tridaSa#} + {#aNkuSa#})	tri—daSANkuSa
BagnaprakramatA	BagnaprakramatA		residual-undersized	mw_splits_derivational_suffix	pwg_members-right	Bagna + prakrama	Bagna + prakrama + tA	member_count_diff	long(>=11)	no_dcs_freq		80061	(von {#Bagna#} + {#prakrama#})	Bagna—prakrama—tA
fksAma	fksAma		cut_moved_both_readings_lexical	cut_moved_both_readings_lexical	unresolved	fc + sAman	fk + sAma	same_count_diff_split	short(<=8)	no_dcs_freq		12922	({#fc#} + {#sAman#})	fk—sAma/
gotraja	gotraja		granularity_ic_vs_full_decomposition	granularity_ic_vs_full_decomposition	unresolved	gotra + ja	go + tra + ja	member_count_diff	short(<=8)	no_dcs_freq		23099	({#gotra#} + {#ja#})	go—tra—ja
tapoSana	tapoSana		mw_cut_absorbs_initial_vowel	mw_cut_absorbs_initial_vowel	pwg_members-right	tapas + aSana	tapo + Sana	same_count_diff_split	short(<=8)	no_dcs_freq		28790	({#tapas#} + {#aSana#})	tapo—'Sana
akzetravid	akzetravid		residual-undersized	privative_scope_disputed	unresolved	a + kzetravid	akzetra + vid	same_count_diff_split	medium(9-10)	no_dcs_freq		266	(<hom>3.</hom> {#a#} + {#kzetravid#})	a/-kzetra—vid
ekacinmaya	ekacinmaya		cut_moved_both_readings_lexical	cut_moved_both_readings_lexical	unresolved	eka + cit	eka + cinmaya	same_count_diff_split	medium(9-10)	no_dcs_freq		68849	(von {#eka#} + <hom>5.</hom> {#cit#})	eka—cin-maya
tripuramallikA	tripuramallikA		residual-undersized	arity_differs_no_alignment	unresolved	tripuwa + mallikA	tri + pura + mallikA	member_count_diff	long(>=11)	no_dcs_freq		31035	({#tri˚#}, hier wohl = {#tripuwa#}, + {#mallikA#})	tri—pura—mallikA
dyumatsena	dyumatsena		residual-undersized	arity_differs_no_alignment	unresolved	dyumant + senA	dyu + mat + sena	member_count_diff	medium(9-10)	high(>=10)	21	35186	({#dyumant#} + {#senA#})	dyu—mat—sena
pAYcaBOtika	pAYcaBOtika		cut_moved_both_readings_lexical	cut_moved_both_readings_lexical	unresolved	paYcan + BUta	pAYca + BOtika	same_count_diff_split	long(>=11)	high(>=10)	36	44036	(von {#paYcan#} + {#BUta#})	pAYca—BOtika
azwAdaSaBujA	azwAdaSaBujA		residual-undersized	arity_differs_no_alignment	unresolved	azwAdaSan + Buja	azwA + daSa + BujA	member_count_diff	long(>=11)	no_dcs_freq		7235	(von {#azwAdaSan#} + {#Buja#})	azwA—daSa—BujA
mfducCada	mfducCada		mw_cut_leaves_nonword	mw_cut_leaves_nonword	pwg_members-right	mfdu + Cada	mfdu + cCada	same_count_diff_split	medium(9-10)	mid(3-9)	6	61716	({#mfdu#} + {#Cada#})	mfdu—cCada
agniminDa	agniminDa		residual-undersized	cut_moved_neither_reading_lexical	unresolved	agnim + inDa	agni + minDa	same_count_diff_split	medium(9-10)	low(1-2)	1	433	({#agnim#} <ab>acc.</ab> von {#agni#} + {#inDa#})	agni—m-inDa/
mahAskanDin	mahAskanDin		pwg_lexeme_vs_mw_suffixed_tail	pwg_lexeme_vs_mw_suffixed_tail	pwg_members-right	mahA + skanDa	mahA + skanDin	same_count_diff_split	long(>=11)	no_dcs_freq		59159	(von {#mahA#} + {#skanDa#})	mahA—skanDin
sacCeda	sacCeda		mw_cut_leaves_nonword	mw_cut_leaves_nonword	pwg_members-right	sa + Ceda	sa + cCeda	same_count_diff_split	short(<=8)	no_dcs_freq		103747	(<hom>2.</hom> {#sa#} + {#Ceda#})	sa—cCeda
vyaktarasatA	vyaktarasatA		residual-undersized	mw_splits_derivational_suffix	pwg_members-right	vyakta + rasa	vyakta + rasa + tA	member_count_diff	long(>=11)	no_dcs_freq		96197	(von {#vyakta#} + {#rasa#})	vy-akta—rasa—tA
daSalakzaRaka	daSalakzaRaka		pwg_lexeme_vs_mw_suffixed_tail	pwg_lexeme_vs_mw_suffixed_tail	pwg_members-right	daSan + lakzaRa	daSa + lakzaRaka	same_count_diff_split	long(>=11)	no_dcs_freq		32290	({#daSan#} + {#lakzaRa#})	daSa—lakzaRaka
tryahasparSa	tryahasparSa		granularity_ic_vs_full_decomposition	granularity_ic_vs_full_decomposition	unresolved	tryaha + sparSa	try + aha + sparSa	member_count_diff	long(>=11)	no_dcs_freq		31396	(<hom>1.</hom> {#tryaha#} + {#sparSa#})	try—aha—sparSa
Kagendra	Kagendra		mw_cut_leaves_nonword	mw_cut_leaves_nonword	pwg_members-right	Kaga + indra	Ka + gendra	same_count_diff_split	short(<=8)	low(1-2)	2	20773	({#Kaga#} + {#indra#})	Ka—gendra
atrinetraBU	atrinetraBU		residual-undersized	cut_moved_neither_reading_lexical	unresolved	atrinetra + BU	atri + netraBU	same_count_diff_split	long(>=11)	no_dcs_freq		1623	({#atrinetra#} + {#BU#} <lex>adj.</lex>)	atri—netra-BU
mahAkAra	mahAkAra		mw_cut_absorbs_initial_vowel	mw_cut_absorbs_initial_vowel	pwg_members-right	mahA + AkAra	mahA + kAra	same_count_diff_split	short(<=8)	no_dcs_freq		58322	({#mahA#} + {#AkAra#})	mahA—kAra
gopAlapura	gopAlapura		granularity_ic_vs_full_decomposition	granularity_ic_vs_full_decomposition	unresolved	gopAla + pura	go + pAla + pura	member_count_diff	medium(9-10)	no_dcs_freq		23207	({#gopAla#} + {#pura#})	go—pAla—pura
kujadina	kujadina		granularity_ic_vs_full_decomposition	granularity_ic_vs_full_decomposition	unresolved	kuja + dina	ku + ja + dina	member_count_diff	short(<=8)	no_dcs_freq		70848	({#kuja#} 1〉b〉 + {#dina#})	ku—ja—dina
tamontya	tamontya		mw_cut_absorbs_initial_vowel	mw_cut_absorbs_initial_vowel	pwg_members-right	tamas + antya	tamo + ntya	same_count_diff_split	short(<=8)	no_dcs_freq		28851	({#tamas#} + {#antya#})	tamo—'ntya
nfdeva	nfdeva		cut_moved_both_readings_lexical	cut_moved_both_readings_lexical	unresolved	nar + deva	nf + deva	same_count_diff_split	short(<=8)	mid(3-9)	9	40661	(<hom>1.</hom> {#nar#} + {#deva#})	nf—deva
naBasaMgama	naBasaMgama		mw_anusvara_right_of_boundary	mw_anusvara_right_of_boundary	pwg_members-right	naBasam + gama	naBasa + Mgama	same_count_diff_split	long(>=11)	low(1-2)	2	37653	({#naBasam#}, <ab>acc.</ab> von {#naBasa#} {%Luftraum%}, + {#gama#})	naBasa—M-gama
ananyapUrvA	ananyapUrvA		residual-undersized	pwg_cut_leaves_nonword	index_members-right	a + anyapUrva	ananya + pUrvA	same_count_diff_split	long(>=11)	mid(3-9)	7	2306	(<hom>3.</hom> {#a#} + {#anyapUrva#} [{#anya#} + {#pUrva#}])	an-anya—pUrvA
samarca	samarca		mw_cut_leaves_nonword	mw_cut_leaves_nonword	pwg_members-right	sama + fc	sama + rca	same_count_diff_split	short(<=8)	no_dcs_freq		105401	(<hom>2.</hom> {#sama#} + {#fc#})	sama—rca
sugmya	sugmya		pwg_lexeme_vs_mw_suffixed_tail	pwg_lexeme_vs_mw_suffixed_tail	pwg_members-right	su + gmA	su + gmya	same_count_diff_split	short(<=8)	mid(3-9)	4	110050	(ohne <is>Avagraha</is> von <hom>6.</hom> {#su#} + {#gmA#})	su/—gmya
bahusAhasra	bahusAhasra		cut_moved_both_readings_lexical	cut_moved_both_readings_lexical	unresolved	bahu + sahasra	bahu + sAhasra	same_count_diff_split	long(>=11)	no_dcs_freq		52330	(von {#bahu#} + {#sahasra#})	bahu—sAhasra
aBayaMkara	aBayaMkara		mw_anusvara_right_of_boundary	mw_anusvara_right_of_boundary	pwg_members-right	aBayam + kara	aBaya + Mkara	same_count_diff_split	medium(9-10)	high(>=10)	29	4458	({#aBayam#}, <ab>acc.</ab> von <hom>1.</hom> {#aBaya#} 4,a, + {#kara#})	a-Baya—M-kara/
maDyaMdina~~h2	maDyaMdina	2	mw_anusvara_right_of_boundary	mw_anusvara_right_of_boundary	pwg_members-right	maDyam + dina	maDya + Mdina	same_count_diff_split	medium(9-10)	high(>=10)	127	57142	({#maDyam#}, <ab>nom.</ab> von {#maDya#}, + {#dina#})	maDya/—M-dina
netrarogahan	netrarogahan		granularity_ic_vs_full_decomposition	granularity_ic_vs_full_decomposition	unresolved	netraroga + han	netra + roga + han	member_count_diff	long(>=11)	no_dcs_freq		40799	(<hom>1.</hom> {#netraroga#} + {#han#})	netra—roga—han
putraMjIva	putraMjIva		mw_anusvara_right_of_boundary	mw_anusvara_right_of_boundary	pwg_members-right	putram + jIva	putra + MjIva	same_count_diff_split	medium(9-10)	mid(3-9)	4	45796	({#putram#}, <ab>acc.</ab> von {#putra#}, + {#jIva#})	putra—M-jIva
vajrIBUta	vajrIBUta		cut_moved_both_readings_lexical	cut_moved_both_readings_lexical	unresolved	vajra + BU	vajrI + BUta	same_count_diff_split	medium(9-10)	low(1-2)	1	87487	(von {#vajra#} + <hom>1.</hom> {#BU#})	vajrI—BUta
puzpaMDaya	puzpaMDaya		mw_anusvara_right_of_boundary	mw_anusvara_right_of_boundary	pwg_members-right	puzpam + Daya	puzpa + MDaya	same_count_diff_split	medium(9-10)	no_dcs_freq		46447	({#puzpam#}, <ab>acc.</ab> von {#puzpa#}, + {#Daya#})	puzpa—M-Daya
kimicCaka	kimicCaka		pwg_lexeme_vs_mw_suffixed_tail	pwg_lexeme_vs_mw_suffixed_tail	pwg_members-right	kim + icCA	kim + icCaka	same_count_diff_split	medium(9-10)	mid(3-9)	3	17240	({#kim#} + {#icCA#})	kim—icCaka
nakulISa	nakulISa		mw_cut_absorbs_initial_vowel	mw_cut_absorbs_initial_vowel	pwg_members-right	nakulI + ISa	nakulI + Sa	same_count_diff_split	short(<=8)	mid(3-9)	3	37281	({#nakulI#} + {#ISa#})	nakulI—Sa
jalaMgama	jalaMgama		mw_anusvara_right_of_boundary	mw_anusvara_right_of_boundary	pwg_members-right	jalam + gama	jala + Mgama	same_count_diff_split	medium(9-10)	no_dcs_freq		26878	({#jalam#} + {#gama#})	jala—M-gama
kzayaMkara	kzayaMkara		mw_anusvara_right_of_boundary	mw_anusvara_right_of_boundary	pwg_members-right	kzayam + kara	kzaya + Mkara	same_count_diff_split	medium(9-10)	high(>=10)	50	20183	({#kzayam#}, <ab>acc.</ab> von <hom>2.</hom> {#kzaya#}, + {#kara#})	kzaya—M-kara
gozWapati	gozWapati		residual-undersized	mw_splits_bound_morph	pwg_members-right	gozWa + pati	go + zWa + pati	member_count_diff	medium(9-10)	no_dcs_freq		23431	({#gozWa#} + {#pati#})	go—zWa—pati
prajYAkara	prajYAkara		mw_cut_absorbs_initial_vowel	mw_cut_absorbs_initial_vowel	pwg_members-right	prajYA + Akara	prajYA + kara	same_count_diff_split	medium(9-10)	no_dcs_freq		48001	({#prajYA#} + {#Akara#} oder <hom>1.</hom> {#kara#})	pra-jYA—kara
uttaraMga~~h1	uttaraMga	1	mw_anusvara_right_of_boundary	mw_anusvara_right_of_boundary	pwg_members-right	uttaram + ga	uttara + Mga	same_count_diff_split	medium(9-10)	no_dcs_freq		10895	({#uttaram#}, <ab>acc.</ab> oder <lex>adv.</lex> von <hom>1.</hom> {#uttara#}, + {#ga#})	uttara—M-ga
kzudraMcara	kzudraMcara		mw_anusvara_right_of_boundary	mw_anusvara_right_of_boundary	pwg_members-right	kzudram + cara	kzudra + Mcara	same_count_diff_split	long(>=11)	no_dcs_freq		20472	({#kzudram#}, <ab>acc.</ab> von {#kzudra#}, + {#cara#})	kzudra—M-cara
kUlamudruja	kUlamudruja		residual-undersized	cut_moved_neither_reading_lexical	unresolved	kUlam + udruja	kUla + mudruja	same_count_diff_split	long(>=11)	no_dcs_freq		18532	({#kUlam#}, <ab>acc.</ab> von {#kUla#} + {#udruja#})	kUla—m-udruja
agnijvalitatejana	agnijvalitatejana		residual-undersized	cut_moved_neither_reading_lexical	unresolved	agnijvalita + tejana	agni + jvalitatejana	same_count_diff_split	long(>=11)	no_dcs_freq		378	({#agnijvalita#} [{#agni#} + {#jvalita#}] + {#tejana#})	agni—jvalita-tejana
kunetraka	kunetraka		pwg_lexeme_vs_mw_suffixed_tail	pwg_lexeme_vs_mw_suffixed_tail	pwg_members-right	ku + netra	ku + netraka	same_count_diff_split	medium(9-10)	mid(3-9)	3	70982	(<hom>1.</hom> {#ku#} + {#netra#} {%Auge%})	ku—netraka
BUpasuta	BUpasuta		residual-undersized	arity_differs_no_alignment	unresolved	BUpa + suta	BU + pa + suta	member_count_diff	short(<=8)	no_dcs_freq		55376	({#BUpa#} + {#suta#})	BU—pa—suta
ekarca	ekarca		mw_cut_leaves_nonword	mw_cut_leaves_nonword	pwg_members-right	eka + fca	eka + rca	same_count_diff_split	short(<=8)	low(1-2)	1	13338	({#eka#} + {#fca#})	eka—rca/
aMsatrakoSa	aMsatrakoSa		granularity_ic_vs_full_decomposition	granularity_ic_vs_full_decomposition	unresolved	aMsatra + koSa	aMsa + tra + koSa	member_count_diff	long(>=11)	no_dcs_freq		37	({#aMsatra#} + {#koSa#})	a/Msa—tra—koSa
priyaMkara	priyaMkara		mw_anusvara_right_of_boundary	mw_anusvara_right_of_boundary	pwg_members-right	priyam + kara	priya + Mkara	same_count_diff_split	medium(9-10)	high(>=10)	13	51013	({#priyam#}, <ab>acc.</ab> von {#priya#} + <hom>1.</hom> {#kara#})	priya—M-kara
puMvfza	puMvfza		cut_moved_both_readings_lexical	cut_moved_both_readings_lexical	unresolved	pumaMs + vfza	puM + vfza	same_count_diff_split	short(<=8)	no_dcs_freq		45618	({#pumaMs#} + {#vfza#})	puM—vfza
uBayaMkara	uBayaMkara		mw_anusvara_right_of_boundary	mw_anusvara_right_of_boundary	pwg_members-right	uBayam + kara	uBaya + Mkara	same_count_diff_split	medium(9-10)	low(1-2)	1	12372	({#uBayam#}, <ab>acc.</ab> von {#uBaya#}, + {#kara#})	uBaya—Mkara/
pAWacCeda	pAWacCeda		mw_cut_leaves_nonword	mw_cut_leaves_nonword	pwg_members-right	pAWa + Ceda	pAWa + cCeda	same_count_diff_split	medium(9-10)	no_dcs_freq		44097	({#pAWa#} + {#Ceda#})	pAWa—cCeda
jAyAjIva	jAyAjIva		mw_cut_absorbs_initial_vowel	mw_cut_absorbs_initial_vowel	pwg_members-right	jAyA + AjIva	jAyA + jIva	same_count_diff_split	short(<=8)	no_dcs_freq		27331	({#jAyA#} + {#AjIva#})	jAyA—jIva
BagaMdara	BagaMdara		mw_anusvara_right_of_boundary	mw_anusvara_right_of_boundary	pwg_members-right	Bagam + dara	Baga + Mdara	same_count_diff_split	medium(9-10)	high(>=10)	116	53781	({#Bagam#}, <ab>acc.</ab> von {#Baga#}, + {#dara#})	Baga—M-dara
SrISa	SrISa		mw_cut_absorbs_initial_vowel	mw_cut_absorbs_initial_vowel	pwg_members-right	SrI + ISa	SrI + Sa	same_count_diff_split	short(<=8)	high(>=10)	10	101771	(<hom>5.</hom> {#SrI#} + {#ISa#})	SrI—Sa
dvisItya	dvisItya		pwg_lexeme_vs_mw_suffixed_tail	pwg_lexeme_vs_mw_suffixed_tail	pwg_members-right	dvi + sItA	dvi + sItya	same_count_diff_split	short(<=8)	no_dcs_freq		35879	({#dvi#} + {#sItA#})	dvi—sItya
SilIBUta	SilIBUta		cut_moved_both_readings_lexical	cut_moved_both_readings_lexical	unresolved	SilA + BU	SilI + BUta	same_count_diff_split	short(<=8)	no_dcs_freq		99578	(von <hom>1.</hom> {#SilA#} + <hom>1.</hom> {#BU#})	SilI—BUta
KagAsana	KagAsana		mw_cut_leaves_nonword	mw_cut_leaves_nonword	pwg_members-right	Kaga + Asana	Ka + gAsana	same_count_diff_split	short(<=8)	no_dcs_freq		20771	({#Kaga#} + {#Asana#})	Ka—gAsana
raRaMjaya	raRaMjaya		mw_anusvara_right_of_boundary	mw_anusvara_right_of_boundary	pwg_members-right	raRam + jaya	raRa + Mjaya	same_count_diff_split	medium(9-10)	low(1-2)	2	83108	({#raRam#}, <ab>acc.</ab> von {#raRa#}, + {#jaya#})	raRa—M-jaya
gajadantaPalA	gajadantaPalA		granularity_ic_vs_full_decomposition	granularity_ic_vs_full_decomposition	unresolved	gajadanta + Pala	gaja + danta + PalA	member_count_diff	long(>=11)	low(1-2)	2	21385	({#gajadanta#} + {#Pala#})	gaja—danta—PalA
DAmacCad	DAmacCad		mw_cut_leaves_nonword	mw_cut_leaves_nonword	pwg_members-right	DAman + Cad	DAma + cCad	same_count_diff_split	short(<=8)	no_dcs_freq		36604	(<hom>1.</hom> {#DAman#} + {#Cad#})	DAma—cCa/d
triBajyA	triBajyA		granularity_ic_vs_full_decomposition	granularity_ic_vs_full_decomposition	unresolved	triBa + jyA	tri + Ba + jyA	member_count_diff	short(<=8)	no_dcs_freq		31054	({#triBa#} + {#jyA#})	tri—Ba—jyA
nEkaBeda	nEkaBeda		residual-undersized	pwg_member_typo_in_source	index_members-right	nEka + Bade	nEka + Beda	same_count_diff_split	short(<=8)	no_dcs_freq		40869	({#nEka#} + {#Bade#})	nEka—Beda
mahAgada~~h1	mahAgada	1	mw_cut_absorbs_initial_vowel	mw_cut_absorbs_initial_vowel	pwg_members-right	mahA + agada	mahA + gada	same_count_diff_split	short(<=8)	mid(3-9)	8	58376	({#mahA#} + <hom>2.</hom> {#agada#})	mahA—gada
tilataRqulaka	tilataRqulaka		pwg_lexeme_vs_mw_suffixed_tail	pwg_lexeme_vs_mw_suffixed_tail	pwg_members-right	tila + taRqula	tila + taRqulaka	same_count_diff_split	long(>=11)	mid(3-9)	4	29760	({#tila#} + {#taRqula#})	tila—taRqulaka
dvEDIkaraRa	dvEDIkaraRa		cut_moved_both_readings_lexical	cut_moved_both_readings_lexical	unresolved	dvEDa + kar	dvEDI + karaRa	same_count_diff_split	long(>=11)	no_dcs_freq		35934	(von {#dvEDa#} + <hom>1.</hom> {#kar#})	dvEDI—karaRa
gopAlamaWa	gopAlamaWa		granularity_ic_vs_full_decomposition	granularity_ic_vs_full_decomposition	unresolved	gopAla + maWa	go + pAla + maWa	member_count_diff	medium(9-10)	no_dcs_freq		23208	({#gopAla#} + {#maWa#})	go—pAla—maWa
tamori	tamori		mw_cut_absorbs_initial_vowel	mw_cut_absorbs_initial_vowel	pwg_members-right	tamas + ari	tamo + ri	same_count_diff_split	short(<=8)	low(1-2)	2	28857	({#tamas#} + {#ari#})	tamo—'ri
nAnArTa	nAnArTa		mw_cut_absorbs_initial_vowel	mw_cut_absorbs_initial_vowel	pwg_members-right	nAnA + arTa	nAnA + rTa	same_count_diff_split	short(<=8)	low(1-2)	2	38386	({#nAnA#} + {#arTa#})	nAnA—rTa
uttaraMga~~h2	uttaraMga	2	mw_anusvara_right_of_boundary	mw_anusvara_right_of_boundary	pwg_members-right	uttaram + ga	uttara + Mga	same_count_diff_split	medium(9-10)	no_dcs_freq		10895	({#uttaram#}, <ab>acc.</ab> oder <lex>adv.</lex> von <hom>1.</hom> {#uttara#}, + {#ga#})	uttara—M-ga
gopradAnika	gopradAnika		pwg_lexeme_vs_mw_suffixed_tail	pwg_lexeme_vs_mw_suffixed_tail	pwg_members-right	go + pradAna	go + pradAnika	same_count_diff_split	long(>=11)	no_dcs_freq		73059	(von {#go#} + {#pradAna#})	go—pradAnika
saBAga~~h1	saBAga	1	cut_moved_both_readings_lexical	cut_moved_both_readings_lexical	unresolved	saBA + ga	sa + BAga	same_count_diff_split	short(<=8)	mid(3-9)	3	105177	({#saBA#} + <hom>1.</hom> {#ga#})	sa—BAga
