mw_annexure_headword	in_sup7
ABIzaRa	Y
ABUka	N
ABaraRasTAna	N
ABijYAnika	Y
ABimuKyakaraRa	N
ABirAmika	Y
ABogin	Y
ABugnasakTa	N
AByantaranftta	N
ADArin	Y
ADArzwya	Y
ADiraTIya	N
ADistena	N
ADomuKya	Y
AGAraRa	N
AGAtakAla	N
AGarGaram	Y
AGarza	Y
AGawwalikA	N
AGoziRI	Y
AKaRqalASA	N
AKaRqala	Y
AKaRqalakakuB	Y
AKedana	Y
AKuhan	Y
AKuyAna	N
AKyAnavid	N
AKyAtottara	N
AKyAyanI	N
ANgalOkika	N
ANgirasa	Y
ANgula	Y
AQA	N
AQArikA	Y
AQika	N
ARqakoSa	Y
ARqapIta	Y
ARuka	N
ASASa	Y
ASAmuKa	Y
ASApAlIya	Y
ASApurA	Y
ASAsti	Y
ASAtanA	Y
ASAvarI	N
ASIna	Y
ASIvizA	N
ASIvizanadI	Y
ASIvizaparvata	Y
ASaMsa	Y
ASaNkita	Y
ASayatas	N
AScaryamaYjarI	N
AScaryarAmAyaRa	N
ASiKam	Y
ASocani	N
ASrAva	N
ASrAvitapratyASrAvita	N
ASramaviqambaka	N
ASrava	Y
ASravaRam	Y
ASretf	N
ASuganDa	Y
ASukavi	Y
ASvAsanI	Y
ASvAsanaSIla	N
ASvAsanaSIlatA	N
ASvIya	N
ASvameDikI	N
ASvameDika	Y
ASvapadika	Y
ASvika	N
ASvinAgra	N
ASvina	Y
ASyAma	Y
ASya	Y
AYCita	Y
AYjaneya	Y
AYjaneyapurARa	Y
AYjaneyastava	N
AYjaneyastotra	N
AbravantI	Y
AcAramaya	N
AcAryAsandI	N
AcArya	Y
AcAryamuzwi	Y
AcAryatarpaRa	N
AcCowita	N
AcaYcala	N
Acakzas	N
Acarita	N
AciKyAsopamA	N
Acitra	Y
Acumb	N
AdAna	N
AdaDIci	Y
AdaSAham	N
Adarin	N
AdeSa	Y
AdehadAham	Y
Adeya	Y
AdeyataratA	N
Adi	Y
AdiBavAnI	N
AdiSUra	N
AdidIpa	Y
AdigranTa	N
Adiguru	N
AdikeSavAzwaka	N
AdinAntam	N
AdipitAmaha	N
AdisTAyika	N
AdisiMha	N
Adisvarita	N
AditA	Y
AdityaDAman	Y
AdityaSakti	N
Adityagata	N
AdityakIlaka	Y
AdityarAma	N
AdityavAra	N
AdityavarDana	N
AdityaviDi	N
Adivaktf	N
AdivarAha	Y
AdiyAmala	N
AdyAdya	N
AdyakAlaka	N
AgAra	Y
AgArika	Y
AgIgrAma	N
AgIta	N
AgaDita	N
AgamacandrikA	N
AgamakOmudI	N
Agamakalpadruma	N
AgamaprakASa	N
Agamarahasya	N
AgamasaMhita	N
AgamatattvasaMgraha	N
AgamaviroDa	N
Agamika	N
Agamya	Y
AgarBam	N
Agara	N
Agasvin	Y
AgatAsTa	N
Agatavismaya	N
AgnIDrI	N
AgnIDra	N
Agneya	Y
AgraTana	N
AgranTana	N
AgrayaRIya	Y
AhInta	N
AhUrya	N
Ahasa	Y
AhavaSoBin	Y
Ahftya	Y
AhiRq	N
Ahita	Y
Ahiti	N
AhlAdalaharI	N
AhrIkya	Y
AhutIzahi	N
AhutiparimARa	N
AhvAnana	Y
AhvAtf	N
AjIrRAntam	N
AjakeSin	N
AjiBUmi	Y
AjiSoBin	Y
Ajihmita	N
AkASAnantyAyatana	N
AkASAnantyAyatanopaga	N
AkASacakra	N
AkASamaRi	Y
AkASaplavA	Y
AkASavacana	N
AkASopanyAsa	N
AkIwapataMgapipIlakam	N
Akaluza	Y
Akampra	Y
AkapiSa	N
AkarRaka	N
Akarza	Y
Ake	Y
Akf	N
Akftilozwa	Y
Akfzwa	Y
AkiMcanyAyatana	Y
AkiMcanyAyatanopaga	N
AkiMcanya	N
AkowanA	Y
Akowana	Y
AkozWam	Y
AkuqmalIkfta	N
Akuw	N
Akuwila	N
AkzepasUtra	N
Akzepavalana	N
AkzepiRI	N
Akzveqita	Y
AlAla	Y
AlAlamehin	N
Ala	Y
AlaMkArika	Y
AlajAla	Y
Alakzita	Y
Alapita	Y
Alaptaka	Y
Alasyavat	N
AliS	N
Allakeya	N
Alokakara	Y
AlokasTAna	N
AlokasuvegaDvaja	Y
AlolikA	Y
Aluka	N
AmAjIrRa	N
AmIvA	N
Ama	Y
AmaSrAdDa	Y
Amajjam	Y
AmalakI	N
Amamaya	N
AmantraRika	N
AmardakatIrTanATa	N
AmaviDi	N
Amezwaka	Y
AmikzApayasya	Y
Amitra	Y
AmitraSocani	Y
AmizadAna	N
AmlocantI	Y
AmnAyapara	N
AmnAyayoni	Y
Amowana	N
Amrakavi	N
AmraprasAda	N
Amreqitayamaka	N
AmuKa	Y
AmuktA	N
AnABi	Y
AnAya	N
AnDAsvara	N
AnIlanizaDAyata	Y
AnakadunduBi	N
Ananacara	N
Ananda	Y
AnandacidGana	N
Anantarya	Y
AnantaryasamADi	N
AndIqa	N
AndolikA	Y
Aneya	Y
Anftika	Y
AnoBadrasUkta	N
AntarAlika	N
AntrImuKa	N
AnubanDika	N
AnuyAjika	Y
Anuzak	Y
AnvIkzikI	Y
ApAdatalamastakam	Y
ApAdin	Y
ApArzRi	Y
ApAzWi	Y
ApIqakajAta	N
ApIqin	Y
ApaRIya	N
Apadika	N
Aparuza	Y
Apatanta	Y
Apati	N
ApatsahAya	Y
Apattos	N
Api	Y
ApiNgalAkza	N
ApiNgala	N
ApiNgalaka	N
Apoda	Y
AprAsa	N
Apravartana	N
AptacCandas	Y
Aptakft	N
Aptakriya	N
Aptastoma	N
AptavAda	Y
AptaviBaktika	N
Apti	Y
AptoryAma	N
Apya	N
Aqambarita	Y
AqindikA	N
AqvAlana	Y
Aqval	N
ArADyakarpUra	N
ArAdupakAraka	N
ArAgaya	N
ArAgita	N
ArAgrA	N
ArAmADipati	Y
ArAmaparigraha	N
ArAsa	Y
ArAva	Y
ArRava	Y
ArUQa	Y
ArUpya	Y
Ara	Y
Araba	N
ArabyayAminI	N
Aralu	N
AramBayajYa	Y
ArambaRa	N
ArambaRacCedana	Y
Arawwa	N
ArcIka	N
ArdrAnulepana	N
Ardrapada	N
ArdravAsas	Y
Arjika	N
Arka	Y
ArkzAkAyaRa	N
Aroha	Y
Aropa	N
ArtAyana	Y
ArtAyani	Y
Artos	N
AruRIyopanizad	N
AryA	N
AryApaYcASat	N
AryArAmAyaRa	N
AryAsaptaSatI	N
AryAtriSatI	N
AryaDana	N
AryaDarma	N
AryaSUra	N
Aryakarman	N
AryamArgapudgalanAyaka	N
AryapAla	N
AryarUpa	N
AryasTavira	Y
Aryavajra	Y
ArzeyabrAhmaRa	Y
AsAda	Y
AsAdanA	Y
AsAvin	N
AsPAnaka	N
AsPura	Y
AsTita	Y
AsaMjYika	Y
AsaNga	Y
AsaNgakAzWa	N
AsaPaKAna	N
Asakta	N
AsamApti	N
Asanapawwi	N
AsannakAlika	Y
AsannayoDin	Y
Asapuwa	N
Asaqa	N
AsarvA	N
Asawa	N
Asfzwi	N
AsrAva	Y
Asra	N
Asrava	N
AsurIkalpa	N
Asurasva	N
AsvAdanIya	Y
AsvAdya	N
AsvApana	Y
Asyagarta	N
AsyajAha	N
AsyamETunika	Y
Asyaprayatna	N
Asyasammita	N
AsyavErasya	Y
Atakz	N
Atapa	Y
AtapanivAraRa	Y
Atati	N
Atfpti	Y
AtiSayika	Y
Atijagata	Y
AtisArika	Y
AtitAMsu	Y
AtivAhika	N
AtmABimarSana	N
AtmAvAsya	N
AtmAyAsa	N
AtmaDAraRI	N
AtmacintA	N
AtmajYAnopanizad	N
Atmajit	N
Atmajyotirupanizad	N
AtmakAma	Y
AtmanikA	N
AtmanirAloka	N
AtmanirUpaRa	N
AtmapaYcaka	N
AtmasaMyoga	N
AtmasaMyukta	N
AtmasamBAvita	N
Atmatattvaviveka	N
AtmecCA	N
AtmollAsa	Y
AttakAnti	N
AttasomapITIya	N
Attasva	Y
Attasvatva	N
AttaviBava	N
Attavidya	N
AvApa	Y
AvAriDi	Y
AvAsika	Y
Avan	N
AvarItf	N
AvaraRa	N
Avarjana	N
Avartaka	Y
Avartam	Y
AvevidAna	N
AvftISayAna	N
AviH	N
AviHsUrye	Y
Avika	Y
AvoDavE	N
Avraska	Y
Avutta	N
AvyaTA	N
Awaka	N
Awika	Y
Awopa	N
AyAcana	N
AyAmatas	Y
AyAna	Y
AyApita	N
AyAsadAyin	N
AyAsana	Y
AyAsita	Y
AyAsya	N
AyasI	N
Ayasta	Y
AyataBrUkatA	N
AyatapARileKatA	N
AyatapArzRitA	N
Ayatapakzmala	Y
Ayatasamalamba	Y
Ayatavikrama	N
AyuDapiSAcikA	N
AyuDika	Y
AyuktA	N
Ayukta	N
AyuzyagaRa	Y
AzAQa	N
AzwrAdaMzwra	N
BAnuBft	N
BAravoQf	N
BAskaradina	N
BAskaraputravAsara	N
BAvat	N
BAvayu	N
BEkzAhAra	N
BEkzAka	N
BEkzArTin	N
BU	Y
BUmi	N
BUmicCidra	N
BUmiga	N
BUmitanaya	N
BUsTita	N
BUstfRa	N
BUtahan	N
BaYj	N
Bagadatta	N
BakzacCandas	N
BakzavikAra	N
Bandra	N
BaraRqakezRa	N
BaratArjunanAwaka	N
Baratasamuccaya	N
BaratawIkA	N
BarjU	N
BartfsUkta	N
BaveRu	N
Bawila	N
BerISaNKavAda	N
BfzwI	N
BidAkara	N
BidaTa	N
BikzopaBogin	N
BrAtfsaMGAtavat	N
BrUvaYcita	N
BrUvijfmBa	N
BujAMsadeSa	N
BujaMgadIrGa	N
BuktocCizwa	N
CARaka	N
CAgamAMsa	N
CadistfRa	N
CalapAta	Y
CalavAc	N
CandaHpratizWAna	Y
CinnABra	N
CinnadvEDa	N
CinnakarRa	Y
CinnasTURa	N
Cittapa	N
CurikAbanDaprayoga	N
DAman	Y
DArzwyaBUmi	N
DAtu	N
DAvani	N
DAyine	N
DIr	N
DIsaMtati	N
DUmrakarRa	N
DUrRi	N
DUrtaprahasana	N
DanDuka	N
Danotpatti	N
Danu	N
DarIyas	N
Darma	Y
Darmacakrapravartana	N
DarmakIrti	N
DarmamativinanditarAga	N
Darmamatsara	N
DarmasAgara	Y
DarmasaMSraya	N
DarmavIra	N
DarmavahikA	N
DarmavallaBa	N
DarmolkA	N
DaruRI	N
DftAtapatra	N
DftizeRa	N
DfzARa	N
DizRyaviharaRa	N
DizWita	N
Dotra	N
DrURA	N
DvAnta	N
DvAntamaRi	N
DvAntasaMtati	N
DvajapraharaRa	N
Dvasra	N
DyAnAspada	N
EReyajaNGatA	N
ESi	N
ESvarakAraRika	Y
ESvarika	N
ESvaryakAdambinI	N
Ekamantrya	Y
EkamuKya	Y
ElavaMSa	N
EndraniGaRwu	N
EryApaTikI	Y
EvamarTya	Y
GArikA	Y
GAwA	N
GanABoga	N
GanadunduBisvana	N
Ganapada	N
Gargaraka	N
GawajAnu	N
Gawana	N
Gftapfkta	N
Gftasamudra	Y
Gnu	N
Gora	N
Gorita	N
GozavadAdi	N
Gozita	N
GuNGuma	Y
IMkAra	Y
IMkfta	N
ISADara	Y
ISAcala	Y
ISAnadiS	Y
ISAnahata	Y
ISaSakti	N
ISagocara	N
ISake	N
ISeSvara	N
ISvarakAraRika	Y
ISvarapratyaBijYAsUtra	N
ISvarapriya	N
IdfSaBUta	Y
IdfSaBUtatA	N
IdfgavasTa	Y
IhAlih	N
Ikz	Y
Ikzita	N
IlikA	N
Ira	Y
IrayaDyE	N
IzAntabanDana	N
IzatsaMjYa	Y
IzatsadfSa	N
JaNki	N
JaRajJaRatkArin	N
Jawiti	N
JiRikA	N
KANka	N
KAqgika	N
KAtra	Y
KaRqasaMsTApaka	N
KaRqika	Y
KaRqila	N
Kadana	Y
KalIkftya	N
KalatA	N
KalekapotanyAya	Y
KalvaNga	Y
KamARika	N
KanyavAdin	Y
Kapuwa	N
KaqIna	Y
KaqgAKaqgi	Y
KaqgANga	N
KaqgaSataka	N
Kaqgaka	N
KaqgalatA	N
Kaqgaratna	N
KaqgavAri	Y
KaqgavizARa	Y
KarAri	N
Karagraha	N
Karaka	N
KaramuKa	N
KaraturagIya	Y
Karawa	N
Karvaya	N
KasTa	N
KawvANgaGaRwA	N
KawvANgahasta	N
KetasiMha	N
Kewana	Y
Kila	Y
KinnamAnasa	N
KurAgra	N
KuramAlin	Y
KuranyAsa	N
OdArikaSarIra	N
OdAryacintAmaRi	N
OdDatya	Y
OdambarI	N
Odarciza	Y
OdrAyaRa	N
OdumbarAyaRa	N
OdumbarI	N
Ojasa	N
OjjAgari	N
OmApata	Y
Onnidrya	N
OpacAyika	Y
OpajaNGani	N
OpakArika	Y
OpakArya	Y
Opendra	Y
OraBrika	Y
OrvakalpagranTa	N
OrvaprakAra	N
Orvaprayoga	N
Otkawya	Y
OzRa	Y
OzWIna	Y
OzaDakalpagranTa	N
OzaDaprakAra	N
OzaDaprayoga	Y
PAli	N
PalIkaraRamiSra	N
PalIkaraRamuzwi	N
PalakriyA	N
Palapravftti	N
PalasTa	N
PalepsA	N
QOkana	N
QilI	N
SARqikera	N
SAhAjyAhAm	N
SAkajaYjaBa	N
SAntimat	N
SAntizeRa	N
SAradatilaka	N
SaNkukarRa	N
SaSANkAtmajavAsara	N
SaSaDara	N
SaSivAsara	N
SabdopAtta	N
SacIpuraMdara	N
SakfdData	N
SakfdrIti	N
Sakfdrasa	N
Saktivizaya	N
Sakunimitra	N
SalAlugrapsa	N
SamASraya	N
SamavihAra	N
Samepsu	N
Saratpayoda	N
SarmaRyadeSIya	N
SarmaRyadeSa	N
SarmavarUTa	N
SarmizWAvijaya	N
Seza	N
Sezavat	N
SiKarasvAminI	N
SiSu	N
SiSupramARa	N
Sibinta	N
Silaka	N
SizwARuSizwa	N
SlokArDa	N
SmaSAnADivyatikrama	N
SmaSAnalozwa	N
SrAdDABimarSana	N
SravaRApakza	N
SreRya	N
Srutagraha	N
SuBaBrU	N
SuBajAlahasta	N
SuBorRaBrU	N
SuRQi	N
SudDADivAsa	N
SudDOjas	N
SudDaraSmipraBa	N
Sukla	N
SuklaDarma	N
Sukradina	N
SukravAsara	N
Suti	N
SvaDiti	N
SvagrahagfhIta	N
SvagrahaprAyaScitta	N
SvalominI	N
SvetArDavaktra	N
SyAmajayanta	N
SyenI	N
UKa	N
UQapUrvA	Y
UQaraTa	N
UQavayas	N
UbaDya	N
UdaleSvara	N
UlI	Y
UlIBakzam	N
UlIBeda	N
Uma	N
UnIBU	N
UnadvivArzika	Y
UnavAda	Y
UnavarRatA	N
UnazoqaSavarza	Y
UnendupUrRimA	Y
UpA	N
UpAsvara	N
UrDvA	N
UrDvAgra	N
UrDvAgraromatA	N
UrDvaBAgahara	Y
UrDvaJampa	N
UrDvaSuzI	Y
UrDvacUqa	N
UrDvajAnu	N
UrDvajvalana	Y
UrDvakam	N
UrDvamUla	Y
UrDvanApita	N
UrDvapravarzin	N
UrDvasUcikA	N
UrDvavAsin	Y
UrIkf	N
UrRAlaMkftamuKatA	N
UrRAmfdu	Y
UrRAmradas	Y
UrRAvAhi	N
UrRAyu	Y
UrRavAhi	N
UrjAhuti	Y
Urjaspati	Y
UrjayantatIrTa	N
Urjayat	N
Urjitam	N
UruBaNga	Y
UruBitti	N
UrucCinna	Y
UrugrAha	N
UrumUla	N
Urva	N
Urvya	N
UtimatI	Y
Wepaka	N
WuRWupadDati	N
aBAgaDeya	Y
aBAjana	Y
aBAna	N
aBAvayat	N
aBEzajya	Y
aBIga	Y
aBIzwatftIyA	N
aBUtalasparSatA	N
aBUtopamA	N
aBaNgaSleza	Y
aBaNgura	N
aBavani	Y
aBavya	Y
aBayadatta	N
aBayagaRa	N
aBayagirivihAra	N
aBedya	Y
aBi	Y
aBiBAzita	Y
aBiBUti	Y
aBiBUz	N
aBiDyAlu	Y
aBiGozam	Y
aBiKyAna	N
aBiKya	N
aBiSatru	Y
aBiSirogra	N
aBiSradDA	Y
aBicCAyA	Y
aBicaraRa	N
aBicarita	N
aBicezwA	N
aBicumb	N
aBidUtam	Y
aBidozam	Y
aBigIta	N
aBigopAya	N
aBigrAhin	N
aBihAra	Y
aBihf	N
aBihiMsana	N
aBijAta	Y
aBijAtavAc	N
aBijYAta	Y
aBijYa	N
aBijYetara	N
aBikarRakUpam	Y
aBikara	N
aBikarman	Y
aBikfzRam	Y
aBikzepa	Y
aBilamBa	Y
aBilazitArTacintAmaRi	Y
aBimArgaRA	Y
aBimaNgala	Y
aBimanAya	N
aBimarSa	Y
aBimarSin	Y
aBimuKaya	N
aBimuni	Y
aBinAmaDeya	Y
aBinIlanetratA	N
aBinIti	Y
aBiniScikramizA	N
aBinigadana	Y
aBinimlocana	N
aBinimroka	Y
aBinirhf	N
aBinirmi	N
aBiniryARa	N
aBiniveSana	N
aBinivft	N
aBinivizwaka	Y
aBiniyama	N
aBinizic	N
aBinnARqa	N
aBinnakAla	N
aBinnavela	N
aBipARqu	Y
aBipARqutA	N
aBipAlin	N
aBiparyAvarta	Y
aBipatti	Y
aBipattimat	N
aBiplava	Y
aBiprabuD	N
aBipradfS	N
aBiprasanna	N
aBipravrajana	Y
aBiprezaRa	Y
aBipriyatamam	Y
aBirUpaBUyizWa	N
aBirUpaprajAyinI	N
aBiraSmimAli	Y
aBisU	N
aBisaMcUrR	N
aBisaMhftya	N
aBisaMyam	N
aBisamBava	N
aBisambuD	N
aBisamplava	N
aBisamprahA	N
aBiskanda	N
aBistaraRa	Y
aBitApin	Y
aBitAqana	Y
aBitazwIya	Y
aBivAtA	N
aBivI	N
aBivandya	Y
aBivarDana	N
aBivijYeya	Y
aBivratin	N
aBivyAhAra	Y
aBiyukta	Y
aBizava	N
aBizavaRa	N
aBizekaBUmipratilamBa	N
aBrAgama	N
aBrAja	N
aBraKaRqa	N
aBraMga	N
aBraPullaka	N
aBraga	Y
aBragiri	N
aBrakUwa	N
aBramUpati	Y
aBramaya	Y
aBramujIviteSa	Y
aBugnakukzitA	N
aBujaMgavat	N
aByASrAvaRa	Y
aByAgAmin	N
aByAhitAgni	N
aByAkAram	Y
aByAmnAya	Y
aByAnandya	N
aByArUQa	N
aByAsAriRI	N
aByaDikADika	Y
aByaDyayana	N
aByantara	N
aByantaracArin	N
aByanujYeya	N
aByanumodana	Y
aByarDam	N
aByavAyin	Y
aByavagAh	N
aByavahAra	Y
aByavahfta	N
aByavapAta	N
aByavaskanda	N
aByudAcArin	N
aByudDAra	Y
aByudDaraRa	Y
aByudayAvaha	N
aByuddravaRa	N
aByudgati	Y
aByujjayini	N
aByujjval	N
aByunmodanIya	Y
aByupapAdana	Y
aByupapattf	N
aByupapatti	Y
aByutTiti	Y
aByutsAha	Y
aDArAgraha	Y
aDArayamARa	N
aDAsanaSAyin	Y
aDISitf	N
aDIkzepa	N
aDItarasa	Y
aDIz	N
aDUnvat	N
aDaHKAta	Y
aDaHSAyin	N
aDaHSAyitA	N
aDaHkumba	Y
aDaHsTAnAsana	N
aDaHsaMveSin	Y
aDaIza	Y
aDamADama	N
aDarAmbara	Y
aDarOzWarucaka	Y
aDaradala	N
aDaramUla	N
aDararucaka	Y
aDarima	Y
aDarmacaraRa	Y
aDarmacaryA	Y
aDarmottaratA	Y
aDastAnnABi	Y
aDastAnnirbADam	N
aDiSIlaSikzA	N
aDiSiras	N
aDiSiroDaram	Y
aDiSrI	N
aDiSrotram	N
aDibala	N
aDicara	N
aDicittaSikzA	N
aDidEvatya	Y
aDidyo	Y
aDigopam	Y
aDigoptf	N
aDihastya	N
aDijAgf	N
aDijaNGam	N
aDijarAyu	Y
aDiji	N
aDijigAMsu	N
aDikADi	Y
aDikAkzara	N
aDikAraka	N
aDikArapuruza	N
aDikArasaMgraha	N
aDikAravat	N
aDikaRWam	Y
aDikalpin	Y
aDikarRam	Y
aDikaraRaleKaka	N
aDikavayas	N
aDikazwa	N
aDiketanam	N
aDikf	N
aDikopama	Y
aDikziti	Y
aDilaNkam	Y
aDiluW	N
aDimaKam	N
aDimitra	N
aDimitratA	N
aDimokza	N
aDimukta	Y
aDinAgam	Y
aDiniSam	N
aDipARi	Y
aDipASa	N
aDipaSya	Y
aDiprajYASikzA	N
aDiprajYam	N
aDirUQA	N
aDirUQaka	Y
aDirUQi	Y
aDirajani	Y
aDiroQavya	N
aDiropaRa	Y
aDiruh	Y
aDisenApati	N
aDisyada	Y
aDivAha	N
aDivAsanA	N
aDivAsanIya	N
aDivIra	Y
aDivakzas	Y
aDivarcas	N
aDivarjana	N
aDivartana	Y
aDivas	N
aDivasati	N
aDiveSma	N
aDivfkzasUrye	N
aDivivAham	Y
aDivrata	Y
aDivyatikrama	Y
aDiyoga	N
aDizAdam	Y
aDizWA	N
aDizWAna	Y
aDizWita	N
aDizavaRaPalaka	N
aDoMSuka	N
aDobARa	Y
aDomayUKa	N
aDonApita	N
aDonIvI	Y
aDonivIta	N
aDovAsas	Y
aDvAna	N
aDvApanna	Y
aDvaSIla	Y
aDvaSrama	N
aDvadarSin	N
aDvagaRa	N
aDvagacCat	N
aDvagati	Y
aDvalozwa	N
aDvaraSrI	N
aDvaraguru	Y
aDvarakalpa	Y
aDvaras	N
aDvartavya	Y
aDvaryupAtra	Y
aDvaryupaTa	N
aDvasaha	N
aDyASaya	Y
aDyAcAra	Y
aDyAhAriRI	N
aDyAjya	N
aDyAkASam	Y
aDyAkramaRa	Y
aDyArohaRa	Y
aDyAsyA	N
aDyAtmacintAmaRi	N
aDyAyopAkarman	N
aDyaDvam	Y
aDyarDopA	N
aDyavasAya	N
aDyavaseya	N
aDyayana	N
aDyayanasaMvftti	N
aDyeya	Y
aDyoQa	N
aDyudyam	N
aDyupekz	N
aDyupekzA	Y
aDyuras	Y
aDyuza	N
aGUrRa	Y
aGaRwa	N
aGarikA	N
aGawitaGawita	N
aGaya	N
aGnyatva	N
aGodaka	N
aGoraGaRwa	N
aKaRqakala	Y
aKaRqamaRqala	Y
aKaRqopaDi	N
aKarvan	Y
aKinna	Y
aMSarUpiRI	N
aMhana	N
aMholiNga	Y
aMsapIWa	Y
aMsoccaya	N
aNGri	Y
aNGripAta	Y
aNGrisaMDi	N
aNGryavanejana	Y
aNGryavanejanatva	N
aNgANgiBAvasaMkara	N
aNgArAvakzepaRa	Y
aNgAraSakawi	N
aNgArajIvikA	N
aNgArakarmAnta	N
aNgArakayantra	N
aNgArasAtkf	N
aNgAravAra	N
aNgAravarza	N
aNgUza	N
aNgaBaYjana	N
aNgaBeda	Y
aNgadIya	N
aNgadin	N
aNgakriyA	Y
aNgamantra	N
aNgareja	N
aNgasPuraRavicAra	N
aNgasamAKyAyam	Y
aNgavAhaka	Y
aNgiraHsmfti	N
aNgiroDAman	Y
aNgu	N
aNgulIBaNga	Y
aNgulIgranTi	N
aNgulIvezwa	Y
aNgularAji	Y
aNgulija	N
aNgulikA	N
aNgulimAtra	Y
aNguliprASana	Y
aNgulipraRejana	N
aNguzWaviBedaka	N
aNkAsya	N
aNkAvaNka	Y
aNkAya	N
aNkUraya	N
aNka	Y
aNkacCeda	N
aNkagata	N
aNkalakzaRa	N
aNkapAla	N
aNkasaMjYA	N
aNkri	N
aNku	N
aNkulI	N
aNkurAropaRa	Y
aNkurAya	N
aNkura	N
aNkuraRa	N
aNkuravat	N
aNkuraya	N
aPenila	Y
aRIci	N
aRIcin	N
aRasa	N
aRi	Y
aRikAzam	Y
aRimatas	Y
aRqa	Y
aRqika	N
aRquka	N
aRu	Y
aRupriyaNgu	Y
aSAbda	N
aSIrtatanu	N
aSItyakzara	Y
aSItyakzaratva	N
aSUdrocCizwin	N
aSaktaBartfka	N
aSanISa	Y
aSanakriyA	N
aSani	Y
aSanigrAvan	N
aSayya	Y
aSiKa	N
aSiSlikzu	N
aSila	N
aSizyavftti	N
aSlezAviDi	N
aSlizwArTa	N
aSlizwa	Y
aSmaSAnacit	Y
aSmaSru	N
aSmacUrRa	N
aSmagarBamaya	Y
aSmalozwranyAya	N
aSmaplava	N
aSmavarzavat	N
aSmayokta	Y
aSmayu	N
aSoBana	N
aSokAntara	N
aSokIkf	N
aSokaBARqa	N
aSokaSrI	Y
aSokamalla	N
aSokavanikAnyAya	N
aSokeSvara	N
aSrAnta	N
aSradDya	Y
aSruDArA	N
aSruleSa	Y
aSrumaya	Y
aSrunetra	Y
aSrupariplutAkza	N
aSrupramArjana	N
aSruvadana	N
aSruvaha	N
aSuBAtmaka	Y
aSuBacintaka	Y
aSucivrata	N
aSudDaprakfti	Y
aSvAjAneya	N
aSvAmuKa	Y
aSvAnana	Y
aSvAnfta	N
aSvAnusaraRa	N
aSvApad	N
aSvAvatAra	N
aSvEkaviMSa	N
aSvaDAwI	N
aSvaGoza	N
aSvaSiSna	N
aSvaballava	N
aSvacaryA	N
aSvadAya	Y
aSvadeva	N
aSvadvAdaSa	N
aSvagopa	N
aSvaka	Y
aSvakanda	N
aSvakrAnta	Y
aSvakuYjara	N
aSvalavaRa	N
aSvamahiza	N
aSvamatallikA	N
aSvanAga	N
aSvanAman	N
aSvapUrRa	Y
aSvapaRya	N
aSvapad	Y
aSvapada	N
aSvaparaSu	Y
aSvapluta	N
aSvapota	N
aSvapozaka	Y
aSvaprakARqa	N
aSvapriya	N
aSvaraTadAna	N
aSvaratna	N
aSvasADana	N
aSvasUta	N
aSvasaMKya	N
aSvasravaRa	N
aSvatTaSAKA	Y
aSvatTakalpa	N
aSvatTapUjA	N
aSvatTavivAha	N
aSvatTodyApana	N
aSvavARija	N
aSvavAhyAlI	Y
aSvavfndAraka	N
aSvavfndin	Y
aSvayukta	N
aSvisAlokya	N
aSvisuta	N
aTarI	Y
aTarvI	N
aYjizWu	N
abAla	N
abDikanyA	N
abDimaTana	Y
abDivastrA	N
abadDa	Y
abalAgni	Y
abalIyastva	Y
abala	Y
abaliman	Y
abanDura	Y
abanDuram	N
abbA	N
abbindu	N
abdaBU	Y
abdaparyaya	Y
abjAsana	N
abjala	N
abjapARi	N
abjasamBava	N
abjasamudgata	N
abjasaras	N
abrahmavarcasin	Y
ac	Y
acAkrika	Y
acAkrikatA	N
acCandaska	Y
acCawASabda	Y
acCera	Y
acCidrokTa	N
acaRqamarIci	N
acakfvas	N
acakravarta	Y
acara	Y
acaraRIya	N
acaraRa	Y
acaramavayas	Y
acarita	Y
acarizyat	N
aciroQA	Y
acyAvin	N
acyutacakravartin	N
adAkziRAtya	N
adAman	N
adAnIya	Y
adAnava	Y
adAsyat	N
adButArTa	N
adButadarpaRa	Y
adButakfzRarAja	N
adButaraNga	N
adButopamA	N
adButotpAta	N
adEteya	Y
adInagAtratA	N
adIrGadarSin	N
adaRqa	Y
adaRqana	N
adabDacakzus	N
adantAGAtin	N
adantajAta	N
adarSanIBU	N
adarSanapaTa	Y
adaridra	Y
adas	N
adasta	N
adattAdAna	Y
adattAdAyika	Y
adeSika	Y
adeha	N
adipsat	N
aditikuRqalAharaRa	N
adivA	N
adivASin	Y
adivAsvApin	N
admasad	N
adoza	Y
adozadarSin	N
adriBedana	N
adriDft	N
adruta	N
aduHKasuKavedanA	N
aduhAna	N
advAdaSAha	Y
advEtabrahmasidDi	N
advEtadIpikA	N
advEtamakaranda	N
advEtavAdin	N
advEtin	Y
advIpa	Y
advayavAda	Y
advivarza	Y
adviyoni	N
adyAgreRa	Y
adyatas	N
adyatva	N
adyayajYa	Y
adyotaka	Y
agAlita	N
agArAvakASa	N
agAra	Y
agArasTURAvirohaRa	N
agArastUpa	Y
agAravinoda	N
agIta	N
agada	N
agadita	Y
agama	N
agamyarUpa	Y
aganDasevin	Y
aganDi	Y
agarBA	N
agarBa	Y
agastyaSAsta	Y
agastyagfhaspatika	N
agatAsu	Y
agatyA	N
agfhIta	N
agfhItadiS	N
agfhRat	N
agfhya	Y
agnIya	N
agnOkaraRa	N
agneyAnI	Y
agni	Y
agniBARqa	N
agniSOcavastra	Y
agniSakawI	Y
agniSakti	Y
agnicakra	N
agnigodAna	Y
agnihotfbrAhmaRa	N
agnihotraprAyaRa	Y
agnihotravelA	N
agnijA	N
agnijyezWa	Y
agnijyotis	N
agnikzetra	N
agnilocana	N
agnimIyAma	N
agnimadana	N
agniman	N
agninAman	N
agninArAyaRa	N
agniniDAna	N
agninyakta	N
agnipAnIya	N
agnipAta	N
agnipatana	Y
agnipraRayana	Y
agnipradAna	N
agniputra	Y
agnirahasyakARqa	N
agnisTala	N
agnisaMdIpana	N
agnisamADAna	N
agnisparSa	Y
agnitanu	N
agnituRqa	N
agnivaha	N
agniviS	N
agniyOna	N
agnyAyatana	N
agnyarci	N
agoHprApaRam	N
agocarIkf	N
agrAgra	Y
agrAnta	Y
agra	Y
agraBojya	Y
agraDarma	N
agraRIkf	N
agraSiKa	Y
agraSrAvaka	N
agraboDi	N
agracCada	N
agradevI	N
agradravasaMhati	N
agragaRanA	Y
agraha	Y
agrahaRa	Y
agrapAka	N
agrasaMKyA	N
agrasta	Y
agratalasaMcAra	Y
agrayAna	Y
agrimavatI	Y
aguRin	Y
ahApayat	N
ahInAha	N
ahIramaRi	N
aha	N
ahaHkzAnta	N
ahaHstoma	N
ahaMGAta	Y
ahalyAkAmaDenu	N
ahalyAsaMkrandana	Y
ahamada	N
ahamindra	Y
ahammati	N
ahampadArTa	N
aharAdi	N
ahatamArga	N
aheDma	N
ahelin	N
aheqamAna	Y
ahetuvAda	Y
ahetuvAdin	Y
ahiMkAra	N
ahijamBana	N
ahikaYcuka	Y
ahimarocis	Y
ahina	Y
ahinilvayanI	N
ahipfzWa	N
ahiraRyava	Y
ahividviz	Y
ahivratin	N
ahobala	N
ahrasta	Y
ahutAByudite	N
ajAti	Y
ajIryat	N
ajIryattA	N
ajU	Y
ajYAnaboDinI	N
ajYAnaviDvaMsana	N
ajagati	Y
ajaloman	Y
ajanman	Y
ajapAla	N
ajayapAla	N
ajayasiMha	N
ajayavarman	N
ajinaratna	Y
ajira	Y
ajjU	N
ajyAyas	N
akAla	N
akAlakOmudI	N
akAlaka	N
akAmasaMjYapana	Y
akAvaNka	Y
akAyikA	N
akUja	N
akUjana	Y
akUrmapfzat	N
akaRaka	N
akabara	N
akali	Y
akalita	Y
akalmAza	Y
akalmaza	Y
akalya	Y
akarRIya	Y
akarizyat	N
akarmikA	N
akasyavid	N
akfSakIrti	N
akfmiparisfpta	Y
akftaSmaSAna	N
akftacUqa	Y
akftakArya	N
akfzwa	Y
akiMcid	N
akilina	Y
akkA	Y
akkAdevI	N
aklIba	N
akopya	N
akrIta	Y
akrUra	Y
akra	N
akramaSas	Y
akramam	N
akramoQA	Y
akrandita	N
akroDa	Y
akruDyat	N
akti	Y
akuRqala	N
akuSala	Y
akulA	N
akula	Y
akulaka	Y
akumBa	Y
akupya	Y
akupyat	N
akutUhala	N
akutaScana	N
akutaScid	N
akutomftyu	Y
akutsayat	N
akuzWipfzat	Y
akz	Y
akzAnta	Y
akzIyamARa	N
akzRayApacCedana	N
akza	Y
akzaDarma	Y
akzaDurA	N
akzaSIla	Y
akzaSabda	Y
akzaSikzA	Y
akzamA	Y
akzamAlikA	N
akzama	Y
akzamin	Y
akzanvat	N
akzaprapAtana	N
akzarAntara	N
akzara	Y
akzaraSikzA	Y
akzarasaDAtu	Y
akzarasaMhAta	N
akzarasaMhitA	N
akzarasampad	N
akzaravat	N
akzasUtravalayin	Y
akzatAmaya	Y
akzata	Y
akzayavawa	Y
akziRvat	N
akzibanDa	Y
akzilakzIkf	N
akzisaMskAra	N
akzita	N
akzitavya	Y
akzoByA	N
akzoByatIrTa	N
akzuRRaveDa	N
alABalABa	N
alAGava	Y
alAtacakra	Y
alAtacakravat	N
alIkA	N
alIkavAdaSIla	N
alUna	Y
alaBya	Y
alaMkArAnusAriRI	N
alaMkAra	N
alaMkAraBARqa	Y
alaMkAraratnAkara	Y
alaMkArasarvasva	N
alaNGitAtman	N
alaNGita	N
alaNGitapUrva	N
alabDagADa	Y
alabDapada	Y
alakzaRaka	Y
alakzman	Y
alamArya	Y
alamBavizRu	N
alamarTavacas	Y
alasaya	N
alatikA	Y
alavaRASin	N
alepa	N
algaRqu	N
alimat	N
alipi	N
allApadIna	N
allAqalaharI	N
allawa	N
alopI	N
alpANga	N
alpANgatva	N
alpAlpa	N
alpAlpaBAs	N
alpAtaNka	Y
alpAvaSeza	N
alpAvaSizwa	N
alpAvaSizwatva	N
alpIBAva	N
alpaBujAntara	N
alpaPala	Y
alpacCada	Y
alpadeSavfttitva	N
alpahariRa	N
alpakAt	N
alpakAya	Y
alpakAyatva	N
alpakaRWa	N
alpanidAna	N
alpaparicCada	N
alpapuzpakA	N
alpapuzpaka	N
alpasparSa	N
alpasvamat	N
alpasvara	N
alpavat	N
aluYca	Y
aluma	N
amAputrA	N
amAputra	Y
amApya	Y
amBastas	Y
amBogarBa	N
amBojabanDu	Y
amBojavadanA	Y
amImAMsaka	Y
amOktika	N
amRas	Y
amUlA	N
amaWa	N
amalAnvaya	Y
amalapakzavihaMgama	Y
amamri	Y
amarAgAra	N
amarI	N
amaradruma	Y
amaragaRanAleKya	N
amaragarBa	N
amaragiri	Y
amaramaya	N
amaramfgIdfS	N
amaravaDU	Y
amaravarRin	N
ambUrmigata	N
ambaka	N
ambapAlI	N
ambaraKaRqa	N
ambaraleKin	N
ambaramAlA	N
ambeka	N
ambikAKaRqa	N
ambikAmAhAtmya	N
ambikApariRaya	N
ambikAvana	N
ambika	N
ambuBakzya	N
ambuDAra	N
ambuDakAminI	N
ambuhasta	N
ambujAsanA	N
ambujIvin	Y
ambujabAnDava	N
ambujinI	N
ambukAntAra	N
ambukaPa	N
ambukapi	N
ambukukkuwa	N
ambulIlAgeha	N
ambumaya	N
ambupriya	N
ambusUkara	N
ambusamplava	N
ambuvAsa	N
ambuvallI	N
ambuvarDana	N
ambuvega	N
ameDyapratimantraRa	N
ameGopaplava	N
ameni	Y
amftAtman	N
amftIBU	N
amftaBAzaRa	N
amftaDAyin	N
amftacit	Y
amftameGa	N
amftapAyin	N
amftaplavana	N
amftasaras	N
amiTuna	N
amiTyAkf	N
amitASanA	N
amitAyurDyAnasUtra	N
amitaDvaja	N
amitamati	N
amitapraBa	N
amitaskanDa	N
amitodana	N
amitrakarman	N
amitrakarzaRa	N
amitrakarzin	Y
amlajuRqI	N
amlatiktakazAya	N
amlowa	N
ammarA	N
amoGArTa	N
amoGa	Y
amoGadeva	N
amoGarAGava	N
amoGatA	N
amoGavatI	N
amoha	N
amudA	N
amudra	Y
amudryaYc	N
amukIya	N
amuktaviSramBa	N
amutaHpradAna	N
anABoga	Y
anAKyAya	N
anASakin	N
anASita	N
anASvAsika	Y
anAcIrRa	Y
anAdarAkzepa	N
anAdi	Y
anAgarta	N
anAhita	Y
anAktAkza	N
anAkzepam	N
anAla	Y
anAlabDa	N
anAlayana	N
anAntarIyaka	Y
anApatti	Y
anAprIta	Y
anArUQa	N
anAroka	Y
anAsTa	Y
anAsaNga	N
anAsrava	N
anAsravaprakAra	N
anAstika	N
anAstikya	N
anAtman	N
anAtmatA	Y
anAvfta	Y
anAvfttiBaya	N
anAvidDa	Y
anAwa	N
anAyatana	N
anAyuvAna	N
anDIkaraRa	Y
anDacawakanyAya	N
anDakAla	Y
anDakAntaka	Y
anDakArin	Y
anDakI	N
anDamehala	N
anDaparamparAnyAya	N
anDatAmisra	Y
anDavyUha	Y
anEBftya	Y
anEScArika	Y
anEkAntikatA	N
anEndava	Y
anEqaka	N
anEtihya	Y
anI	N
anIcEstana	Y
anIhamAna	Y
anIkzaka	Y
anIla	Y
anIrita	N
anOcitI	Y
anOpADika	N
anOpama	Y
anOzaDa	Y
anUDas	N
anUdBAsin	Y
anUdara	N
anUddeSa	Y
anUha	Y
anUkASin	N
anUnavastuka	N
anUpAlu	N
anUrDvajYu	N
anUtTAna	Y
anUtTAtf	N
anUtsarga	Y
anUzarih	Y
anUzman	N
anaBiSastI	N
anaBigata	N
anaBihitavAcya	N
anaBijita	N
anaBilulita	N
anaBizecanIya	N
anaBizekya	N
anaByavacAruka	Y
anaDItya	N
anaDIyAna	Y
anaDIyat	N
anaDIzwa	Y
anaDyAsa	N
anaDyAtmavid	N
anaDyAya	Y
anaDyavasita	Y
anaNgaBIma	N
anaNgaharza	N
anaNgalatikA	Y
anaNgamaNgala	N
anaNgavidyA	N
anaNguzWa	N
anaha	N
anaka	N
anakzita	Y
analAya	N
anala	Y
analam	N
analasaKa	Y
analopala	N
anama	Y
anambu	N
anamin	Y
ananUtTAna	Y
anantaHpAdam	N
anantaSAyin	N
anantara	Y
anantarhiti	N
ananuvAkya	Y
ananuyoga	N
ananvAgama	N
ananvAgata	N
ananvagBAva	Y
ananvavajaya	N
ananyakArya	N
ananyaparAyaRa	N
ananyarADas	N
ananyavandin	N
anapAyadfzwa	N
anapacAyitf	N
anapacAyyamAna	Y
anapadozya	Y
anapakzepya	N
anaparudDa	N
anapatrapA	N
anapekzamARa	Y
anapinadDa	N
anapuMsaka	Y
anaqud	N
anaqudarha	Y
anaqudyajYa	Y
anarDuka	N
anarTAvekza	Y
anarTaBIru	N
anarTakAma	N
anarman	Y
anasvin	Y
anatidAha	N
anatidagDa	N
anatidfSna	Y
anatimAnin	N
anatipraSnya	N
anatisfzwa	N
anavIkfta	N
anavacCitti	N
anavadAnIya	N
anavagIta	Y
anavagata	N
anavalopa	N
anavamadarSin	N
anavarAgra	N
anavarRa	Y
anavaroDya	N
anavarti	N
anavarudDa	N
anavasnAtA	Y
anavekzitam	N
anaveta	Y
anavezwa	N
anazwa	N
aneDas	N
anekAtmavAdin	Y
anekaDft	Y
anekasaMKya	N
anekasaMsTAna	N
anekavArzika	Y
anekavarRa	Y
anelamUka	Y
anevaMvid	N
anevam	N
anfNga	N
anfRIkaraRa	Y
anfgvedavinIta	Y
anftAtmaka	Y
anftakaTa	Y
anftapaSu	Y
anftasaMgara	Y
anftasaMhita	Y
anftasarvasva	Y
anftika	N
anfzaBa	Y
ani	N
aniBfta	Y
aniHzwubDa	N
aniNgana	Y
aniNgyamAna	N
aniSAnta	Y
aniScara	Y
aniSceya	Y
anibanDana	N
anicaya	Y
anidAGadIDiti	Y
anigupta	N
anihUta	N
aniha	N
anihita	N
anikAzam	N
anikfti	Y
anikzipya	N
anilASana	Y
anilAhata	N
anila	N
anilamBa	N
animitta	Y
animittalipi	N
animiza	Y
animizita	Y
anipAna	N
anirAkaraRa	N
anirAkarizRu	N
anirAkftin	Y
anirGAtya	N
aniraSita	N
anirdAhuka	N
anirdaya	N
anirhata	N
anirmArga	N
anirudDa	Y
anirvAhaRaSIla	N
anirvApa	N
anirvedita	Y
anisfzwa	Y
anistizWat	N
anitTaMvid	N
anivartin	Y
anivezwyamAna	Y
aniwkArikA	N
aniyamopamA	N
aniyantraRAnuyoga	N
aniyantraRam	Y
aniyasita	Y
anizpanna	N
anizpannatva	N
anizucArin	N
anizwaka	N
anizwayajYa	N
annABiruci	N
annASana	Y
annAda	N
annIya	N
annaBuj	Y
annaSuBa	N
annadravaSUla	Y
annahAra	Y
annajA	N
annakASin	N
annakaraRa	Y
annapASa	N
annaparyAyam	Y
annasaMdeha	Y
annasaMskartf	N
annavidveza	N
annavikfti	Y
annayoni	N
annikA	Y
anojas	N
anoyukta	N
antAt	N
antAya	N
antaHSAnti	Y
antaHSElaja	N
antaHSIrRa	N
antaHSava	N
antaHSri	N
antaHkrOrya	Y
antaHkratu	N
antaHpArSva	Y
antaHpAtin	Y
antaHpUjA	N
antaHpUya	Y
antaHparimArjana	N
antaHprARin	N
antaHpracalita	N
antaHpramoda	Y
antaHpratihAram	N
antaHpraveSa	N
antaHpurADipatya	Y
antaHpurAvacara	Y
antaHpurIya	N
antaHpuracArikA	Y
antaHpuravfdDA	N
antaHpurevAsa	Y
antaHsAma	N
antaHsAmika	Y
antaHsAnu	N
antaHsTIBAva	N
antaHsadas	Y
antaHsalila	N
antaHsalilam	N
antaHsalilasTa	N
antaHsattva	N
antaHsmayin	N
antaHsmera	Y
antaHsmita	N
antaHspandya	N
antaHstoBa	N
antaHstomaBAgam	N
antaHsuzirin	Y
antaSas	Y
antaScaRqAla	N
antaScakzus	N
antaScara	N
antadIpaka	Y
antadvIpa	N
antadvIpin	N
antakAnana	Y
antakapura	Y
antakaraRa	Y
antakarman	N
antamasTA	N
antanAman	Y
antanetra	Y
antapluta	Y
antarA	Y
antarABakta	N
antarASfNgIya	Y
antarAgamana	N
antarAntarAt	Y
antarAnvezin	N
antarBAva	Y
antarBUta	N
antarBeda	N
antarBinna	Y
antarDErya	Y
antarDana	Y
antarDinAman	N
antarDvAnta	Y
antarIkf	N
antaraBAvanA	N
antaradvIpa	N
antarakoSa	Y
antarantaHsTa	Y
antarapatita	Y
antaraprekzin	N
antaratas	Y
antaravAsaka	N
antardivAkIrtya	N
antareza	Y
antargaRa	Y
antargalagata	N
antarhiti	N
antarikzAsana	N
antarikzanAman	N
antariti	Y
antarjalOGa	N
antarjana	N
antarmadAvasTa	N
antarmandira	Y
antarmarman	N
antarmoda	Y
antarmuKa	Y
antarmuKam	N
antarniKAta	N
antarnihita	N
antarniveSana	Y
antarvAvat	Y
antarvacana	N
antarvartinI	N
antarvftti	N
antaryAga	N
antaryAma	N
antaryajana	N
antaryakza	N
antatvAzwrI	N
antena	N
antideva	N
antikAt	N
antitara	Y
antu	N
antyArDa	Y
antyamaRqana	N
anuBAvya	N
anuBAzita	Y
anuBa	N
anuBava	Y
anuBavam	Y
anuBayAtman	N
anuBayAtmatA	N
anuBaya	N
anuGawana	N
anuSAsin	Y
anuSAsti	N
anuSaMsa	N
anuSaMsaSaMsana	N
anuSayAkzepa	N
anuSayin	Y
anuSikzA	Y
anuSizwa	N
anuSloka	N
anuSrotavya	Y
anuSru	N
anuSuSrUzA	N
anubimba	N
anubimbana	Y
anubimbita	Y
anuboDa	Y
anucaraRa	N
anucaraRacarita	N
anuccalat	N
anudDAna	N
anudGAta	N
anudapAna	N
anudarSa	N
anudgfhRat	N
anudravaRa	Y
anudvAra	Y
anudvAta	N
anudvIpa	N
anudvejayat	N
anugA	N
anugAna	N
anugAnaSas	N
anugApana	Y
anugIta	Y
anugaRqikA	N
anugantI	N
anugara	N
anugeya	N
anugoptf	N
anugrahItf	N
anugrahaRa	Y
anuharaRa	Y
anuhf	N
anuhoma	N
anujAsutA	N
anujYAkzepa	N
anujYApana	Y
anujYApya	Y
anukA	N
anukAra	Y
anukaRWI	N
anukacCam	N
anukalam	N
anukampya	Y
anukanaKalam	N
anukarzaRa	Y
anukroSAkzepa	N
anukroSin	N
anuktasidDi	N
anulamba	N
anulepin	N
anulomapratiloma	Y
anulomaya	N
anulomikI	N
anumAlinItIram	N
anumArg	N
anumArgAgata	N
anumArga	Y
anumAtf	N
anumantavya	N
anumatavajra	Y
anumft	N
anumodin	Y
anumroka	N
anunadi	Y
anuniDAnam	N
anuninIzA	Y
anupADirAmaRIya	N
anupAdAna	N
anupAde	Y
anupAkruzwa	Y
anupAlya	N
anupAtta	N
anupAwa	N
anupAya	Y
anupUraRa	Y
anupUrvANgulitA	N
anupUrvadaMzwratA	N
anupUrvagAtratA	N
anupUrveRa	N
anupaDmAta	Y
anupacarita	Y
anupadezwavya	N
anupagatajara	N
anupagfhIta	N
anupahatakarRendriyatA	N
anupahita	N
anupakiYca	N
anupalIQa	Y
anupalipta	N
anupanAha	Y
anupanata	Y
anuparAga	N
anuparigrah	N
anuparimfj	N
anupariplu	N
anuparisic	N
anuparivArita	N
anuparoDa	N
anuparoDatas	N
anuparvata	Y
anupastIrRaSAyin	N
anupayat	N
anupeta	Y
anupeya	N
anupeyamAna	N
anupiRqam	Y
anupopta	N
anupradAtf	N
anuprahftaBAjana	N
anuprahftya	N
anuprahita	N
anuprapattavya	N
anuprasarpaka	Y
anuprasarpin	N
anuprasfptin	N
anupravap	N
anupravartana	N
anupravartita	N
anupravftti	N
anupraviS	N
anupravraj	N
anupravrajana	Y
anuprazwf	N
anuprezaRa	N
anupriya	Y
anusaMDAnIya	Y
anusaMDi	N
anusaMjYapti	N
anusaMsf	N
anusaMtAna	N
anusaMvarR	N
anusaMvfjin	N
anusakTam	N
anusaraRa	Y
anusarga	Y
anusarpaRa	N
anusartavya	N
anusartf	N
anusftavatsA	Y
anusmfti	N
anuspandyam	N
anusrotasa	N
anustanita	Y
anusvan	N
anutApANka	N
anutApaka	Y
anutarza	Y
anutizWAsu	N
anutoda	N
anutpAda	N
anutpUta	Y
anutpattikaDarmakzAnti	N
anutsfzwa	Y
anutsikta	N
anutta	Y
anuttaraMga	Y
anuttarapUjA	N
anuttuRqita	N
anuvAda	N
anuvAdinI	N
anuvAsaram	N
anuvaMSaSloka	N
anuvanAntam	Y
anuvapram	Y
anuvartitA	N
anuvartya	N
anuvas	N
anuvftti	N
anuviDa	N
anuviDeya	N
anuvilok	N
anuvizRu	N
anuvyAhfta	Y
anuvyApin	Y
anuyam	N
anuyiyAsu	Y
anuyogadvAra	N
anuyoktavya	N
anuzWAnika	N
anuza	N
anuzakti	N
anuzwra	N
anuzwuB	Y
anuzwupsampad	N
anvADi	N
anvAKyAyaka	N
anvAhiRq	N
anvAkarzaka	N
anvApadIna	N
anvAsTAna	N
anvAsTAya	N
anvAsecana	N
anvAvft	N
anvAvftam	N
anvIkzaka	N
anvaByavacAram	Y
anvaByavacar	N
anvaNgam	N
anvagjyezWa	Y
anvagram	N
anvaksTAnin	N
anvakzaram	Y
anvat	N
anvavalamba	N
anvavekzaRa	N
anvavekzin	N
anvayAgata	N
anvezwf	N
anvicCA	Y
anyAdfSa	Y
anyApadeSa	Y
anyArTa	N
anyArTatva	N
anyArTavat	N
anyAya	Y
anyAyamati	N
anyAyasamAsa	N
anyAyatas	Y
anyAyavftti	N
anyAyin	Y
anyUnANga	N
anyUnArTavAdin	N
anyUnAtiriktANga	Y
anyaBAva	N
anyaSAKAsTa	N
anyaSaNkita	N
anyaSfNga	Y
anyaTABiDAna	N
anyaTASIlika	Y
anyaTAdarSana	N
anyaTAjAtIyaka	N
anyaTAkaraRa	Y
anyaTAkfti	N
anyaTAsamBAvin	N
anyabanDu	Y
anyacCAyAyoni	N
anyajanatA	Y
anyakAra	N
anyaloha	N
anyalokya	N
anyamAnasa	N
anyamAtfka	N
anyapadArTapraDAna	N
anyaparigraha	N
anyarAzwriya	Y
anyat	N
anyatIrTika	Y
anyataHsitibAhu	N
anyataHsitiranDra	N
anyatarAnyatara	Y
anyatara	N
anyataratoyukta	N
anyatkAma	N
anyatoGAtin	N
anyatodvAra	N
anyatojyotis	N
anyatomuKa	N
anyatpArSva	Y
anyatrakaraRa	Y
anyatsTAnagata	N
anyayajYa	Y
anyedyuzka	N
anyokti	Y
anyoktiSataka	N
anyoktikaRWABaraRa	N
anyoktiparicCeda	N
anyonyAnurAga	N
anyonyApatitatyAgin	Y
anyonyaBAva	N
anyonyaDarmin	N
anyonyadarSana	N
anyonyagata	N
anyonyakftya	Y
anyonyamiTuna	Y
anyonyasparDA	N
anyonyasparDin	N
anyonyopamA	N
anyopatApin	N
apANgaviSAlanetra	N
apARi	Y
apARigrahaRa	N
apARitva	N
apASrayaRa	N
apASrayavat	N
apASrayin	N
apAWa	Y
apAYcAlya	Y
apAdya	Y
apAlu	N
apAnIya	Y
apAnika	N
apAnunutsu	Y
apApAya	Y
apApad	Y
apArTaya	N
apAra	Y
apArapAra	N
apArijAta	Y
apAtrIBU	N
apAtravarzaRa	N
apAtravarzin	N
apAtta	N
apAyasaMvartanIya	Y
apUpaSAlA	N
apUpaka	N
apUpikA	N
apUra	Y
apUraRa	Y
apUrva	Y
apUrvadarSana	N
apUrvakaraRa	N
apUrvapada	N
apUrvavAda	N
apUrvin	Y
apaBAzaRa	Y
apaBAzitavE	Y
apaGAwilA	N
apaGfRa	N
apaKyAti	N
apaNka	Y
apaNkatA	N
apaSAlIna	Y
apaSAlInatA	N
apaSIla	Y
apaSUla	N
apaSabda	N
apaSabdita	Y
apaSastra	N
apaSrama	Y
apaSruti	N
apaSubanDayAjin	N
apaSuzka	N
apaTadAyin	Y
apaTahara	N
apaYcama	N
apaYcayajYa	N
apacAyaka	Y
apacamAna	N
apacamAnaka	Y
apacana	N
apacetas	Y
apacikIrzu	Y
apadAlaka	N
apadAnta	Y
apadAntasTa	N
apadUzaRa	Y
apadarpa	Y
apadfzwi	Y
apadibadDa	Y
apadma	N
apagatakAlaka	Y
apagfhya	Y
apagrAma	N
apahAra	N
apahAravarman	N
apahArya	Y
apaharaRa	Y
apaharza	N
apahasita	Y
apahastaka	Y
apahelana	N
apahf	N
apahft	Y
apahita	N
apahnavana	Y
apahrepaRa	N
apahvara	Y
apaji	N
apajihIrzA	N
apajvara	N
apakaRwaka	Y
apakartana	Y
apakarzin	N
apakazAyatva	N
apakft	Y
apakftya	Y
apakoSa	N
apakrAmam	Y
apakrAnta	Y
apakrAntameDa	N
apakramamaRqala	N
apakzapAtin	Y
apalakzmaRa	Y
apamArin	N
apamaNgala	N
apamaSiYjinI	N
apamada	Y
apamala	N
apamfga	N
apamfzwi	Y
apamud	Y
apanAma	N
apanTadAyin	N
apanayin	N
apaneya	Y
apaniDi	N
apanidra	Y
apaninIzA	Y
apaninIzu	N
apanizAduka	Y
apanodaka	Y
apanyAyya	N
apanyAyyatva	N
apapIqA	N
apapa	N
apapayas	Y
apaprasara	Y
aparA	N
aparABava	Y
aparADavat	N
aparANmuKam	N
aparASA	N
aparAjayin	N
aparAjitagaRa	Y
aparAktva	Y
aparAmfzwa	Y
aparApAta	Y
aparArDya	Y
aparAvApa	Y
aparAvapizWa	Y
aparAvftta	N
aparAvfttaBAgaDeya	Y
aparAvftti	Y
aparAvfttivartin	N
aparAyaRa	Y
aparIkzyakArin	N
aparItta	Y
aparItya	Y
apara	N
aparaSuvfkRa	N
aparaSvas	N
aparadIkzin	Y
aparaganDikA	N
aparagodAni	N
apararAtri	Y
aparasparasamBUta	N
aparatas	N
aparavallaBa	N
aparavedanIya	N
aparayoga	N
apariBAzita	Y
apariBakza	N
apariBogam	N
apariSrita	N
aparibADa	N
aparicalita	Y
aparihIRakAlam	Y
aparihIyamARa	Y
aparihita	Y
aparijAta	N
aparijIrRa	Y
aparilupta	N
aparimitakftvas	Y
aparimlAnalalAwatA	N
aparisTAna	N
aparisaMKyAna	N
aparisaMKyeya	N
aparitta	Y
aparityajya	N
aparkyapfzWa	N
aparoDya	Y
aparujA	N
aparuz	N
aparuzakeSatA	N
aparvaRi	N
aparvata	Y
aparyARa	Y
aparyAgata	N
aparyezita	Y
aparyupya	N
aparyuzita	N
apasAritA	N
apasarpya	Y
apasavya	N
apaskamBa	N
apasmAra	N
apasmaya	N
apaspaSa	Y
apastana	Y
apasvara	Y
apatAna	Y
apataMsana	Y
apatanIya	Y
apatanaDarmin	N
apatanaDarmitva	N
apatanta	Y
apataram	Y
apatitAnyonyatyAgin	N
apatita	N
apaturIya	Y
apatuzAra	N
apatuzAratA	N
apatyanATa	N
apatyasneha	N
apavAda	Y
apavAtA	Y
apavaMSa	N
apavaktra	N
apavarRa	N
apavarga	Y
apavargamArga	N
apavarjana	N
apavarjitatElapUra	N
apavartikA	N
apavartya	N
apavatsa	N
apavfktatva	N
apavftta	N
apavfttaBAva	Y
apavidyA	Y
apavij	N
apavipad	Y
apavitraqAkinI	N
apavyAKyA	N
apavyAhAra	Y
apavyApAra	N
apavyavasTa	Y
apawIkA	N
apayARya	Y
apayAtavya	Y
apayAtavyanaya	N
apayasya	N
apekzaRa	N
apetaprARa	N
apetaprajanana	N
apfTagDarmin	N
apfTagjita	N
apfTagvivekya	N
apfTaktvin	N
api	Y
apiSAcaDIta	N
apidrazwf	N
apinadDAkza	Y
apisomapITa	Y
apliNga	N
apotsfj	N
appUrvam	N
aprAstAvika	Y
aprAtirUpya	N
apraGnatI	Y
apraRihita	N
apraSama	Y
apracCAya	Y
apracCanna	N
apragADa	Y
apraguRa	Y
aprahfzwaka	N
aprajana	N
aprajanatva	N
aprakASat	N
aprakfta	N
aprapaSya	N
aprasanna	Y
apratIBA	N
apratiBawa	Y
apratihataraSmirAgapraBa	N
apratikfzwa	N
apratilomayat	N
apratimalla	Y
apratisADya	Y
apratisaMKyA	Y
aprativARi	Y
aprattadevata	Y
apratyutTAyuka	Y
apravartin	N
apravftta	Y
apravftti	Y
aprayujyamAna	Y
apriyAKyAyin	N
apsumat	N
aptUrya	N
aptur	Y
apuYja	N
apunarABAva	Y
apunarBAvin	N
apuruzABivIta	N
apuruzAparADa	Y
apuruza	Y
aputrya	N
apuvAya	N
apuza	N
apuzkala	Y
apuzwArTa	N
apuzwArTatva	N
apva	N
aqara	N
aquva	N
arAgadveza	N
arAgadvezatas	N
arAgadvezin	Y
arAkzasa	N
arAlahasta	N
arAlakeSI	N
arAntaragatA	N
arAqa	Y
arAwakI	N
arBaka	N
arDAntarEkavAcaka	N
arDAsi	Y
arDAvizwa	N
arDaPAlaka	Y
arDaPAlakamata	N
arDadaRqa	N
arDadevatA	N
arDadvicaturaska	N
arDahara	Y
arDahastaka	N
arDakapiSa	N
arDamAnava	N
arDamAnuza	N
arDamAyUrI	N
arDamakuwa	N
arDamuRqa	Y
arDanAkula	N
arDanizpanna	Y
arDarUpa	N
arDarUpatA	N
arDarcasya	N
arDaspfzwa	N
arDasuptaka	N
arDavESasa	Y
arDaya	N
arDezwakA	N
arDocCizwa	Y
arDopA	N
arGyaSIla	N
arGyadAna	N
arIRa	Y
arRavaSakkarI	N
arRikA	N
arTABipatti	Y
arTADinATa	Y
arTAkzipta	N
arTAnarTa	N
arTAntarya	N
arTApaya	N
arTApekza	N
arTaSleza	N
arTacaryA	Y
arTadAyAda	N
arTadarSin	N
arTadarpaRa	N
arTadyotanikA	N
arTagati	Y
arTakAmya	N
arTakArin	Y
arTakaTA	N
arTakartf	N
arTalAGava	Y
arTalola	Y
arTalopa	Y
arTanASaka	Y
arTapAWa	Y
arTapUrvaka	N
arTapUrvakatva	N
arTapaYcaka	Y
arTapadavI	Y
arTapara	Y
arTapunarukta	N
arTarUpa	N
arTaracana	Y
arTasADana	N
arTasaMdeha	N
arTasamAhartf	N
arTasamBava	N
arTasama	Y
arTavAda	N
arTavaSa	N
arTaviSezaRa	N
arTavyavahAra	N
arTayogya	N
arTega	N
arToddyotanikA	N
arTuzya	N
arUQamUlatva	N
arUpAvacara	N
arUpa	N
arUpaloka	N
arUparAga	N
araDra	Y
araMgama	N
araRAvihArin	Y
araRi	Y
araRyanitya	N
araRyopanizad	N
araSana	Y
arajanIkfta	Y
arajaska	Y
arajovittA	Y
arakta	Y
araktatAmra	N
araqa	N
arbuda	Y
arbudaDA	N
arbudamAhAtmya	N
arbudodAsarpiRI	N
arcArha	N
arcArhaka	N
arcAviqambanA	N
arcas	N
arcicayizu	Y
arepa	Y
arhaRIya	Y
arhaRIyatama	N
arhaka	N
arhasAna	N
ariSAsin	N
arizwaka	Y
arizwanemi	N
arizwaroga	Y
arjin	Y
arkAtmajA	N
arka	N
arkabanDu	N
arkadugDa	Y
arkanetra	Y
arkezwa	N
armakapAla	N
aromaSa	Y
arpaRamImAMsA	N
arpiSa	N
arpima	N
arpiza	N
aruHsrARa	N
aruRa	Y
aruRadatI	Y
arula	N
arunDatIdarSananyAya	N
arvAksrotas	N
aryaka	N
aryamanandana	Y
asADAraRopamA	N
asADu	Y
asAhacarya	N
asAlatiprakASa	N
asAra	N
asIma	Y
asPuwaBAzaRa	N
asTAna	Y
asTiBaNga	N
asTiKAda	N
asTiSeza	N
asTiSezatA	N
asTiSudDi	N
asTicit	Y
asTikara	N
asTikumBa	Y
asTisaMGAta	N
asTisaMyoga	N
asTivilayatIrTa	N
asTiyantravat	N
asTyudDaraRa	N
asUcIsaMcAra	N
asUta	Y
asaMBava	Y
asaMKyaSas	Y
asaMdaDAna	N
asaMdarSana	N
asaMgItakam	N
asaMgatapraBa	N
asaMgrAha	Y
asaMgraha	Y
asaMhatavihArin	N
asaMjYika	N
asaMjYikasattva	Y
asaMkIrRa	Y
asaMkxpta	N
asaMlulitakeSatA	N
asaMnipAtin	N
asaMnyupta	Y
asaMsUktagila	N
asaMskArya	Y
asaMvfttaviDeya	N
asaMyatta	Y
asaMyogopaDa	Y
asahat	N
asahfdaya	Y
asahya	Y
asajAti	N
asakta	Y
asamAptapraBa	N
asamBUta	N
asamanvAhAra	Y
asamayavyukta	N
asammozaDarman	N
asamparigraha	N
asampfkta	N
asamprajYAna	N
asamprajYAta	N
asampramARa	N
asampuza	N
asanAma	N
asanidarSana	Y
asarvahoma	N
asasya	N
asatkriyA	Y
asatpratigraha	Y
asecanakadarSana	N
asfRya	Y
asfgBAjana	N
asi	N
asibadDa	N
asijala	Y
asijihva	Y
asimArga	Y
asiplava	N
asisUnA	Y
asitAla	N
asitAnana	N
asita	N
asitagati	N
asitagatidyuti	N
asitaratna	Y
asitaskanDa	Y
asitekzaRa	N
asmAdfSa	Y
asmadrAta	N
asoQa	N
aspandanasTiti	N
aspfzwapuruzAntara	N
asruta	N
astABilAzin	Y
astIka	N
astaMgacCat	N
astagAmin	N
astakaruRa	N
astalagna	N
astamayAcala	N
astamitoditA	N
astanA	Y
astarya	Y
astinAstitva	Y
astrIka	Y
astra	Y
astrajIvana	N
astrakzatimat	N
astraveda	N
astu	N
asuKAya	N
asupratAra	Y
asurArdana	Y
asuraviSa	Y
asuri	N
asuvyaya	N
asvAmivikraya	N
asvArTa	Y
asvagatA	N
asvarya	N
asvaryogya	N
asvasTAna	N
asvatA	N
asyAkfti	N
asyUtanAsika	Y
asyagra	N
atEjasa	Y
atISa	N
atIcAra	Y
atIkASa	N
atIrRa	Y
atIrTa	N
atIvAda	N
atandrI	Y
atarapaRyena	N
atarka	N
atarkitopapanna	N
ataskara	Y
atiBAra	N
atiBAraBUta	N
atiSAta	N
atiSaMsanA	N
atiSaMsana	Y
atiSayavat	N
atiSayopamA	N
atiSrama	Y
atiTIBU	N
atiTIkf	N
atiTyarTa	N
atiboDisattva	Y
aticCanda	N
aticiraya	N
aticitrIya	N
atidaMh	N
atidigDa	N
atidozam	Y
atidvaya	Y
atigArgya	N
atihAra	Y
atihasita	Y
atikfcCra	Y
atikfcCram	N
atikftArTa	N
atikfti	N
atikrAntAtikrAnta	Y
atikramaRa	Y
atimAla	Y
atimAya	Y
atimanoraTakrama	N
atimukti	Y
atinam	N
atipAda	N
atipAraya	N
atipraSfD	N
atiprasaNga	N
atiprasanna	Y
atirAtrayAjin	N
atiroka	N
atisAra	Y
atisarasvatI	Y
atisarga	Y
atisitANgavihaMga	N
atisuhita	Y
atisvinna	Y
atitamAm	N
atitfRRa	N
atitikzamARa	Y
ativIryapraBa	N
ativara	N
ativyasta	N
atiyAtrA	Y
atka	N
atrAsita	N
atrasad	N
atrasyat	N
atrirAtrayAjin	N
atsaruka	N
attrIRi	N
atulyapraBa	N
atvara	N
atyAKaRqalavikrama	N
atyAyus	N
atyUha	N
atyUrDvAkza	N
atyUrjitam	Y
atya	Y
atyakzara	Y
atyantaSas	Y
atyaya	Y
atyayikapiRqapAta	N
atyetavE	Y
atyfzaBa	N
atyurvISa	N
avAMSa	N
avAYc	Y
avAcAla	N
avAcaMyama	Y
avAcya	Y
avAgduzwa	Y
avAgja	N
avAkCruti	N
avAkPala	N
avAksrotas	N
avAlamba	Y
avAptukAma	N
avArtta	Y
avAruRa	N
avESAradya	Y
avEvartika	N
avEvartikatva	N
avEzamya	Y
avIraGna	N
avIraGnasTa	N
avItaka	Y
avaBAsya	N
avaBarjita	N
avaBartsana	Y
avaDAna	Y
avaDAnavat	N
avaDAnavattA	N
avaDika	N
avaGozaRA	Y
avaKAda	Y
avaSAnta	N
avaSarDayitf	N
avaSfD	N
avaSyAyakiraRa	N
avaSya	Y
avaSyaBAgIyaka	Y
avaSyayAtavyatA	Y
avaSyendriya	Y
avaYcanatA	Y
avacAraRa	N
avacCAdana	N
avacIravicIraka	Y
avacaraka	Y
avadAnakalpalatA	N
avadAtavasana	Y
avadola	Y
avadraNga	Y
avagITa	N
avagamana	Y
avagraha	N
avagrahaSaka	N
avahArika	N
avahat	N
avahitapARi	N
avahni	Y
avajAta	N
avajayana	N
avajihva	N
avajvAla	Y
avajvalana	Y
avakASe	N
avakIrRa	N
avakalana	Y
avakara	Y
avakeSin	Y
avakragamitA	N
avalgukArin	N
avalipsa	N
avalita	Y
avalka	N
avalokanaka	Y
avalokita	N
avalopa	Y
avalopana	Y
avamUrDaka	Y
avamocana	Y
avamohana	Y
avanImuKa	N
avana	Y
avaniHsaraRa	N
avantimihira	N
avapUraRa	Y
avapana	N
avapfzWIkfta	N
avapus	Y
avaqa	N
avarArDa	N
avarakaNkA	N
avartin	Y
avarzatarkye	N
avasAdanA	Y
avasAdanAvineya	N
avasAraRA	Y
avasPUrjaTu	N
avasPowana	N
avasTAtavya	N
avasarapAWaka	N
avasarpaRa	N
avasitArTa	Y
avasitakArya	N
avasitamaRqana	N
avasiti	N
avaskandana	Y
avasraMsana	Y
avasuzirA	N
avasvApanikA	Y
avatAqana	Y
avatAra	N
avatAraprekzin	Y
avatarpaRa	N
avatka	N
avatsA	Y
avatsala	Y
avavAdaka	Y
avavisraMsita	N
avazwabDatA	N
aveSasadfSa	N
avekzatA	N
avfntaka	N
avftta	N
avfzaRIkfta	N
avfzaRa	N
avfzwa	Y
aviBakta	Y
aviBavat	N
aviBraMSa	Y
aviDAyin	N
aviDura	Y
aviDya	Y
aviGnamaNgala	N
aviKaRqana	Y
aviKyAtadoza	N
aviSAlaBAva	N
aviSaNkita	Y
aviSrAntaviDyADaravyAkaraRa	N
aviSrabDa	Y
aviSrama	Y
avibarha	Y
avibuDa	Y
avicita	Y
avida	N
avidvizAvat	N
avigaRayya	N
aviheWita	Y
avijAnaka	Y
avikAra	Y
avikURita	Y
avikalpaka	Y
avikfzwa	Y
aviklizwa	Y
avikopita	Y
avikramaRa	N
avikrayya	N
avikuRWa	N
avilambasarasvatI	N
avilambya	N
aviloman	N
avimanas	Y
avimarSa	N
avimarSitavya	Y
avimocana	N
avimuKam	Y
avimuktopanizad	Y
avina	N
avinyasta	Y
aviplava	N
aviprapaYca	Y
avirUQa	Y
aviraladantatA	N
aviralita	Y
avirodDf	N
avisaMvAdita	Y
avisfzwa	Y
aviskanttf	N
avitAna	Y
avitaraRa	Y
avivAha	N
avivarta	Y
avizWu	N
avizamapadatA	N
avizwAva	N
avoQf	N
avokz	N
avokzaRIya	N
avyAGAta	N
avyAbADa	Y
avyAlacezwita	Y
avyaTin	Y
avyakta	N
avyaktaBAzin	N
avyaktamUrti	N
avyaktanirmARa	N
avyatI	N
avyavahAra	Y
avyavahfta	N
avyavasTA	N
avyavasTa	Y
avyavasTita	N
avyaveta	N
avyupta	N
avyuptakeSa	Y
avyuptavaha	Y
awawa	N
awawyA	N
awwapAlaka	N
ayAtrika	Y
ayOgika	Y
ayUTika	Y
ayaHSalAkA	N
ayaTAvftta	Y
ayamAsya	N
ayaskIlA	N
ayaskIla	Y
ayman	N
ayoga	Y
ayogapeSala	N
ayogin	N
ayomaRi	N
ayomiSra	Y
ayoni	Y
ayugacCada	N
ayugasapti	N
ayujAkzara	Y
ayujakAram	N
ayukpAdayamaka	N
ayutaDA	N
ayutaDAra	N
azWI	N
azwANga	Y
azwANgamArgadeSika	N
azwANgapraRipAta	Y
azwANgasamanvAgata	N
azwANgayoga	N
azwANgopeta	N
azwASvasamADi	N
azwAdaSa	N
azwAdaSaprakfti	N
azwAdaSarca	N
azwAdaSavakra	Y
azwAdaSavakrikA	Y
azwApada	N
azwArDa	N
azwAratni	N
azwaBoga	N
azwakASrAdDa	Y
azwakarmapariBrazwa	N
azwakyA	Y
azwamadeSa	N
azwapada	N
azwaratni	Y
azwavArzika	Y
azwika	Y
azwottara	N
bAhuleya	N
bAsteya	N
bAveru	N
bAzpagraTita	N
bAzpahatekzaRa	N
bIjANkuranyAya	N
bIjaDarman	N
bIwaka	N
baBrUmUtra	N
babiru	N
bahUpamA	N
bahiHSOca	N
bahiHprayARa	N
bahirmAlA	N
bahirvESravaRa	N
bahudevatA	N
bahukzIraduh	N
bahupratigrAhya	N
bahusaMsTita	N
bahuvelam	N
bahuviDAkAra	N
bahuvista	N
balABijYa	N
baliSeza	N
balihft	N
balivAhana	N
banDuSoka	N
banDuraH	N
banDuvarman	N
bava	N
bawwa	N
bfhacCiras	N
bilavat	N
bisaguRa	N
bisalAvam	N
boDiparinizpatti	N
brAhmaRAvekza	N
brAhmaRaBakta	N
brAhmaRasamBAza	N
brAhmaRavarRin	N
brAhmaRayoni	N
brUs	N
brahmAsandI	N
brahmaGoza	N
brahmahfdaya	N
brahmottara	Y
bruq	N
budDaBadra	N
cARqikA	N
cAhuyARa	N
cAkrika	N
cAlukyavikramakAla	N
cAmuRqarAja	N
cAndramasAyani	N
cApa	Y
cApanigama	N
cAparava	N
cAruSfNgin	N
cArugAmitA	N
cArugIta	N
cArupayoDara	N
cArya	Y
cEtrakuwI	N
cEtrasaMkrAnti	N
cIrAmbara	N
cIracIvara	N
cIvaravat	N
cOrakilbiza	N
cUrRavfdDi	N
caRava	N
caYcala	Y
caYcu	Y
caYcutA	N
caYcutva	N
cakadra	N
cakitagati	N
cakrANkitapARipAdatalatA	N
cakrANkitapAda	N
cakraDAraRa	N
cakrabanDa	Y
cakracara	N
cakraka	Y
cakrapaTa	Y
cakrapakza	N
cakraratna	N
cakzuHSrotra	N
calatsawa	N
campakaSrezWikaTAnaka	Y
candanaBAnu	N
candanagOra	N
candanaganDa	N
candanavanI	N
candrAgra	Y
candrArkamardana	N
candraBIru	N
candraSakala	N
candravarcasa	N
candravyAkaraRa	N
cara	N
caraRaka	Y
caritrAvaSeza	N
caritrapuzpa	N
carmAmbara	N
caryAcaraRa	N
catuHsuvarRaka	N
catuHzazwyupacAramAnasapUjAstotra	N
catuScatvAriMSadakzara	N
caturTipraBfti	N
caturasraSoBin	N
caturasrayAna	N
caturdaMzwra	N
caturviMSatyakzara	Y
caturvyavasitayamaka	N
catuzputra	N
catvAraka	N
catvarI	N
cayanAnta	N
cayanakArikA	N
cayanapadDati	N
cayanaprayoga	N
cayanasUtra	N
cazakAya	N
cedisaMvat	N
cezwApfTaktvanivartin	N
cikitsAprABfta	N
cikitsanIya	Y
cintAparIta	N
cintAviDeya	N
cintAvivikta	N
cirasaMsTita	N
ciravAsa	N
citAntarAMSatA	N
citi	Y
citrANgulitA	N
citrAhuti	N
citrAkfti	N
citrAyuDa	N
citra	Y
citrahetu	N
citrajavanikA	N
citrakaTa	N
citrakeSatA	N
citrapakzmatA	N
citrasuDAniDi	N
cittADipatya	N
cittaDArAbudDisaMkusumitAByudgata	N
cittaDAraRa	Y
cittapAvan	N
cittavirAga	N
colaBARa	N
corikAvivAha	N
cullapatka	N
cundikA	N
cuwI	N
dASeraka	N
dAhavadAnya	N
dAhavadAnyatA	N
dAkzAyya	N
dAkziReya	Y
dAkziRya	Y
dAlByAyana	N
dAnapawwaka	N
dAnapratiBU	N
dAnasaMvanana	N
dAnavIra	N
dAnaviSoDana	N
dAqimaPala	N
dArByUza	Y
dArQajayanti	N
dAragupti	N
dAruciti	N
dAs	N
dAtfpratIcCaka	N
dAtrAkarRa	Y
dAtreya	Y
dAyavIra	N
dInacintAmaRi	N
dIptAgra	N
dIptaPala	N
dIrGABinizWAnAnta	N
dIrGANgulitA	N
dIrGanirvaMSa	N
dIrRANga	N
dOhfdinI	N
dOnduBI	N
dOnduBi	N
dOrmatya	N
dUrUpa	N
dUrakArya	N
dUredevata	N
daDitTa	N
daMzwrAyuDa	N
daParaKAna	N
daRqAya	N
daRqaSura	N
daRqapASika	Y
daRqapadmAsana	N
daRqaviDi	N
daRqika	N
daRqopAnaha	N
daSAvasTA	N
daSAvayava	N
daSAvipAka	N
daSamIsTa	N
daSanaKa	N
daSanaSiKara	N
daSaputra	N
daSarAtraparyuzita	N
daSasAhasram	N
daSottara	Y
daSra	N
dadA	N
dadda	N
dagDAnna	N
dagDakilbiza	N
dahanakalpa	N
dahanasAraTi	Y
dahanavat	N
dahyu	N
dakziRApada	N
dakziRAprAYc	N
dakziRApratigraha	N
dakziRApravaRa	N
dakziRAvarjam	N
dalanagara	N
damadAna	N
damanAropaRa	N
damayantIpariRaya	N
damopeta	N
dampati	N
dan	N
dantakoSa	N
dantalIna	N
dantapAYcAlikA	Y
darBagrumuzwi	N
darBeRqva	N
darSanakANkzin	N
darSanotsuka	N
daraka	N
dattottara	Y
dayAlasa	N
dayApUrvam	N
dazwamAtra	N
dazwavya	Y
deSaBraMSa	N
deSavirudDa	N
dehabadDa	N
dehalIdIpanyAya	N
dehavimukti	N
devEnasa	N
devI	Y
devagama	N
devajana	N
devapARi	N
devarAya	N
devasaMyukta	N
devatAnigama	N
devatara	N
devayaSasa	Y
devayazwi	N
devendravarman	N
dfSAna	N
dfSIku	Y
dfgAyuDa	N
dfkSravas	N
dfkcCada	N
dfzwAdfzwa	N
dfzwibanDa	N
dfzwiprapAta	N
diSAna	N
digDaPala	N
digvalaya	N
dikpAlastuti	N
dinammanyA	N
divAsTAna	N
divastamBana	N
diviDuvaka	N
divyakAlinI	N
divyonmAda	N
dizwagamana	N
dohada	N
dorvizAda	N
drOpadIpariRayacampU	N
dra	N
dravarAga	N
draviRapati	N
draviRendrAtmaja	N
dravyaSaktimat	N
dravyaguRa	N
dravyasamuccaya	N
drumAbjaketu	N
drumAkza	N
drumacCedaprAyaScitta	N
drumala	N
duHKaBUyizWa	N
duHKapratIkAra	N
duHKeta	N
dunduBisvaranirGoza	N
duranUcAna	N
duranuga	N
duranusamprApya	N
durganDarasa	N
duryoDanAsana	N
duzkuha	N
duzpraDarza	N
duzpratItikara	N
dvArAvatI	N
dvArakAnATa	N
dvezakalpa	N
dviKurin	N
dvigarta	N
dvigotra	N
dvijAtipravara	N
dvimodakikA	N
dviparAjavikrama	N
dviradagAmin	N
dviradamaya	N
dviyajYopavItin	N
dvyavara	N
dyusTa	N
dyuvan	N
eDini	N
eRIka	N
ed	N
ehiBikzukA	Y
ejana	N
ekANgagraha	N
ekAdaSarca	N
ekAdaSavarza	N
ekAdaSavyUha	N
ekAhaDanin	N
ekAhan	N
ekAkzipiNgalin	Y
ekAmracandrikA	N
ekAmranATa	N
ekAmrapurARa	N
ekAmravanamAhAtmya	N
ekAntaduHKa	N
ekAntaritin	N
ekArTadIpaka	N
ekArzeya	Y
ekAtmapakza	Y
ekAtmapakzavAda	N
ekAyanIBAva	Y
ekEkatra	Y
ekEkavat	N
ekIBAvastotra	Y
ekIya	Y
ekaBUyas	N
ekaBoga	N
ekaSUla	Y
ekaSarIrin	Y
ekaSeza	Y
ekaSnuzwi	N
ekacCAyApravizwa	Y
ekadvAra	N
ekaga	N
ekagarBa	Y
ekagranTa	N
ekakarman	Y
ekakriyAviDi	N
ekaloka	Y
ekamUrti	N
ekaniBa	Y
ekapAtin	Y
ekapadam	Y
ekapalADika	N
ekapati	Y
ekapatitva	N
ekasTAnASraya	N
ekasampratyaya	N
ekasaptatiguRa	N
ekatIrTin	N
ekatomuKa	Y
ekavartanin	Y
ekaveda	Y
ekavfkzIya	Y
ekaviMSaticCadi	Y
ekavyUha	Y
elArasAlaka	N
elAvAluka	N
erA	N
eraRqA	N
eraRqapalla	N
eru	N
etAvadAvAsa	N
etAvatiTa	N
etadupanizad	Y
etatpraBfti	Y
etivat	N
evAza	Y
evaMSIla	Y
evaMgotra	Y
evaMkarman	Y
evaMkxpta	Y
evaMvidus	Y
evampariRAma	N
evampratyaya	N
evampravAda	N
ezEzya	N
ezwavE	N
ezwf	N
fSyapad	N
fdDi	N
fdDilakzmI	N
fdDyaBisaMskAra	Y
fgaSIti	N
fgyajus	N
fjugAtratA	N
fjuvyAkaraRa	N
fjuyoDin	N
fjvAgata	Y
fjvAyata	N
fkpada	N
fkzabila	Y
fkzakarRI	Y
fkzavarRa	Y
ftAmfta	N
ftaSrI	Y
ftasaDasTa	N
fteBaNga	Y
ftesPya	N
ftokti	Y
ftudevata	Y
ftugamana	Y
ftukarman	N
ftuketulakzaRa	N
ftumaNgala	N
ftuparyaya	N
ftusamAveSana	Y
ftuvyAvftti	Y
ftvan	Y
ftvigASis	N
fzaBA	N
fzaBEkADika	N
fzaBEkAdaSa	N
fzaBa	Y
fzaBacarma	Y
fzaBadatta	N
fzaBavikrama	N
fzivAwa	Y
gANgeyadeva	N
gAQodvega	N
gAjara	Y
gAnDArivARija	N
gArBiRa	N
gArhya	N
gAtraSayya	Y
gAtracezwa	N
gAtrasaMkocin	N
gAtraviGarzaRa	N
gAyatrImuKa	N
gAyikI	N
gItAgIta	N
gItiSataka	N
gOtamIya	N
gUQagulPatA	N
gUQamantra	Y
gUQasira	N
gUQasiratA	N
gaBasti	N
gaBastivAra	N
gaNgAvilAsa	N
gaNgAzwaka	N
gaNga	N
gaNgama	N
gaNgezwi	N
gaRaBogya	N
gaRakamahAmAtra	Y
gaRanAvartalipi	N
gaRapatinAga	N
gaRapuraRa	N
gaReSa	N
gaRitra	Y
gaRqa	Y
gaRqakAza	N
gaRqapAlI	N
gaRquka	N
gadApARi	N
gadga	N
gadgadarudDa	N
gaganANgaRa	Y
gaganapariDAna	Y
gaganasiMha	N
gahanezWa	Y
gahya	N
gajAlAna	N
gajamAna	N
gajapUrva	Y
gajaprayantf	N
gajaraTapura	N
gajavaDU	N
galUnasa	N
galagranTi	Y
galamowana	N
galaranDra	Y
galda	N
gallapUraRa	N
gamBIraDIra	N
gamBIrakukzitA	N
gamBIranABitA	N
gamBIrapARileKatA	N
gamBIravepas	N
gamanAgamana	N
gamika	Y
ganDahastin	Y
ganDakuwI	N
ganDalipta	N
ganDapraBAsa	N
ganDapuzpaDUpadIpa	N
ganDarvapratyupasTita	N
ganDarvopADyAya	N
ganDivftta	N
ganDoddAma	N
ganDottama	N
garBagata	N
garBamft	Y
garBaprAvaraRa	Y
garBasaMDi	N
garBasaMskAra	Y
gardaBakzIra	N
garhitAnnASana	N
garvi	N
gatapraja	N
gatodaka	N
gavAlamBa	Y
gavAsTi	Y
gavInI	Y
gavyUti	N
gayAkASyapa	N
gayAsadIna	N
geha	Y
gehapArAvata	N
gfdDi	N
gfhItAvaguRWana	N
gfhItaSUla	N
gfhItacApa	N
gfhItanAmaDeya	N
gfhItapATeya	N
gfhItapaScAttApa	N
gfha	Y
gfhaSreRI	N
gfhadvAr	N
gfhaka	Y
gfhakakzyA	N
gfhamayUra	N
gfhanirvAha	Y
gfhapUjA	Y
gfhapativadana	Y
gfhapawala	N
gfhapfzWa	N
gfhaprapadana	N
gfheSUra	N
gfhodaka	N
girijAdevI	N
girilakzmaRa	N
girirAjaGoza	N
girirAjaGozeSvara	N
giristanI	N
glAtu	N
goBaga	N
goRikA	N
goSAlA	N
goSru	N
goapaSa	N
gobIjakAYcana	N
gocara	Y
gocarmamAtra	N
godAnavrata	Y
gokfcCra	N
golikA	N
gopAcala	Y
gopAladAraka	N
gopItilaka	N
gopakzanetratA	N
gopananda	N
gopitf	N
gopucCAgra	N
govARija	N
govAhin	N
goviDA	N
gozWagata	N
gozWodumbara	Y
grAhakatva	Y
grAhamelaka	N
grAmaSakawika	N
grAmadeva	N
grAmaluRWaka	N
grAmamaryAdA	N
grAmasImanta	N
grAmayAjana	N
grAmya	Y
grAsAcCAdana	N
grAsAvarArDya	N
grAsapAtrIkf	N
grIvabadDa	Y
grahAntarukTya	Y
grahaRAntam	N
grahaRaka	Y
granTi	Y
guNguma	Y
guRAtipAta	N
guRa	Y
guRaDfta	N
guRaganDavat	N
guRaguru	N
guRahArya	N
guRakaTA	N
guRavadvapus	N
guRavatpayaska	N
guRavipramukta	N
guRodaya	N
guRojjvala	N
guYjA	N
gucCagulma	N
gudAnila	N
guhyaDArA	N
gumPanikA	Y
gupta	N
guptigupta	N
guptipAlaka	N
guqAkeSatA	N
guruRqa	N
guruSuSrUzin	N
gurucaryA	N
gurudina	N
gurumuKI	N
guruyozit	N
gurvaNganAgama	N
havyA	N
iBa	N
iDman	Y
iDmaprokzaRa	N
iNgitalakzya	N
iNgitamaraRa	Y
iNgudatEla	N
iNk	N
icCAmaraRa	N
icCApita	N
icCAsadfSa	Y
idDa	N
idaMSabda	N
idaMyugIna	Y
idahA	N
idamIya	N
ihArTa	N
ihArTam	N
ihArTin	Y
ihamanas	Y
ihehamAtf	N
iheqa	Y
ijjAdevI	N
ikzuBaYjam	N
ikzuBaYjikA	N
ikzuSalAkA	N
ikzuyazwi	N
ikzvAkucandramas	N
ilAsutA	Y
inDita	N
indIvaradfS	Y
indirAdayita	N
indrARIgOrIpUjA	Y
indrARya	N
indrARyupanizad	N
indrAvasikta	Y
indraBawwAraka	N
indraRata	N
indrabala	N
indragATA	N
indragfha	Y
indrakalpa	N
indrakarman	Y
indramaGaSrI	Y
indraprayARa	Y
indrarAja	Y
indrasaBA	N
indrasaKa	N
indrasarasvatI	N
indrasuparRa	N
indriyASva	N
indriyEzyA	N
indriyaBAvanA	Y
indriyaparimocana	Y
indriyasevana	Y
indriyasparSa	N
indriyavAda	N
indriyavikalatA	N
indu	N
indugOra	Y
indukA	N
indukalAvataMsa	N
indupada	N
iqABaNga	N
iqAnta	N
iqAprASitra	N
iqaprajas	N
iqopahavana	N
iriRalozwa	Y
itAnta	Y
itIti	N
itTA	N
itaHpraBfti	N
itaHpradAna	N
iti	Y
itihAsa	N
itihAsapurARa	N
itihAsasamuccaya	N
itihAsopanizad	N
itiheti	N
itikrameRa	N
itiniScaya	N
itipraBfti	N
itogata	N
itomuKam	N
ityahe	N
iwat	N
iyaDyE	N
izIkAYji	Y
izUguha	Y
izu	N
izumuKa	Y
izunibanDana	Y
izupAta	N
izupad	N
izuparzin	N
izuvarza	N
izuvikzepa	N
izvA	N
izva	N
izvarga	N
izwAtiTitva	N
izwakApurARa	N
izwani	Y
izwasAhasa	N
izwikAlanirRaya	N
izwimaya	Y
izwirUpa	N
izwvInam	Y
jANmAyana	N
jAgaritadeSa	Y
jAgratprapaYca	Y
jAlAbadDANgulipARipAdatalatA	N
jAlaBUzaRa	N
jAlamArga	N
jAlopajIvin	N
jAnakIgItA	N
jAnunikuYcana	N
jAnvantarA	N
jAriRI	N
jArin	N
jAtAnukampa	N
jAtakaBUzaRa	N
jAtakadarpaRa	N
jAtakalakzaRa	N
jAtakamaYjarI	N
jAtakaratna	N
jAtakasaMgraha	N
jAtapUrva	N
jAtarAga	N
jAtarUpa	N
jAtatarza	N
jAtavedas	Y
jAtavidyA	Y
jAtinirRaya	N
jAtisAMkarya	N
jAtitas	N
jAtivicAra	N
jAtyantarIyaka	Y
jAtyutpattikrama	N
jAyAnya	Y
jIvAnanda	N
jIvI	Y
jIva	Y
jIvaDanya	N
jIvaGAtya	N
jIvaSfNga	N
jIvacUrRa	Y
jIvadviBAga	Y
jIvakozaRI	N
jIvanASa	Y
jIvasUvarI	N
jIvin	Y
jIvitAvasAna	N
jIvitagupta	N
jIvitamaraRa	N
jIvitapradAyin	N
jIvitasarvasva	N
jIvitatfzRA	N
jIvitodvahana	N
jYAnakOtUhala	Y
jYAnamArga	N
jYAnaniDi	N
jYAnapaRya	N
jYAnapradIpa	N
jYAnasUryodaya	N
jYApakAvalI	N
jYeyArRava	N
jaNGA	N
jaNGAnalaka	N
jaWarotsava	N
jabDa	N
jagDArDa	N
jagDatfRa	N
jagadABaraRa	N
jagadBaya	N
jagadDitAtman	N
jagadISa	N
jagadrAma	N
jagadyatrA	N
jagamyA	N
jagat	Y
jagatprakASa	N
jahA	Y
jahANgIra	N
jakzA	N
jakzita	N
jalaBOta	N
jalabfMhaRa	N
jalagAhana	N
jalagarBa	N
jalahIna	N
jalamitra	N
jalapAlikA	N
jalapUrRa	Y
jalapavitra	N
jalapfkta	N
jalataraMgiRI	N
jalataskara	N
jalhaRa	N
jalpakalpalatA	N
jalpakalpataru	N
jalpeSvaramAhAtmya	N
jamBArAti	Y
jamBaniSumBana	Y
jambUdvIpeSvara	N
janArRava	N
janIna	N
janaSrI	N
janakAya	Y
janasammarda	N
janayitnu	N
janikA	N
janitra	N
janivid	Y
janmAntakara	N
janmajarAntaka	N
janmamftyu	N
janmaparigraha	Y
janmavAtsalya	N
janyavftti	Y
japApIqa	N
jarAyuDa	N
jarAyuja	Y
jaraWa	N
jarizRu	Y
jarjarapUjA	N
jatukA	N
javas	N
jawAJAwa	N
jawAvarman	N
jayakfzRa	N
jayalakzmaRa	N
jayanAman	N
jayavilAsa	N
jayodAharaRa	N
jayottara	N
jihmakArin	Y
jihvApAvan	N
jitamanyu	N
jrayas	N
juhoticodana	N
juhotiyajatikriyA	N
juzwA	N
jvAlAlakzaRa	N
jvAlAyana	N
jvAla	Y
jvalacCarIra	N
jvalanADipati	N
jyAnivAraRa	N
jyArohaRa	N
jyAyasvat	N
jyAyu	Y
jyezWabrAhmaRa	N
jyezWalakzma	Y
jyezWasAmaka	N
jyotayamAmaka	Y
jyotsnAQya	N
kAKatIra	N
kAMsa	Y
kAMsikA	Y
kARAda	Y
kARa	N
kARelIsuta	N
kARqI	N
kARqa	Y
kARqakAra	Y
kARqanAman	N
kARqavisarga	N
kARqopakaraRa	N
kASivarDana	N
kASmIravARija	N
kASyapa	Y
kAjala	Y
kAkaRI	N
kAkaSaNkin	N
kAkatIya	N
kAkesaparvata	N
kAkuvakrokti	N
kAlIGawwa	N
kAlIcaturdaSI	N
kAlIpUjA	N
kAlIsUkta	N
kAlIstava	N
kAlIstotra	N
kAlaBeda	N
kAlacaryA	N
kAlahasta	N
kAlahorA	N
kAlakAlezu	Y
kAlakzama	N
kAlanATa	N
kAlanirRayadIpikA	N
kAlaparaSuDAra	N
kAlapraRAlikA	Y
kAlaprakASikA	Y
kAlarUpin	N
kAlasaMvara	N
kAlatama	N
kAlavarzin	N
kAlavelAyoga	N
kAlaviprakarza	N
kAlaviroDa	N
kAlayukta	N
kAlayuta	Y
kAlena	N
kAlindImukunda	N
kAliyAri	N
kAlodayin	N
kAlpya	Y
kAmABizvaNga	N
kAmAgAyin	N
kAmAnDasaMjYa	N
kAmArRava	N
kAmArTa	N
kAmada	Y
kAmaduGAkziti	N
kAmakAnana	N
kAmakroDa	N
kAmalubDa	N
kAmapuz	Y
kAmasamutTa	N
kAmavAdin	N
kAmavaktavyahfdaya	N
kAmavarza	Y
kAmaveSin	N
kAmavihArin	N
kAmopaBoga	N
kAmrA	N
kAmukI	N
kAmyaSrAdDa	Y
kAmyezwi	Y
kAna	N
kApAlikatva	N
kApeya	Y
kApila	N
kApileyabABrava	N
kApota	Y
kApotavftti	N
kArADunI	N
kArAdvIpa	Y
kArApaka	Y
kArAvI	N
kArIrAdi	N
kAra	Y
kAraveya	N
kArayantrika	Y
kArin	Y
kArpAsika	Y
kArtavIryacampU	N
kArttikapUrRimA	N
kAruRika	N
kAruRyaDenu	Y
kAruRyalaharIstava	N
kAruRyamaya	Y
kAruvindu	N
kArya	Y
kAryakaraRa	N
kAryapadavI	N
kAsa	Y
kAtarAkzI	N
kAvyAlokalocana	N
kAvyabanDa	Y
kAvyaratna	N
kAvyasaMgraha	N
kAyADava	N
kAyAvatAra	N
kAyagata	N
kAyaklama	N
kAyasTiti	N
kAyavyUha	Y
kAyoQaja	N
kAzWAgata	N
kAzWaSAlika	N
kAzWakalApa	N
kAzi	N
kEYjalka	Y
kEdeva	N
kIcaka	Y
kIlinI	N
kIluza	N
kIri	Y
kIrtana	Y
kIrti	Y
kIrtinASin	N
kIrtitaraMgiRI	N
kORqinya	N
kOSikIvaraprasAda	N
kOSikagfhyasUtra	N
kOberaka	N
kOla	Y
kOleSI	N
kOmArabanDakI	N
kOmudImaha	N
kOnftika	N
kOnteyavftta	N
kOpInAcCAdana	N
kOrukzetra	Y
kOstuBadUzaRa	N
kOsuma	Y
kOtUla	N
kOtuka	Y
kUdI	Y
kUlyA	N
kUpadanqa	N
kUpaka	N
kUparAjya	N
kUpayantraGawikAnyAya	N
kUpepitAcaka	N
kUrpAsa	Y
kUwaGawitalakzaRa	N
kUwadanta	N
kaKatIra	N
kaMsaDvaMsana	N
kaMsaniDana	N
kaMsaparimfj	N
kaNkaRABaraRa	N
kaNkaRa	Y
kaNkadeva	N
kaNkahrada	N
kaNkaparvan	N
kaNkaraNka	N
kaNkavAjita	Y
kaNkawIka	N
kaRWanAlikA	Y
kaRWapraRAlikA	N
kaRWasTAnIya	N
kaRWasUtra	N
kaRWatawinI	Y
kaRWatrARa	Y
kaRWeguqa	N
kaRWya	Y
kaRakukkuwa	N
kaRqUla	N
kaRqa	N
kaRqagopAla	N
kaRqu	Y
kaRwakapraticCedana	N
kaSApAta	N
kaSikA	N
kaTAprastAvatas	N
kaTAsaMDi	Y
kaTAtrayI	N
kaTaMkaTA	Y
kaWasUtra	N
kaWina	Y
kaWinatArakanATa	Y
kacAra	N
kacCapaGAta	N
kacarUpin	N
kadASaya	Y
kadISitf	N
kadaDvaga	Y
kadambagola	N
kadambakorakanyAya	N
kadvindu	N
kakAtika	N
kakardu	N
kakkinda	N
kakuBvat	N
kakuca	N
kakudin	N
kakudmat	N
kakuha	N
kakummuKa	Y
kakunmat	N
kalAMSarUpiRI	N
kalAkeli	Y
kalApi	Y
kalAviroDa	N
kala	Y
kalaNkeSa	Y
kalaca	N
kalacurisaMvatsara	N
kalahaMsagAminI	N
kalala	N
kalamBi	N
kalamOdana	N
kalamakedAra	N
kalapralApa	N
kalaviNkasvara	N
kalevarapuz	Y
kaliSatru	N
kalindajA	Y
kalitakusuma	N
kalivarjya	N
kalivizRuvarDana	N
kalpAtyaya	N
kalpanATa	Y
kalpavrata	Y
kalpitopamA	N
kalpuza	N
kalyARalakzaRa	N
kalyacitta	N
kamaRqalucaryA	N
kamalA	N
kamalamuKa	N
kamawa	N
kambA	Y
kampIwa	N
kampanA	N
kampanADipati	N
kanIyaHstana	Y
kanIyokzara	N
kanTaka	N
kanakAbja	N
kanakAkzI	N
kanakaSfNgamaya	Y
kanakojjvala	N
kandala	Y
kandali	Y
kandukalIlA	Y
kandukotsava	N
kanyAdarSam	Y
kanyAgAra	Y
kanyAkA	N
kanyApipIlikA	N
kanyApravahaRa	N
kapAlahasta	N
kapAleSvarI	N
kapAleSvara	N
kapAwamudrA	N
kapawakApawikA	N
kapawanAtaka	N
kapiYjalanyAya	N
kapiketu	Y
kapilAhvaya	N
kapilalAwa	Y
kapotakarbura	N
kapotapadadarSana	N
kapotapewaka	N
kaqaNgara	Y
karAnta	Y
karArpaRa	N
karIzaRI	N
karRAwakalaha	N
karRa	Y
karRaBaNga	Y
karRadArin	Y
karRadeva	N
karRanirvAka	Y
karRapASa	N
karRarasAyana	Y
karSanIya	Y
karaBIya	Y
karaRIya	Y
karaRa	Y
karaRamantra	Y
karaRavigama	N
karad	N
karadAyaka	Y
karagfhIti	Y
karalAya	N
kararuD	N
karasaMdaMSa	N
karasaMdaMSahInaka	N
karatantu	N
kardamila	Y
karitva	N
karkAra	N
karkI	N
karkanDurohita	N
karmAByAsa	N
karmANga	N
karmAvadAna	Y
karmaPalahetu	Y
karmaRyakft	N
karmadAyAda	Y
karmadaRqa	Y
karmadeha	Y
karmajanya	Y
karmajanyatA	N
karmajita	Y
karmakoSa	Y
karmanivftti	N
karmapAtaka	Y
karmaploti	N
karmarAzwra	N
karmasUtra	N
karmasaNga	N
karmasaNgin	N
karmasvaka	Y
karmavAda	N
karowapARi	Y
karpawaka	Y
karpawi	N
karta	N
kartanaBARqa	N
karttikA	Y
kartu	N
karuRavaruRAlaya	N
karuRaveditf	N
kastUri	N
kataraTA	Y
kavIndrakarRABaraRa	N
kava	N
kavacaSiva	N
kavalya	Y
kavawa	N
kavijanaSevaDi	N
kavikaRWABaraRa	Y
kavikrama	N
kavitAratnAkara	N
kavitAvali	N
kavyahavyaBuj	Y
kavyat	N
kaw	Y
kawAkzaya	N
kawakara	N
kawakawAya	N
kawakawa	N
kawani	N
kawisTa	Y
kayASuBIya	Y
kazAkaza	N
kazaka	N
keSAnI	Y
keSaSezakaraRa	N
keSaSmaSrulomanaKa	N
keSakUwa	N
keSakalpanA	N
keSaniDAna	N
keSapratigraha	N
keSasaMvarDana	N
keSavApa	Y
keSavAyuDa	N
kedArikA	N
kekotkaRWa	N
kenipa	Y
kerA	Y
kesarAya	N
kesarapASa	Y
kesarin	N
ketf	N
kfSAnuSakala	N
kfcCradvitIya	Y
kfcCravartin	N
kfcCrodya	N
kfpARapARi	N
kfpARapAta	N
kfpARaputrI	Y
kfpARayazwi	Y
kfpAtman	N
kfptu	Y
kftA	N
kftABiyoga	N
kftAByanujYa	N
kftADikAra	N
kftADipatya	N
kftASraya	Y
kftAnuyAtra	N
kftAvftti	N
kftaMjaya	N
kftakzaRa	Y
kftalakzaRa	Y
kftapada	Y
kftasmaya	Y
kftaspfha	N
kftavEra	N
kftavaDyacihna	N
kftayAma	Y
kftnu	N
kftopavAsa	N
kftvya	N
kftyAhata	Y
kftyApratiharaRa	N
kfvI	N
kfzAku	N
kfzIwa	N
kfzRAkzi	N
kfzRaBUzaRa	N
kfzRaDfti	N
kfzRaKura	N
kfzRaSIrzan	Y
kfzRaSakuna	Y
kfzRagava	N
kfzRamAhAtmya	N
kfzRanandin	N
kfzRapadAmfta	N
kfzRarAja	N
kfzRarAya	N
kfzRasUtra	N
kfzRastotra	N
kfzRastuti	Y
kfzyakAra	Y
kiMsTa	N
kiMstya	Y
kikivi	N
kilbizI	N
kilina	Y
kimadyaka	Y
kimba	Y
kimpavitra	N
kiwa	N
kizkuru	Y
koRAgamana	N
koRepiSAcaka	N
koSadaRqa	N
koSagatavastiguhyatA	N
koWI	N
kocava	Y
kokalla	N
kokkili	N
kolambavarza	N
komala	Y
koneritIrTa	N
kopasaMDukzaRa	N
kosalAnandinI	N
kowaravat	N
kowwUra	N
kowwaBaYja	N
krIqAbiqAlikA	N
krIqAyoga	N
krOSna	N
kramaRezwakA	N
kramagata	Y
kramavyatyaya	Y
krivirdatI	N
kroDavinayana	N
kroDavivaSA	N
kroYc	Y
kruSika	N
kuBanyu	N
kuDfti	N
kuRapa	Y
kuRapaBuj	N
kuRqASin	Y
kuRqa	Y
kuRqala	Y
kuRqi	N
kuSaBAra	Y
kuSacIrin	Y
kuSalAvasAnatA	N
kuSala	N
kuSalacampU	N
kuSalamUla	N
kuSalamataprasaNga	N
kuSaletara	Y
kuSamAlin	Y
kuSapavitra	Y
kuSaprasU	Y
kuSeRqva	N
kuYjikA	N
kuberasenA	N
kubji	Y
kucAru	N
kucaSataka	N
kudrIcI	N
kuharaBAj	N
kuharin	Y
kukkuha	Y
kukkuwaDvaja	N
kukzikUjita	N
kukzimatI	Y
kukzyagni	N
kulAditya	N
kulaBawa	N
kulaNgapamarin	N
kulaSeKaradeva	N
kulagna	Y
kulagotra	N
kulakumArI	N
kulapAMsana	N
kulapAMsin	N
kulapAMsula	N
kulapAlin	Y
kulapravAla	N
kularAjaDAnI	Y
kulasaMgata	N
kulastamBa	N
kulika	Y
kulmi	Y
kulocita	N
kumArIBAva	N
kumArabrahmacArin	N
kumAradezRa	Y
kumArapitfmeza	Y
kumArarAja	Y
kumAravat	N
kumBAnta	N
kumBIBagAla	N
kumBIkapAla	N
kumBInadAla	N
kumBIpAkya	N
kumBaDArikA	N
kumBya	Y
kumba	N
kumudaSyenI	N
kumudasaKI	Y
kuntAkunti	Y
kuptu	N
kupyavetanin	N
kuraNgamada	Y
kusTalapura	N
kusumABijYa	N
kusumApIqa	N
kusumadAyin	N
kusumalAvI	Y
kusumamAlA	N
kusumapraBa	N
kusumasamBava	N
kusumavfztyaBiprakIrRa	N
kutUhalaSAlA	Y
kutapahAra	Y
kutapavinyAsa	N
kutastana	Y
kutsa	N
kuwvudI	N
kuzapa	N
kvaDasTa	N
kzAmakukzitA	N
kzAntivarRavAdin	Y
kzApavitra	Y
kzAra	Y
kzAralavaRAvarAnnasaMsfzwa	N
kzAtrARa	Y
kzEtra	Y
kzEtrapatya	Y
kzIRAsrava	Y
kzIRakalmaza	N
kzIrAbDimandira	N
kzORIDara	Y
kzORInATa	Y
kzOdrapawala	N
kzOmadaSA	Y
kzRU	N
kzURa	N
kzaRAMSu	N
kzaRadADinATa	Y
kzaRakzapA	Y
kzaRarajanI	Y
kzaRitu	N
kzamASiPa	N
kzapAkzaya	N
kzatrajAta	N
kzatriyayoni	N
kzemaRIyatara	N
kzemasiMha	N
kzetraBAga	Y
kzetragfha	N
kzetraja	Y
kzetrasADas	Y
kzetrasiMha	N
kzetravitfRRI	N
kzipaRa	N
kzipraMsuvana	Y
kzipraprasavana	N
kzitikA	Y
kzitikzamAvat	N
kzitivfzan	N
kzitvarI	N
kzoBa	Y
kzoRI	Y
kzotf	N
kzuDAru	N
kzudrAnukzudra	Y
kzudramiSra	N
kzudrasUtra	N
kzudri	N
kzudropAya	N
kzullakavESvadeva	Y
kzveqita	Y
lANgalezA	N
lAjAhuti	N
lAsakayuvan	N
lalaha	N
lalitavigraharAja	N
lambasawa	N
lambasraj	N
lavaRodakamiSra	N
lazmideva	N
linduma	N
lohArya	N
lohacumbakanyAya	N
lohitabinducitra	N
lohitastoka	N
lokAnanda	N
lokasAkzi	N
lokasImAnuroDin	N
lokaviroDin	N
lokendra	N
lozwaciti	N
mADyAvarza	N
mAGona	N
mAlAyamaka	N
mAlava	N
mAnABaraRa	N
mAna	N
mAnastokIya	Y
mAnuzanikASana	N
mAravarman	N
mArgapranazwa	N
mArjAravaktra	N
mAsArDamAsa	N
mAtrApacAra	N
mAyAyamaka	N
mAzavApa	N
mInAkzI	N
mOjadIna	N
mUrtisaMcara	N
maDuDAna	N
maDurAntaka	N
maDusaMSlizwa	N
maDvAlopa	N
maDyamasvaBAva	N
maRitsaru	N
maRqalAgAra	N
maRqanadeva	N
maRqayitnu	N
maYjUlA	N
maYjunandin	N
madanaviklava	N
madguSa	N
magaDAjira	N
mahABraGoza	N
mahADarmaDvaja	N
mahADarmadunduBi	N
mahAbudDarUpa	N
mahAmeru	N
mahApraBa	N
mahApraRiDAna	N
mahAratnaketu	N
mahAsADanika	N
mahAsudarSa	N
mahattarA	N
mahopekzA	N
mahormimat	N
malinIkara	N
manTanayantraka	N
manaHSalya	N
manaHSama	N
manaHkzoBakara	N
manaHsvAsTya	N
mandarogin	N
manojvara	N
manonetra	N
manorUpa	N
manoraTa	N
mantrabadDa	N
mantrasaMnAma	N
manuzyAmanuzya	N
manuzyakAya	N
manuzyarAj	N
manvAdi	N
marIcI	N
maraRADvan	N
maruta	N
matisaciva	Y
mayUrakiSora	N
meGakAlI	N
meruDvaja	N
meruguru	N
merupraBAsa	N
merupradIpa	N
mfgAjira	N
mftasaMjIvaka	N
mftyuSrama	N
mftyusUkta	N
miSraBARa	N
miSravizkamBaka	N
miTUkft	N
miTyAdUta	N
miTyAtvaniyata	N
miYjA	Y
miYjAsTa	N
mihiralakzmI	N
mitraBUti	N
moGabAzpa	N
mohacitta	N
mohakArin	N
mohakara	N
mokzadviz	N
mokzakAma	N
mrita	N
mritasaMjIvaka	N
muKapadma	N
muKavAta	N
muKenAdAyin	N
muhurdIkzin	N
muniSAvaka	N
muzma	N
nABideSa	N
nAT	Y
nAgaBawa	N
nAgadantaka	N
nAgahrada	N
nAgapawwana	N
nAgatiTi	N
nAgavikrAntagamitA	N
nAmaDeyagrahaRa	N
nAmana	N
nAnASraya	N
nAnAvasTa	N
nApitakarman	N
nArASaMsa	N
nAsikAropaRa	N
nAsika	N
nAtirUQa	N
nAtyAyatavacanatA	N
nEBftya	N
nEdAGI	N
nEkaDarma	N
nEkamuKa	N
nEraYjanA	N
nIcEstana	N
nIkASa	N
nIlAlakavarUTin	N
nIqin	N
nItisumAvali	N
nIvaraRa	N
nOsAraTi	N
nOvimAna	N
nadInAma	N
nadIsIsa	Y
nadIvapra	N
nada	Y
nadanu	N
nagaramoza	N
nagotsaNga	N
nakzatranAma	N
nakzatranirdeSa	N
nalinIsaMvartikA	N
namAka	N
namatra	N
nandayitnu	N
narAcI	N
naradurAcara	N
narapatijayasUra	N
narendra	N
nasaraTa	N
nasra	N
natajAnu	N
navanItapiRqa	N
navavrata	N
navotTAna	N
naweSavijaya	N
nawiti	N
nepAlavarza	N
netrasaMkocana	N
nfpanApitaputranyAya	N
nfparzi	N
nfsUrya	N
nfviqamba	N
niDanakfta	N
niDanavAda	N
niGa	N
niHspfhA	N
niHzWu	N
niHzku	N
niSAmaRi	N
niSITacaRqa	N
niScikramizA	N
niScikramizu	N
niSeSavaktrA	N
nidrAmudrA	N
nidrAmudrita	N
nihrAdavat	N
nijihvika	N
nimi	N
nimittagrahaRa	N
nimruc	N
nindyaveSa	N
nipuRi	N
nirDam	N
nirDamana	N
niraNguzWa	N
nirakz	N
nirgranTisiratA	N
nirhuta	N
nirmAra	N
nirmAta	Y
nirmitarAga	N
nirmuda	N
nirmumukzu	N
nirupajIvitA	N
nirvaMSaka	N
nirvfta	N
nirviDitsu	N
nirvivikzu	N
nitara	N
nityaBaktika	N
nityaSaNkin	N
nityaSatruGna	N
nivAsita	N
niyamojJiti	N
nizaNgaTi	N
nizparidAha	N
nizpezavat	N
nizur	N
notseka	N
nva	N
nyAdru	N
nyAvicCAy	N
nyAyaviroDa	N
nyAyavirudDa	N
nyagroDaparimaRqalatA	N
nyastaka	N
oGa	Y
oGadeva	N
odanapac	N
odanapiRqa	Y
odanaprati	Y
odman	Y
ogaRa	Y
opaSa	N
ozWaSataka	N
ozWamudrA	N
ozWarucaka	Y
ozaDISvara	Y
ozaDihoma	Y
ozaDinAmAvalI	N
ozaDivallaBa	N
ozadAvan	N
pA	Y
pAMsusikatA	N
pARqavAByudaya	N
pASa	N
pATi	N
pATikftI	N
pAdakula	N
pAdapadmopajIvin	N
pAdapuwI	N
pAdavI	N
pAgala	N
pAja	N
pAla	N
pAnamantra	N
pArAvata	N
pArTuSravasa	N
pArzRa	N
pAtAnaprasTa	N
pAtracaya	N
pAtracayana	N
pAtraprokza	N
pAtu	N
pAwUra	N
pAwalaromaka	N
pInAha	N
pOluzita	N
pOpika	N
pOtrya	N
pUrRamuKa	N
pUrRi	N
pUrvaDyAna	N
pUrvavat	N
paNkaprakzAlananyAya	N
paRyasidDi	N
paSumeQra	N
paSusADanaka	N
paSusaMKya	N
paSusaMsTA	N
paSuvAwi	N
paSuvfdDikara	N
paYcAcalANka	N
paYcaSala	N
paYcagUQa	N
paYcahavis	N
paYcamaRqalanamaskAra	N
paYcaparva	N
paYcaputra	N
paYcavarga	N
pacatra	N
padacCeda	N
padahita	N
padasaMDAna	N
padasaMtAna	N
padavalmIka	N
padira	N
padmasadman	N
padyamAtrikA	N
pajra	Y
pajrahozin	N
palligupta	N
palodBava	N
palpUlI	N
parAkrAnti	N
parAkramabAhu	N
parIdA	N
parItAna	N
parItoyoni	N
paracittajYAna	N
parakula	N
paramAhlAdana	N
paramaBawwAraka	N
paramabrahmaRya	N
paravAkya	N
pariGawwanA	N
parigaDitA	N
parihAra	N
parihArikA	N
parihUta	N
parijarBurARa	N
parikzatavrata	N
paripUrRasattva	N
paritakmyA	N
paritaptamuKa	N
parivezabanDin	N
parivraj	N
paru	N
paruHSraMsa	N
parvatapUruza	N
parvatasaMniroDa	N
paryADAnejya	N
paryukta	N
pastyA	N
patanu	N
pati	N
patnyodana	N
pavitrAtipavitra	N
pavitrakAma	N
pawula	N
payaHprasravin	N
payogarBa	N
payovikAra	N
pfTaksalila	N
pfTivIpratizWa	N
pfTivyupara	N
pfzWaSiKara	N
pfzWahoma	N
pfzWavaMSa	N
piRqUza	N
piSaNka	N
piyaroja	N
pizpala	N
pizwasaMyavana	N
plugi	N
poTa	N
prARAgnihotra	N
prARaprada	N
prARapratizWA	N
prARasaMhita	N
prAcInaSAli	N
prAcyavAwa	N
prApaRikA	N
prAtipAna	N
prEzyasaMyuta	N
praBAcandra	Y
praDAnAhuti	N
praDArya	N
praKyAta	N
praRetf	N
praSnamokza	N
praTamEkareKA	N
praTamodBava	N
praTamottama	N
praTitapraboDa	N
prabadDavilUna	N
pracatA	N
pracerita	N
pracyAvanI	N
pragaRikA	N
pragayaRa	N
prahasananAwaka	N
prahoza	N
prahozin	N
prajAnuka	N
prajApaticita	N
prajApatimAtra	N
prajYAtAgra	N
prajotpattyAnupUrvyeRa	N
prakIrRavAc	N
prakaraRa	N
prakriyA	N
prakriyABUzaRa	N
prakriyAkOmudI	N
prakriyAmaYjarI	N
prakriyApradIpa	N
prakriyAratna	N
prakriyAsaMgraha	N
prakriyAsarvasva	N
prakzRu	N
pralambAri	N
praparIkz	N
prapatizRu	N
prasUnavitati	N
prasUtAta	N
prasampaS	N
prasavaDarman	N
prasekam	N
prasftayAvaka	N
prasidDividyAvirudDa	N
prastiG	N
pratApavat	N
pratApavilAsa	N
pratIcyavAwa	N
pratIvarta	N
prataNkam	N
pratiSOcam	N
pratiloma	N
pratiloqita	N
pratimantraRa	N
pratiruMzita	N
pratisaMkucita	N
pratisaMvAdin	N
pratisatkfta	N
prativiD	N
pratyAcCid	N
pratyAsic	N
pratyaMSa	Y
pratyagapavarga	N
pratyaksaMsTam	N
pratyeka	Y
pravacanakartf	N
pravat	N
pravatvat	N
praviSAlaya	N
pravizwadIkza	N
prayatAYjali	N
prayatavastra	N
prekzArTam	N
pretapatnI	N
pretasaMsTA	N
prezyAntevAsin	N
priyABiDeya	N
priyaSaMsA	N
priyakalpa	N
priyaviprayoga	N
prukzi	N
puMvizaya	N
puRyanAman	N
puRyavaha	N
puRyokta	N
pulindasena	N
punaHsara	N
punarAtta	N
punardAha	N
punardahana	N
punaryuvan	N
puruzAhuti	Y
puruzAnna	N
putralAlasa	N
puzkaravizwara	N
pyAna	N
qAlacandra	N
qaNkamAhAtmya	N
qamara	N
qambarasiMha	N
qiRqika	N
quRQi	N
quRqura	N
rASi	N
rAgadoza	N
rAhUpasarga	N
rAhusapatnavaktra	N
rAjanIyapraBa	N
rAjapraSastimahAkAvya	N
rAjardDi	N
rAjasiMhapARqya	N
rAjavarman	N
rAjavatsa	N
rAka	N
rAmADipati	N
rAtikula	N
rAzwroqa	N
rUQamUla	N
raMhi	Y
raSmiDAra	N
raTAzwamI	N
raTapraRetf	N
raTarvI	N
raTasAhvayA	N
rahasyavid	N
rajaHsnAta	N
raji	N
rajjvambara	N
rajoviSAla	N
rakzorAja	N
ramaTa	N
rampA	N
rasAvaha	N
ratnABiBAsa	N
ratnaSrI	N
ratnacOra	N
ratnadeva	N
ratnaparvata	N
ravijaputradina	N
ravivarDanagaRi	N
ravizeRa	N
rePalakAropAnta	N
ripuhaRa	N
rudrAmbA	N
rudrEkAdaSikA	N
rukmala	N
rukmapattra	N
sAMgrAmika	N
sAMnAyyApiDAnI	N
sAhapadIna	N
sAtyADivAka	N
saMSayAtiSaya	N
saMdazwayamaka	N
saMnyupta	N
saMsAradevI	N
saMvAdABijayana	N
saMvAditf	N
saMvanin	N
saMvarDayitf	N
saMvaraRanAwaka	N
saMvartavAta	N
saMvatsarAntarhita	N
saMyuktAkzara	N
sahasraputra	N
samUQarUpin	N
samadfzwipAta	N
samamBUmi	N
samidDArin	N
samparistf	N
samuYja	N
samud	N
samudrasaMyAna	N
samudravastra	N
sanUpura	N
sanemi	N
sanisrasa	N
sapatnIbADana	N
saptamuYja	N
saptarzisaMvat	N
sarpirmiSra	N
sarvArTadarSa	N
sarvakuSalamUlapAramitA	N
sarvapUruza	N
sarzapamiSra	N
sfztArTa	N
siMhasaMvat	N
sikatopopta	N
snAnIyocCAditasnAta	N
staru	N
sucaritin	N
suhemanta	N
supratIka	N
suvarRastEnya	N
svavokzita	N
svayaMvakra	N
tAjika	N
tAlapramARa	N
tAmrADarozWa	N
tAmrajIva	N
tAmranaKa	N
tAmranaKatA	N
tApasavatsarAja	N
tArAcandrodaya	N
tArAmEtraka	N
tArAvartman	N
tArkzyAsana	N
tAvadviDa	Y
tEla	N
tElaGfta	N
tIkzRAmla	N
tIkzRIyas	N
tIkzRadaMzwratA	N
tIrTapratipAdana	N
tIravilagna	N
tOvilikA	N
tUlasadfSasukumArapARitA	N
tUryaGoza	N
taRqaka	Y
taTArTavAc	N
tadAtvamAtraSradDeya	N
tadDarma	N
takarI	N
takmanASanagaRa	N
tamaHpracCAdaka	N
tamaHsaMGAta	N
tamonizWa	N
tamoviSAla	N
tanman	N
tanudIrGaGoRa	N
tanujihvatA	N
tanuvarman	N
tapaHpraDAna	N
tapaHsahAya	N
tapastanu	N
tapoda	N
taponiDAna	N
taponta	N
tapovarizWa	N
tapoyoga	N
taqitpati	N
tarI	Y
tarRa	Y
taraRqaka	N
tarasagadattA	N
tarda	N
tarkacUqAmaRi	N
tarkakutUhala	N
tarkavAda	N
taruRAditya	N
tarumastaka	N
tatkfte	N
tatkriya	N
tatkzaRikA	Y
tatparAyaRa	Y
tatpraDAna	Y
tatprakfta	N
tatpratyayam	N
tatpratyayatva	N
tatraloka	N
tatsad	N
tejohara	N
tejomAtrA	Y
tejovEdagDyaSIlavat	N
tfRacCedin	Y
tfRakAzWa	N
tfRapaYcikA	N
tfRaprAsana	N
tfRasaMcaya	N
tfRasaMvara	N
tfRaskanda	N
tfzRArta	N
tfzRAsaNga	N
tibewa	N
tilASana	N
tilitsaka	N
timiSatru	N
timirOGa	Y
tiraScInavaMSa	N
tirumaleSa	N
tiruvAnandapura	N
tiryagAkfti	Y
tiryagvalana	N
titiru	N
tizyAmratIrTa	N
toyAhAra	N
trEDAtukasamatA	N
trayInizkarza	N
trayodaSamAsa	N
triSUlapawwiSaDara	N
tridivin	Y
tripAda	N
triprakAra	Y
tripuraviGna	N
triputra	N
trivastu	N
triveda	N
trivizUka	N
trizaMDi	Y
trizprakAra	N
tryambaka	N
tuNganaKatA	N
tuRqin	N
tuk	N
tulAmAna	N
tulApuMs	N
tulaji	N
tulyABiDAna	N
tulyacodana	N
tulyagariman	Y
tulyakrama	Y
tulyavat	N
tumbakI	N
tunnA	N
turaMgin	N
turagapAlaka	N
tuvara	N
tuvigra	N
tuzwUzita	N
tvAyA	N
tvagasTiSeza	N
tyaktAgni	N
tyaktapunaHsvikfta	N
uB	Y
uBayAcakra	N
uBayApad	N
uBayapArSvatas	N
uBayataHkzRU	Y
uBayataHpraRava	N
uBayatoDAra	N
uBayavartanin	Y
uKacCid	Y
uKaqa	N
uYCaBuj	Y
uYCaDarman	N
ucCalana	Y
ucCedavAda	Y
ucCedavAdin	N
ucCizwita	N
ucCoPa	Y
ucCuna	N
ucCuzmA	N
ucCuzma	Y
ucCvasana	Y
ucCvayana	N
uccEHSravyakarRaka	N
uccEHsvara	Y
uccEraBijana	Y
uccErgati	Y
uccErmAna	Y
uccEstana	Y
uccakEs	Y
uccakalpa	N
uccala	Y
uccasaMSraya	N
uccasaMrAga	N
uccataratA	Y
uccicIzA	Y
ucciliNga	N
uccitraRa	Y
uccitrita	N
ucculump	N
ucitadarSitva	N
udAj	N
udAna	N
udAnaBft	Y
udAttokti	N
udBavakoSaka	Y
udBuja	Y
udDUmAyita	N
udDUti	Y
udDana	N
udDatiSrit	N
udGfzwa	N
udIcInakumba	N
udIcIpaTa	N
udUrmi	Y
udaDAnAyatana	N
udaDi	N
udaDinemi	Y
udagAha	N
udagAvftta	N
udakAByavAyin	N
udakAMsya	Y
udakSiras	N
udakacandra	N
udakakfcCra	Y
udakarakzikA	Y
udakasecana	N
udakotsecana	Y
udakya	Y
udapurA	Y
udaraRa	N
udarasTa	Y
udarasTita	Y
udaratAqam	Y
udaravistAra	N
udayAstamaya	N
udaya	N
udayavarman	N
udayavyayin	Y
udayin	Y
udbanDa	N
uddAha	Y
uddAla	N
uddIkzA	N
uddaRqakavi	N
uddeha	Y
udgAla	N
udgUrRa	Y
udgarjita	N
udgrIvikA	N
udgrah	N
udrAyaRa	Y
udroka	Y
udubja	N
udumbara	Y
udvAhamaNgala	N
udvAsanIya	Y
udvIta	N
udvastra	N
udvecam	Y
udvega	N
udvegakartarI	N
udvellana	Y
udvepin	Y
udvezwana	Y
udvyUQa	N
udyatadaRqa	N
ugrAnna	N
ugrAtapa	N
ugraDftAyuDa	N
ugrapUti	Y
ugraruz	Y
uhlaRa	N
ujJawita	N
ujJitakarRaka	N
ujjIvitamadAlasa	N
ujjiGra	N
ujjigamizA	Y
ujjihAnajIvita	N
ujjihIrzu	Y
uktArTa	N
uktaBAva	Y
uktamAtra	N
uktarzi	N
uktipoza	Y
uktipratyuktikA	Y
ukzARa	Y
ukzRoranDra	N
ulUkAri	N
ula	Y
ulbaRatApa	N
ulkAlakzaRa	N
ulkApAta	N
ullAsaka	N
ullaka	N
ullalana	Y
ulleKanIya	N
ulliKita	Y
ulliNganAzwaka	N
ullola	Y
uloka	Y
umAvfzANka	N
umBita	N
undanI	N
undapura	N
unmAdin	Y
unmIlita	N
unmaTana	Y
unmajjaka	Y
unmattacitta	N
unmezin	Y
unmiYja	Y
unmokzA	Y
unnIpam	N
unnatecCa	N
upADAyyapUrvaya	N
upAMSuGAtaka	Y
upAhiRq	N
upAhita	Y
upAlipsu	Y
upAttasAra	Y
upAyakOSalya	Y
upAyopeya	N
upaBEmI	N
upaDAna	Y
upaDAnaliNga	Y
upaDenu	Y
upaDi	Y
upaSAnta	N
upaSEla	N
upaSikzaRa	Y
upaSoza	Y
upaSuzka	Y
upabilam	Y
upacIkA	N
upacaraDyE	N
upacaraka	Y
upacaryA	N
upacaturam	N
upadAsa	Y
upadaDi	N
upadamB	N
upadehikA	N
upadidikzu	Y
upaganDin	Y
upagrAmam	Y
upahAsanIyatA	N
upajIvitf	N
upajanam	Y
upajijYAsya	Y
upajvalana	Y
upakASinI	N
upakakzadaGna	N
upakalpin	Y
upakaraRa	Y
upakartavya	Y
upakrama	Y
upalASa	N
upalakzmI	Y
upalaya	Y
upamF	N
upamanTana	Y
upanAyin	Y
upanadi	Y
upaneya	Y
upaniDyAtavya	Y
upanigrAham	Y
upanimantraRa	N
upaninIzu	Y
upanirgama	N
upanirhf	N
upanivartam	Y
upaniveSinI	N
upapAdin	N
upapAtra	N
upapAyana	Y
upapannArTa	N
upaparIkza	N
upapatti	Y
uparAgavat	N
uparaTyA	N
uparakta	Y
uparava	N
uparimartya	Y
uparizwAtkAla	Y
uparoDam	N
uparudita	Y
upasAgaram	Y
upasaMhAra	Y
upasaMhata	N
upasadDoma	N
upasarga	N
upasidDa	N
upatalpam	N
upatapana	N
upatriMSa	N
upavAsana	N
upavahas	Y
upavan	N
upavapana	Y
upavarRa	N
upavastra	N
upaveRu	N
upavedi	Y
upaviMSa	N
upavinDyAdri	Y
upavrata	N
upayoga	Y
upetapUrva	N
upolava	Y
upondana	N
upottara	Y
upozaRIyapraBa	N
uptakeSa	Y
uqupaBft	Y
uqupasahA	N
urIkf	N
uraHSiras	N
uraHsTa	Y
uralli	N
uranDrA	N
urarIkf	N
uraspeSa	N
urogrIva	Y
uruDAra	Y
urupuRyakoSa	N
usmita	Y
utKAtam	N
utKaRqita	N
utKalI	N
utKanana	Y
utKeda	N
utTApana	Y
utkIlaya	N
utkIrtana	N
utkU	N
utkUlaya	N
utkaRWAnirBaram	N
utkalikAvallarI	N
utketana	Y
utkopa	Y
utkoraka	N
utkrATinI	N
utkrama	N
utkroSa	N
utkvATa	N
utkzepa	Y
utkzepalipi	N
utpAlikA	Y
utpAtalakzaRa	N
utpAtin	Y
utpaTaya	N
utpakva	Y
utpakza	Y
utpaladfS	N
utpalapattranIla	N
utparyARita	Y
utpatin	N
utpattra	Y
utpfzwi	Y
utpiba	N
utpipAna	N
utplava	Y
utprAsaya	N
utpraBAtIya	N
utprekzADvani	N
utprekzAkzepa	Y
utprekzita	N
utprekzitopamA	N
utpuMsana	Y
utpupluzA	Y
utsADana	N
utsAhagAtratA	N
utsArin	Y
utsaNgapAdatA	N
utsaNgita	Y
utsada	Y
utsargam	Y
utsavapriya	N
utsekin	Y
utsfjya	Y
utsfzwikANka	N
utsiktamanas	N
utsisfkzu	N
utsvedana	N
uttApana	Y
uttF	N
uttIram	Y
uttamacaritra	Y
uttamagAya	Y
uttamavid	N
uttamottamaka	N
uttanUruha	Y
uttapanIya	N
uttaptavEqUryanirBAsa	N
uttarArDapaScArDa	Y
uttaraGfta	N
uttaraMgi	N
uttaraRasetu	N
uttaraSalaNkawa	N
uttaragArgya	Y
uttarakrama	Y
uttarapUjA	N
uttararAmacampU	N
uttaratas	N
uttarjanIka	Y
uttejana	N
uttiNga	Y
uttuNgita	Y
uwwIkita	Y
uwwaNkita	N
uzAcarita	N
uzAharaRa	N
uzAnidAna	N
uzApariRaya	Y
uzRIzaSiraskatA	N
uzRIzavijayA	N
uzRIzavijaya	Y
uzRanaraka	N
vAcaMniyama	N
vAjiBft	N
vAjiratna	N
vAkpativAra	N
vAkyasaMcAra	N
vAnara	N
vArI	N
vAsavfkza	N
vAtAjira	N
vAtacala	N
vAtayAna	N
vAtezu	N
vEKAnasaSAstra	N
vESvantara	N
vEpaScita	N
vIRAvat	N
vIralIla	N
vIrapeSas	N
vIraravivarman	N
vIrasena	N
vIryasammita	N
vaDUyAna	N
vaDUyu	N
vaNka	N
vaNku	N
vacatra	N
vahniDUmanyAya	N
vahnizwamBa	N
vajraDvani	N
vajrasaMsparSa	N
vaktrapARi	N
vallUra	N
vamuka	N
vanaSakuni	N
vanacCandatA	N
vanapratizWa	N
vanasaMSraya	N
vanitAsaKa	N
vapatra	N
vapurguRa	N
varRAnupUrveRa	N
varRasaMvarga	N
varasampad	N
varuRapariyatana	N
varzapavitra	N
vastI	N
vati	N
vatsaBawwi	N
vayaHprakarza	N
vayaHsuKa	N
vayonurUpa	N
vedasaMnyAsin	N
vedavikraya	N
vedispfS	N
vedyA	N
vetasvin	N
vfNga	N
vfkzanAma	N
vfttivallaBa	N
vfzwitAdita	N
viBAvAyu	N
viDya	N
viSpalA	N
viSvABirakzaRa	N
viSvavarman	N
vidaTa	N
videvam	N
vijayabAhu	N
viluptI	N
vimfgvan	N
vinDyavAsaka	N
vinivftti	N
vipas	N
viprasanna	N
virajaHpraBa	N
visraMsikA	Y
vivatsA	N
vivihan	N
viyUzka	N
vizwImin	N
vrIhiSarAva	N
vra	N
vratAvftti	N
vratacArya	N
vratopeta	N
vyABram	N
vyADiDarmin	N
vyAkulavezwana	N
vyatizikta	N
vyavadAraprApaRa	N
vyavastf	N
vyeman	N
vyomAnta	N
wIkAsamuccaya	N
wIkAsarvasva	N
weka	N
wippaRyASaya	N
wiwwiBAsana	N
woqaraprakASa	N
yAtrAsaMDAna	N
yAvadAvAsa	N
yAvadgrahaRam	N
yAvatima	N
yUropaKaRqa	N
yaSaHpraBa	N
yaSoDarman	N
yaSoviSAla	N
yaTABUtapratijYA	N
yaTADyAyam	N
yaTASraya	N
yaTAbAlam	N
yaTAgIta	N
yaTAgavam	N
yaTApuroqASam	N
yaTAsaMvAdam	N
yaTAsuzWu	N
yaTopapadam	N
yadvidvas	N
yahvA	N
yajYalopa	N
yajYasaMstara	N
yajYasamfdDi	N
yajunA	N
yavAcAma	N
yonisaMkaluza	N
yonizad	N
yonyajAta	N
yudDaSOwIratA	N
yugacCidra	N
yugamAtradarSin	N
yugapraDAna	N
zaqvizARa	N
zuduvadIna	N
