lemma	id_gra	id_pwg	location	form	translator	status	text	divergence_class	wordlevel_span	wordlevel_confidence
agní-	79	349	1.1.1	agním	grassmann_de_1876	present	Den Priester Agni preise ich, der nach der Ordnung Opfer bringt, Den Gott, den schatzverleihendsten,			
agní-	79	349	1.1.1	agním	geldner_de_1951	present	Agni berufe ich als Bevollmächtigten, als Gott-Priester des Opfers, als Hotr̥, der am meisten Lohn einbringt.			
agní-	79	349	1.1.1	agním	elizarenkova_ru_1989	present	Агни призываю я – во главе поставленного\nБога жертвы (и) жреца,\nХотара обильнейшесокровищного.			
agní-	79	349	1.1.1	agním	griffith_en_1896	present	I Laud Agni, the chosen Priest, God, minister of sacrifice,\nThe hotar, lavishest of wealth.			
agní-	79	349	1.1.1	agním	jamison_brereton_en_2014	present	Agni do I invoke—the one placed to the fore, god and priest of the sacrifice, the Hotar, most richly conferring treasure.			
agní-	79	349	1.1.2	agníḥ	grassmann_de_1876	present	Der von der alten Sängerschar, von neuen auch zu preisen ist, Die Götter fahr uns Agni her.			
agní-	79	349	1.1.2	agníḥ	geldner_de_1951	present	Agni war von den früheren R̥ṣis und ist von den jüngsten zu berufen; er möge die Götter hierher fahren.			
agní-	79	349	1.1.2	agníḥ	elizarenkova_ru_1989	present	Агни достоин призываний риши –\nКак прежних, так и нынешних:\nДа привезет он сюда богов!			
agní-	79	349	1.1.2	agníḥ	griffith_en_1896	present	Worthy is Agni to be praised by living as by ancient seers.\nHe shall bring hitherward the Gods.			
agní-	79	349	1.1.2	agníḥ	jamison_brereton_en_2014	present	Agni, to be invoked by ancient sages and by the present ones— he will carry the gods here to this place.			
agní-	79	349	1.1.3	agnínā	grassmann_de_1876	present	Durch Agni werd' uns Tag für Tag Gedeihn und schönes Gut zu Theil, Das reich mit Helden sei versehn.			
agní-	79	349	1.1.3	agnínā	geldner_de_1951	present	Durch Agni möge er Reichtum und Zuwachs Tag für Tag erlangen, ansehnlichen, der die meisten Söhne zählt.			
agní-	79	349	1.1.3	agnínā	elizarenkova_ru_1989	present	Агни, посредством (него) пусть достигает он богатства\nИ процветания – изо дня в день –\nСияющего, мужеобильнейшего!			
agní-	79	349	1.1.3	agnínā	griffith_en_1896	present	Through Agni man obtaineth wealth, yea, plenty waxing day by day,\nMost rich in heroes, glorious.			
agní-	79	349	1.1.3	agnínā	jamison_brereton_en_2014	present	By Agni one will obtain wealth and prosperity every day, glorious and richest in heroes.			
agní-	79	349	1.1.4	ágne	grassmann_de_1876	present	Welch Opfer, Agni, welches Fest von allen Seiten du umfängst, Nur das geht zu den Göttern hin.			
agní-	79	349	1.1.4	ágne	geldner_de_1951	present	Agni! Nur die Anbetung und das Opfer, das du ganz zusammenhältst, gelangt zu den Göttern.			
agní-	79	349	1.1.4	ágne	elizarenkova_ru_1989	present	О Агни, жертва (и) обряд,\nКоторые ты охватываешь со всех сторон,\nИменно они идут к богам.			
agní-	79	349	1.1.4	ágne	griffith_en_1896	present	Agni, the perfect sacrifice which thou encompassest about\nVerily goeth to the Gods.			
agní-	79	349	1.1.4	ágne	jamison_brereton_en_2014	present	O Agni, the sacrifice and rite that you surround on every side— it alone goes among the gods.			
agní-	79	349	1.1.5	agníḥ	grassmann_de_1876	present	Der weise, weitberühmteste, wahrhafte Priester Agni komm, Der Gott nun mit den Göttern her.			
agní-	79	349	1.1.5	agníḥ	geldner_de_1951	present	Agni, der wahre Hotr̥ mit Sehersinn und am meisten ruhmglänzend, der Gott soll mit den Göttern herkommen.			
agní-	79	349	1.1.5	agníḥ	elizarenkova_ru_1989	present	Агни-хотар с прозорливостью поэта,\nИстинный, с ярчайшей славой, –\nБог с богами да приидет!			
agní-	79	349	1.1.5	agníḥ	griffith_en_1896	present	May Agni, sapient-minded Priest, truthful, most gloriously great,\nThe God, come hither with the Gods.			
agní-	79	349	1.1.5	agníḥ	jamison_brereton_en_2014	present	Agni, the Hotar with a poet’s purpose, the real one possessing the brightest fame, will come as a god with the gods.			
agní-	79	349	1.1.6	ágne	grassmann_de_1876	present	Dass du dem Mann, der dich verehrt, o Agni, Heil verschaffen wirst, Ist deine Art, o Angiras.			
agní-	79	349	1.1.6	ágne	geldner_de_1951	present	Wenn du wirklich dem Spender Gutes tun willst, Agni, so wird bei dir das wahr, oh Aṅgiras.			
agní-	79	349	1.1.6	ágne	elizarenkova_ru_1989	present	Когда ты в самом деле возжелаешь,\nО Агни, сделать добро почитающему (тебя),\nТо у тебя это истинно, о Ангирас.			
agní-	79	349	1.1.6	ágne	griffith_en_1896	present	Whatever blessing, Agni, thou wilt grant unto thy worshipper,\nThat, Angiras, is indeed thy truth.			
agní-	79	349	1.1.6	ágne	jamison_brereton_en_2014	present	When truly you will do good for the pious man, o Agni, just that of yours is real, o Angiras.			
agní-	79	349	1.1.7	agne	grassmann_de_1876	present	Dir, Agni, nahn wir Tag für Tag, o Nachterheller, mit Gebet Und bringen dir Verehrung dar.			
agní-	79	349	1.1.7	agne	geldner_de_1951	present	Dir, Agni, nahen wir Tag für Tag, du Dunkel-Erheller, mit Andacht, Huldigung darbringend,			
agní-	79	349	1.1.7	agne	elizarenkova_ru_1989	present	К тебе, о Агни, изо дня в день,\nО озаряющий тьму, мы приходим\nС молитвой, неся поклонение –			
agní-	79	349	1.1.7	agne	griffith_en_1896	present	To thee, dispeller of the night, O Agni, day by day with prayer\nBringing thee reverence, we come			
agní-	79	349	1.1.7	agne	jamison_brereton_en_2014	present	We approach you, o Agni, illuminator in the evening, every day with our insight, bringing homage—			
agní-	79	349	1.1.9	ágne	grassmann_de_1876	present	Gewähre, Agni, uns Gehör, sowie der Vater seinem Sohn, Geleite uns zum Wohlergehn.			
agní-	79	349	1.1.9	ágne	geldner_de_1951	present	Sei du Agni uns zugänglich wie ein Vater dem Sohne! Sei mit uns zum Heile!			
agní-	79	349	1.1.9	ágne	elizarenkova_ru_1989	present	Как отец – сыну,\nО Агни, будь доступен нам!\nСопровождай нас ради блага!			
agní-	79	349	1.1.9	ágne	griffith_en_1896	present	Be to us easy of approach, even as a father to his son:\nAgni, be with us for our weal.			
agní-	79	349	1.1.9	ágne	jamison_brereton_en_2014	present	Like a father for a son, be of easy approach for us, o Agni. Accompany us for our well-being.			
agní-	79	349	1.12.1	agním	grassmann_de_1876	present	Agni ersehn als Boten wir, als Priester ihn, der alles weiss, Der dieses Opfer schön vollbringt.			
agní-	79	349	1.12.1	agním	geldner_de_1951	present	Agni erküren wir zum Boten, zum Hotr̥ dieses Opfer, den Allwissenden, Klugsinnigen.			
agní-	79	349	1.12.1	agním	elizarenkova_ru_1989	present	Агни мы выбираем вестником,\nХотаром этой жертвы,\nВсезнающего, очень умного.			
agní-	79	349	1.12.1	agním	griffith_en_1896	present	-en-			
agní-	79	349	1.12.1	agním	jamison_brereton_en_2014	present	Agni we choose as messenger, the Hotar affording all possessions, very effective for this sacrifice.			
agní-	79	349	1.12.2	agním-agnim	grassmann_de_1876	present	Den Agni, Agni rufen sie, des Hauses Herrn mit Bitten stets, Der vielgeliebt die Opfer fährt.			
agní-	79	349	1.12.2	agním-agnim	geldner_de_1951	present	Agni und Agni rufen sie stets mit Anrufungen, den Clanherrn, den viellieben Opferführer.			
agní-	79	349	1.12.2	agním-agnim	elizarenkova_ru_1989	present	Агни и Агни призывами\nПостоянно призывают они, господина племен,\nОтвозящего жертву, приятного многим.			
agní-	79	349	1.12.2	agním-agnim	griffith_en_1896	present	With callings ever they invoke Agni, Agni, Lord of the House,\nOblation-bearer, much beloved.			
agní-	79	349	1.12.2	agním-agnim	jamison_brereton_en_2014	present	Agni after Agni they always invoke with invocations as the clanlord, conveyor of the oblations, dear to many.			
agní-	79	349	1.12.3	ágne	grassmann_de_1876	present	Die Götter fahr, o Agni, her zum Streubereiter, neuerzeugt, Du bist als Priester anzuflehn.			
agní-	79	349	1.12.3	ágne	geldner_de_1951	present	Agni! Fahr (eben) geboren die Götter zu dem, der Barhis herumgelegt hat! Du bist unser berufener Hotr̥.			
agní-	79	349	1.12.3	ágne	elizarenkova_ru_1989	present	О Агни, привези сюда богов –\n(Едва) родившись – к разложившему жертвенную солому!\nТы хотар, почитаемый у нас.			
agní-	79	349	1.12.3	ágne	griffith_en_1896	present	Bring the Gods hither, Agni, born for him who strews the sacred grass:\nThou art our herald, meet for praise.			
agní-	79	349	1.12.3	ágne	jamison_brereton_en_2014	present	Agni, convey the gods here, as soon as you are born, for the man who has twisted the ritual grass. You are the Hotar, to be reverently invoked by us.			
agní-	79	349	1.12.4	agne	grassmann_de_1876	present	Erwecke sie, die willigen, wenn, Agni, du als Bote gehst, Sitz mit den Göttern auf der Streu.			
agní-	79	349	1.12.4	agne	geldner_de_1951	present	Ermuntere die verlangenden (Götter), wenn du, Agni, den Botengang gehst! Mit den Göttern setz dich auf das Barhis!			
agní-	79	349	1.12.4	agne	elizarenkova_ru_1989	present	Пробуди тех жаждущих (богов),\nКогда, о Агни, ты идешь вестником!\nС богами сядь на жертвенную солому!			
agní-	79	349	1.12.4	agne	griffith_en_1896	present	Wake up the willing Gods, since thou, Agni, performest embassage:\nSit on the sacred grass with Gods.			
agní-	79	349	1.12.4	agne	jamison_brereton_en_2014	present	Awaken the eager ones, when you travel on your mission, o Agni. With the gods sit here on the ritual grass.			
agní-	79	349	1.12.5	ágne	grassmann_de_1876	present	Du heller, fettbeträufelter, verbrenne alle Schädiger, Die Zauberer, o Agni, du.			
agní-	79	349	1.12.5	ágne	geldner_de_1951	present	Schmalzbegossener, Leuchtender, versenge doch ja die Schädiger, du Agni, die Unholde!			
agní-	79	349	1.12.5	ágne	elizarenkova_ru_1989	present	О жиром поливаемый, светящийся,\nСожги до тла ты тех, кто вредит,\nО Агни, (и) обладает силой ракшасов!			
agní-	79	349	1.12.5	ágne	griffith_en_1896	present	O Agni, radiant One, to whom the holy oil is poured, bum up\nOur enemies whom fiends protect.			
agní-	79	349	1.12.5	ágne	jamison_brereton_en_2014	present	O shining one whose oblation is ghee, burn against those who do harm, o Agni, against demonic beings.			
agní-	79	349	1.12.6	agnínā	grassmann_de_1876	present	Der Glut-Gott wird durch Glut entflammt, der weise Jüngling, Hauses Herr, Der Opfer fährt, aus Löffeln trinkt.			
agní-	79	349	1.12.6	agnínā	geldner_de_1951	present	Agni wird an Agni entzündet, der weise junge Hausherr, der Opferführer, dessen Mund seine Zunge ist.			
agní-	79	349	1.12.6	agnínā	elizarenkova_ru_1989	present	Агни зажигается с помощью Агни,\nПоэт, хозяин дома, юноша,\nУвозящий жертву, чей рот – языки (пламени).			
agní-	79	349	1.12.6	agnínā	griffith_en_1896	present	By Agni Agni is inflamed, Lord of the House, wise, young, who bears\nThe gift: the ladle is his mouth.			
agní-	79	349	1.12.6	agnínā	jamison_brereton_en_2014	present	By Agni is Agni kindled—poet, houselord, youth, conveying the oblation, with the sacrificial ladle in his mouth.			
agní-	79	349	1.12.6	agníḥ	grassmann_de_1876	present	Der Glut-Gott wird durch Glut entflammt, der weise Jüngling, Hauses Herr, Der Opfer fährt, aus Löffeln trinkt.			
agní-	79	349	1.12.6	agníḥ	geldner_de_1951	present	Agni wird an Agni entzündet, der weise junge Hausherr, der Opferführer, dessen Mund seine Zunge ist.			
agní-	79	349	1.12.6	agníḥ	elizarenkova_ru_1989	present	Агни зажигается с помощью Агни,\nПоэт, хозяин дома, юноша,\nУвозящий жертву, чей рот – языки (пламени).			
agní-	79	349	1.12.6	agníḥ	griffith_en_1896	present	By Agni Agni is inflamed, Lord of the House, wise, young, who bears\nThe gift: the ladle is his mouth.			
agní-	79	349	1.12.6	agníḥ	jamison_brereton_en_2014	present	By Agni is Agni kindled—poet, houselord, youth, conveying the oblation, with the sacrificial ladle in his mouth.			
agní-	79	349	1.12.7	agním	grassmann_de_1876	present	Den weisen Agni preise laut, der wahrt den Brauch beim Opferfest, Den Gott, der alles Leid verscheucht.			
agní-	79	349	1.12.7	agním	geldner_de_1951	present	Preise Agni, den Seher, dessen Vorschriften gültig sind beim Opfer, den Gott, der die Krankheit vertreibt!			
agní-	79	349	1.12.7	agním	elizarenkova_ru_1989	present	Славь поэта Агни,\nЧьи законы непреложны во время обряда,\nБога, прогоняющего болезни!			
agní-	79	349	1.12.7	agním	griffith_en_1896	present	Praise Agni in the sacrifice, the Sage whose ways are ever true,\nThe God who driveth grief away.			
agní-	79	349	1.12.7	agním	jamison_brereton_en_2014	present	Praise Agni, the poet whose ordinances hold true at the ceremony, the god who banishes afflictions.			
agní-	79	349	1.12.8	agne	grassmann_de_1876	present	Dem Opferherrn, der, Agni, dich, o Gott, als seinen Boten ehrt, Dem mögest stets du Helfer sein.			
agní-	79	349	1.12.8	agne	geldner_de_1951	present	Welcher Opferherr dich, Gott Agni, den Boten in Ehren hält, dessen Förderer sei du!			
agní-	79	349	1.12.8	agne	elizarenkova_ru_1989	present	(Если) какой-нибудь устроитель жертвы тебя, о Агни\nКак вестника, о бог, почитает,\nСтань его покровителем!			
agní-	79	349	1.12.8	agne	griffith_en_1896	present	God, Agni, be his strong defence who lord of sacrificial gifts,\nWorshippeth thee the messenger.			
agní-	79	349	1.12.8	agne	jamison_brereton_en_2014	present	The lord of the oblation who honors you as his messenger, o god Agni, for him become a helper.			
agní-	79	349	1.12.9	agním	grassmann_de_1876	present	Wer Agni zu dem Göttermahl, ihm Opfer bringend, zu sich lockt, Sei gnädig dem, o flammender.			
agní-	79	349	1.12.9	agním	geldner_de_1951	present	Wer mit Opferspenden Agni herbittet zur Götterladung, dem sei gnädig, du Lauterer!			
agní-	79	349	1.12.9	agním	elizarenkova_ru_1989	present	(Если) кто с жертвенным возлиянием\nЗахочет привлечь к себе Агни для приглашения богов\nБудь милостив к нему, о чистый!			
agní-	79	349	1.12.9	agním	griffith_en_1896	present	Whoso with sacred gift would fain call Agni to the feast of Gods,\nO Purifier, favour him.			
agní-	79	349	1.12.9	agním	jamison_brereton_en_2014	present	The possessor of the oblation who seeks to win Agni to pursue the gods, to him be merciful, o pure one.			
agní-	79	349	1.12.10	ágne	grassmann_de_1876	present	O flammender, o leuchtender, die Götter fahr uns, Agni, her; Zum Opfer und zu unserm Trank.			
agní-	79	349	1.12.10	ágne	geldner_de_1951	present	Fahre du lauterer, leuchtender Agni, uns die Götter her zu Opfer und Spende!			
agní-	79	349	1.12.10	ágne	elizarenkova_ru_1989	present	К нам, о чистый, светящийся\nАгни, сюда привези богов\nНа жертвоприношение и на наше возлияние!			
agní-	79	349	1.12.10	ágne	griffith_en_1896	present	Such, Agni, Purifier, bright, bring hither to our sacrifice,\nTo our oblation bring the Gods.			
agní-	79	349	1.12.10	ágne	jamison_brereton_en_2014	present	O pure, shining Agni, convey the gods here to us, right up to our sacrifice and oblation.			
agní-	79	349	1.12.12	ágne	grassmann_de_1876	present	Mit hellem Licht, mit jedem Ruf, der, Agni, zu den Göttern dringt, Geniesse dieses unser Lob.			
agní-	79	349	1.12.12	ágne	geldner_de_1951	present	Agni, mit heller Glut genehmige nebst allen Götteranrufungen dieses Loblied von uns!			
agní-	79	349	1.12.12	ágne	elizarenkova_ru_1989	present	О Агни, со светлым пламенем\nСо всеми призывами богов\nНасладись (и) этим нашим восхвалением!			
agní-	79	349	1.12.12	ágne	griffith_en_1896	present	O Agni, by effulgent flame, by all invokings of the Gods,\nShow pleasure in this laud of ours.			
agní-	79	349	1.12.12	ágne	jamison_brereton_en_2014	present	Agni, with your blazing flame, along with all the invocations to the gods, enjoy this praise of ours right now!			
agní-	79	349	1.13.1	agne	grassmann_de_1876	present	O Agni fahre schönentflammt die Götter unserm Opfrer zu, Und ehr, o lichter Priester, sie.			
agní-	79	349	1.13.1	agne	geldner_de_1951	present	Wohlentzündet fahr uns die Götter her zum Opferspender, o Agni, und vollziehe die Opferweihe, du lauterer Hotr̥!			
agní-	79	349	1.13.1	agne	elizarenkova_ru_1989	present	Прекраснозажженный привези нам\nБогов, о Агни, к жертвователю\nИ принеси жертву, о чистый хотар!			
agní-	79	349	1.13.1	agne	griffith_en_1896	present	AGNI, well-kindled, bring the Gods for him who offers holy gifts.\nWorship them, Purifier, Priest.			
agní-	79	349	1.13.1	agne	jamison_brereton_en_2014	present	Well-kindled, o Agni, convey the gods here to us, to the man offering the oblation, and perform sacrifice, o pure Hotar.			
agní-	79	349	1.13.4	ágne	grassmann_de_1876	present	Auf schnellstem Wagen, Agni, fahr, gepriesener, die Götter her; Dich setzt' als Priester Manus ein.			
agní-	79	349	1.13.4	ágne	geldner_de_1951	present	Agni! Fahr auf leichtestem Wagen die Götter her, dazu berufen! Du bist der von Manu eingesetzte Hotr̥.			
agní-	79	349	1.13.4	ágne	elizarenkova_ru_1989	present	О Агни, на быстроходнейшей колеснице,\nПризванный, привези богов.\nТы – хотар, поставленный Манусом.			
agní-	79	349	1.13.4	ágne	griffith_en_1896	present	Agni, on thy most easy car, glorified, hither bring the Gods:\nManu appointed thee as Priest.			
agní-	79	349	1.13.4	ágne	jamison_brereton_en_2014	present	O Agni, on the best-naved chariot convey the gods here when you are solemnly invoked. You are the Hotar, installed by Manu.			
agní-	79	349	1.14.1	agne	grassmann_de_1876	present	Mit diesen Göttern allen komm, o Agni, her zum Somatrunk, Zu Lied und Opfer, ehre sie.			
agní-	79	349	1.14.1	agne	geldner_de_1951	present	Mit all diesen Göttern komm, Agni, zu (unserem) Eifer, zu den Lobreden herbei, um Soma zu trinken, und vollziehe die Opferweihe!			
agní-	79	349	1.14.1	agne	elizarenkova_ru_1989	present	Приди, о Агни, для почетного дара (и) песен\nС этими Всеми-Богами на питье сомы\nИ принеси жертву!			
agní-	79	349	1.14.1	agne	griffith_en_1896	present	To drink the Soma, Agni, come, to our service and our songs.\nWith all these Gods; and worship them.			
agní-	79	349	1.14.1	agne	jamison_brereton_en_2014	present	With these, o Agni, hither to friendly service, to hymns—with all (of them), for soma-drinking— with the gods, come and perform sacrifice.			
agní-	79	349	1.14.2	agne	grassmann_de_1876	present	Die Kanva's riefen dich herhei, sie singen, weiser, Lieder dir; Komm, Agni, mit den Göttern her,			
agní-	79	349	1.14.2	agne	geldner_de_1951	present	Dich haben die Kaṇva's hergerufen; sie preisen deine (weisen) Gedanken, du Redekundiger. Komm, Agni, mit den Göttern!			
agní-	79	349	1.14.2	agne	elizarenkova_ru_1989	present	Тебя призвали Канвы.\nОни поют, о вдохновенный, твои молитвы.\nПриди, о Агни, с богами!			
agní-	79	349	1.14.2	agne	griffith_en_1896	present	The Kanvas have invoked thee; they, O Singer, sing thee songs of praise\nAgni, come hither with the Gods;			
agní-	79	349	1.14.2	agne	jamison_brereton_en_2014	present	The Kanvas have called to you; they hymn your insightful thoughts, o inspired poet. With the gods, o Agni, come hither.			
agní-	79	349	1.14.3	agním	grassmann_de_1876	present	Indra, Vaju, Brihaspati, Mitra, Agni, Puschan, Bhaga, Aditja's und die Marutschar,			
agní-	79	349	1.14.3	agním	geldner_de_1951	present	Indra und Vāyu, Br̥haspati, Mitra (und Varuṇa), Agni, Pūṣan, Bhaga, die Ādityas, die Marutschar –			
agní-	79	349	1.14.3	agním	elizarenkova_ru_1989	present	Индру-Ваю, Брихаспати,\nМитру (Варуну), Агни, Пушана, Бхагу,\nАдитьев, толпу Марутов (приведи сюда!)			
agní-	79	349	1.14.3	agním	griffith_en_1896	present	Indra, Vayu, Brhaspati, Mitra, Agni, Pusan, Bhaga,\nAdityas, and the Marut host.			
agní-	79	349	1.14.3	agním	jamison_brereton_en_2014	present	Indra and Vayu, Brhaspati, Mitra (and Varuna), Agni, Pusan, Bhaga, the Adityas, the Marutian flock (have the Kanvas called).			
agní-	79	349	1.14.7	ágne	grassmann_de_1876	present	Vereine, Agni, mit den Fraun die opferwerthen, heiligen, Schönzung'ger tränke sie mit Meth.			
agní-	79	349	1.14.7	ágne	geldner_de_1951	present	Die Opferwürdigen, die Wahrheitsmehrer mache beweibt, Agni; gib ihnen, Schönzungiger, vom Süßtrank zu trinken!			
agní-	79	349	1.14.7	ágne	elizarenkova_ru_1989	present	Этим достойным жертвы, умножающим космический закон,\nО Агни, дай в спутницы жен,\nНапои (их) о прекрасноязыкий, медом!			
agní-	79	349	1.14.7	ágne	griffith_en_1896	present	Adored, the strengtheners of Law, unite them, Agni, with their Dames:\nMake them drink meath, O bright of tongue.			
agní-	79	349	1.14.7	ágne	jamison_brereton_en_2014	present	Those (gods) deserving the sacrifice, strong through truth—bring them here along with their wives, Agni. Make them drink of the honey, you of good tongue.			
agní-	79	349	1.14.8	agne	grassmann_de_1876	present	Die opferwerth, die preisenswerth, lass trinken sie durch deinen Mund vom Meth, o Agni, bei dem Werk.			
agní-	79	349	1.14.8	agne	geldner_de_1951	present	Die Opferwürdigen, die Anzurufenden, die sollen mit deiner Zunge von dem Süßtrank unter Vaṣaṭruf trinken, o Agni.			
agní-	79	349	1.14.8	agne	elizarenkova_ru_1989	present	Кто достоин жертв, кого призываем,\nВсе они (твоим) языком пусть напьются\nМеду, о Агни, под возглас Вашат!			
agní-	79	349	1.14.8	agne	griffith_en_1896	present	Let them, O Agni, who deserve worship and praise drink with thy tongue\nTle meath in solemn sacrifice.			
agní-	79	349	1.14.8	agne	jamison_brereton_en_2014	present	Those who deserve the sacrifice, who are to be invoked, let them drink with your tongue of the honey, when the vasat-cdl\ is made, o Agni.			
agní-	79	349	1.14.10	ágne	grassmann_de_1876	present	Den süssen Soma, Agni, trink mit allen Göttern, mit dem Wind, Mit Indra und des Mitra Schar.			
agní-	79	349	1.14.10	ágne	geldner_de_1951	present	Mit allen Verkörperungen des Mitra (der Freundschaft), mit Indra, Vāyu trink, Agni, den somischen Honigtrank!			
agní-	79	349	1.14.10	ágne	elizarenkova_ru_1989	present	Со всеми (богами) мед сомы\nО Агни, с Индрой, с Ваю,\nПей по установлениям Митры!			
agní-	79	349	1.14.10	ágne	griffith_en_1896	present	With all the Gods, with Indra, with Vayu, and Mitra's splendours, drink,\nAgni, the pleasant Soma juice.			
agní-	79	349	1.14.10	ágne	jamison_brereton_en_2014	present	With all (the gods), o Agni, with Indra and with Vayu, drink the somian honey according to the ordinances of alliance.			
agní-	79	349	1.14.11	ágne	grassmann_de_1876	present	Vom Manus, Agni, eingesetzt als Priester weilst bei Opfern du, Drum weihe dieses Opfer uns.			
agní-	79	349	1.14.11	ágne	geldner_de_1951	present	Von Manu als Hotr̥ eingesetzt nimmst du, Agni, bei den Opfern Platz; weihe du dies Opfer für uns!			
agní-	79	349	1.14.11	ágne	elizarenkova_ru_1989	present	Ты как хотар, поставленный Манусом,\nО Агни, сидишь на жертвоприношениях.\nПочти этот наш обряд!			
agní-	79	349	1.14.11	ágne	griffith_en_1896	present	Ordained by Manu as our Priest, thou sittest, Agni, at each rite:\nHallow thou this our sacrifice.			
agní-	79	349	1.14.11	ágne	jamison_brereton_en_2014	present	As the Hotar installed by Manu, Agni, you sit at the sacrifices. So perform this rite for us now.			
agní-	79	349	1.15.4	ágne	grassmann_de_1876	present	O Agni, fahr die Götter her und setz auf die drei Sitze sie, Bedien' sie, trinke nach dem Brauch.			
agní-	79	349	1.15.4	ágne	geldner_de_1951	present	Agni, fahre die Götter her; laß sie sich an den drei Stätten niedersetzen; warte deines Amtes, trink nach der Zeit!			
agní-	79	349	1.15.4	ágne	elizarenkova_ru_1989	present	О Агни, привези сюда богов!\nПосади (их) в трех местах!\nОхвати (алтарь)! Пей в урочное время!			
agní-	79	349	1.15.4	ágne	griffith_en_1896	present	Bring the Gods, Agni; in the three appointed places set them down:\nSurround them, and with Rtu drink.			
agní-	79	349	1.15.4	ágne	jamison_brereton_en_2014	present	O Agni, convey the gods here; make them sit in the three wombs. Attend on them; drink in your turn.			
agní-	79	349	1.19.1	agne	grassmann_de_1876	present	Zum Milchtrunk wirst gerufen du, zu diesem schönen Opferfest, Komm, Agni, mit der Marutschar.			
agní-	79	349	1.19.1	agne	geldner_de_1951	present	Zu diesem angenehmen Opfer wirst du geladen, um es in Schutz zu nehmen. – Mit den Marut komm, o Agni!			
agní-	79	349	1.19.1	agne	elizarenkova_ru_1989	present	На этот славный обряд\nТы приглашаешься для защиты (его).\nС Марутами приди, о Агни!			
agní-	79	349	1.19.1	agne	griffith_en_1896	present	To this fair sacrifice to drink the milky draught thou art invoked:\nO Agni, with the Maruts come.			
agní-	79	349	1.19.1	agne	jamison_brereton_en_2014	present	Toward this pleasing ceremony you are called, for its protection. - With the Maruts, o Agni, come hither.			
agní-	79	349	1.19.2	agne	grassmann_de_1876	present	Denn über dein, des grossen, Macht ragt weder Gott, noch Sterblicher, Komm, Agni, mit der Marutschar.			
agní-	79	349	1.19.2	agne	geldner_de_1951	present	Denn nicht übertrifft ein Gott noch ein Sterblicher deine, des Großen, Umsicht. – Mit den Marut komm, o Agni!			
agní-	79	349	1.19.2	agne	elizarenkova_ru_1989	present	Ни бог, ни смертный\nНе превосходит силой духа тебя, великого.\nС Марутами приди, о Агни!			
agní-	79	349	1.19.2	agne	griffith_en_1896	present	No mortal man, no God exceeds thy mental power, O Mighty one -\nO Agni, with the Maruts come			
agní-	79	349	1.19.2	agne	jamison_brereton_en_2014	present	For no god nor mortal is beyond the will of you who are great. - With the Maruts, o Agni, come hither.			
agní-	79	349	1.19.3	agne	grassmann_de_1876	present	Die wohnen in dem grossen Raum, die holden Götter allzumal – Komm, Agni, mit der Marutschar.			
agní-	79	349	1.19.3	agne	geldner_de_1951	present	Die den großen Luftraum kennen, die truglosen Allgötter, mit den Marut komm, o Agni!			
agní-	79	349	1.19.3	agne	elizarenkova_ru_1989	present	(Те,) что знают великое воздушное пространство,\nВсе-Боги, чуждые обмана –\nС Марутами приди, о Агни!			
agní-	79	349	1.19.3	agne	griffith_en_1896	present	All Gods devoid of guile, who know the mighty region of mid-air:\nO Agni, with those Maruts come.			
agní-	79	349	1.19.3	agne	jamison_brereton_en_2014	present	Those who know the great airy realm, the All Gods without deceit— with the Maruts, o Agni, come hither.			
agní-	79	349	1.19.4	agne	grassmann_de_1876	present	Die starken, die des Donners Sang anstimmen, kräftig, unbesiegt – Mit diesen Maruts, Agni, komm.			
agní-	79	349	1.19.4	agne	geldner_de_1951	present	Die gewaltigen, die den (Schlacht)gesang sangen, an Stärke unbezwinglich, mit den Marut komm, o Agni!			
agní-	79	349	1.19.4	agne	elizarenkova_ru_1989	present	(Те) грозные, что запели песнь,\nК кому не подступиться с силой, –\nС Марутами приди, о Агни!			
agní-	79	349	1.19.4	agne	griffith_en_1896	present	The terrible, who sing their song, not to be overcome by might:\nO Agni, with those Maruts come.			
agní-	79	349	1.19.4	agne	jamison_brereton_en_2014	present	Those who chanted the chant, the strong ones, unassailable through their strength— with the Maruts, o Agni, come hither.			
agní-	79	349	1.19.5	agne	grassmann_de_1876	present	Die glänzen furchtbar von Gestalt, weitherrschend, tilgend jeden Feind, Mit diesen Maruts, Agni, komm.			
agní-	79	349	1.19.5	agne	geldner_de_1951	present	Die hellglänzenden, von furchtbarem Aussehen, die guten Herrscher, die über die Feinde triumphierenden, mit den Marut komm, o Agni!			
agní-	79	349	1.19.5	agne	elizarenkova_ru_1989	present	Те сверкающие, с ужасным обликом,\nДобрые властители, заботящиеся о чужом –\nС Марутами приди, о Агни!			
agní-	79	349	1.19.5	agne	griffith_en_1896	present	Brilliant, and awful in their form, mighty, devourers of their foes':\nO Agni, with those Maruts come.			
agní-	79	349	1.19.5	agne	jamison_brereton_en_2014	present	Those who are resplendent, of terrible form, of good dominion, caring for the stranger— with the Maruts, o Agni, come hither.			
agní-	79	349	1.19.6	agne	grassmann_de_1876	present	Die thronen in des Aethers Licht als Götter in dem Himmelsraum, Mit diesen Maruts, Agni, komm.			
agní-	79	349	1.19.6	agne	geldner_de_1951	present	Die über dem Lichte des Firmaments, im Himmel als Götter wohnen, mit den Marut komm, o Agni!			
agní-	79	349	1.19.6	agne	elizarenkova_ru_1989	present	(Те,) что на светлом пространстве небосвода\nНа небе живут как боги –\nС Марутами приди, о Агни!			
agní-	79	349	1.19.6	agne	griffith_en_1896	present	Who sit as Deities in heaven, above the sky-vault's luminous sphere:\nO Agni, with those Maruts come.			
agní-	79	349	1.19.6	agne	jamison_brereton_en_2014	present	Those who as gods sit in the luminous realm of the firmament, in heaven— with the Maruts, o Agni, come hither.			
agní-	79	349	1.19.7	agne	grassmann_de_1876	present	Die durch des Meeres Wogenflut, die Wellenberge schaukelnd wehn, Mit diesen Maruts, Agni, komm.			
agní-	79	349	1.19.7	agne	geldner_de_1951	present	Die die Berge schaukeln, über das flutende Meer (kommen), mit den Marut komm, o Agni!			
agní-	79	349	1.19.7	agne	elizarenkova_ru_1989	present	(Те,) что сотрясают горы,\nЧерез бурное море (приходят к нам) –\nС Марутами приди, о Агни!			
agní-	79	349	1.19.7	agne	griffith_en_1896	present	Who scatter clouds about the sky, away over the billowy sea:\nO Agni, with those Maruts come.			
agní-	79	349	1.19.7	agne	jamison_brereton_en_2014	present	Those who make the mountains swing, across the undulating sea— with the Maruts, o Agni, come hither.			
agní-	79	349	1.19.8	agne	grassmann_de_1876	present	Die übers Meer nach ihrer Macht hindringen mit der Strahlen Glanz, Mit diesen Maruts, Agni, komm.			
agní-	79	349	1.19.8	agne	geldner_de_1951	present	Die sich mit den Strahlen ausdehnen, mit Gewalt über das Meer (kommen), mit den Marut komm, o Agni!			
agní-	79	349	1.19.8	agne	elizarenkova_ru_1989	present	(Те,) что распространяются с лучами,\nЧерез море с силой (пробиваются), –\nС Марутами приди, о Агни!			
agní-	79	349	1.19.8	agne	griffith_en_1896	present	Who with their bright beams spread them forth over the ocean in their might\nO Agni, with those Maruts come.			
agní-	79	349	1.19.8	agne	jamison_brereton_en_2014	present	Those who stretch with their reins across the sea with their strength— with the Maruts, o Agni, come hither.			
agní-	79	349	1.19.9	agne	grassmann_de_1876	present	Dir giesse ich zum ersten Trunk des Soma Süssigkeiten aus; Komm, Agni, mit der Marutschar.			
agní-	79	349	1.19.9	agne	geldner_de_1951	present	Dich lasse ich zum somischen Honigtrank zu, damit du zuerst davon trinkest. Mit den Marut komm, o Agni!			
agní-	79	349	1.19.9	agne	elizarenkova_ru_1989	present	Тебя выпускаю я на мед сомы,\nЧтобы ты первым выпил. –\nС Марутами приди, о Агни!			
agní-	79	349	1.19.9	agne	griffith_en_1896	present	For thee, to be thine early draught, I pour the Soma-mingled meath:\nO Agni, with the Maruts come.			
agní-	79	349	1.19.9	agne	jamison_brereton_en_2014	present	Toward you I dispatch the somian honey, for you to drink first. - With the Maruts, o Agni, come hither.			
agní-	79	349	1.22.9	ágne	grassmann_de_1876	present	O Agni, fahre zu uns her die Götterfraun, die willigen, Und Tvaschtar zu dem Somatrunk.			
agní-	79	349	1.22.9	ágne	geldner_de_1951	present	Agni, fahr die willigen Göttergemahlinnen und den Tvaṣṭr̥ zum Somatrunk her!			
agní-	79	349	1.22.9	ágne	elizarenkova_ru_1989	present	О Агни, привези сюда\nСогласных жен богов\n(И) Тваштара на питье сомы.			
agní-	79	349	1.22.9	ágne	griffith_en_1896	present	O Agni, hither bring to us the willing Spouses of the Gods,\nAnd Tvastar, to the Soma draught.			
agní-	79	349	1.22.9	ágne	jamison_brereton_en_2014	present	Agni, convey the eager Wives of the Gods here, and Tvastar, for soma-drinking.			
agní-	79	349	1.22.10	agne	grassmann_de_1876	present	O jüngster Agni, fahre her die Frauen Hotra, Bharati, Zur Huld Varutri, Dhischana.			
agní-	79	349	1.22.10	agne	geldner_de_1951	present	Die Götterfrauen fahr, o Agni, her zu Gnade, Hotrā, Bhāratī, Varūtrī, die Dhiṣaṇā, du Jüngster!			
agní-	79	349	1.22.10	agne	elizarenkova_ru_1989	present	Божественных жен, о Агни, привези сюда\nДля помощи: Хотру, Бхарати,\nВарутри, Дхишану, о юнейший!			
agní-	79	349	1.22.10	agne	griffith_en_1896	present	Most youthful Agni, hither bring their Spouses, Hotra, Bharati,\nVarutri, Dhisana, for aid.			
agní-	79	349	1.22.10	agne	jamison_brereton_en_2014	present	Agni, youngest one, convey the Wives here for help, and Hotra BharatT, VartitrT, Dhisana.			
agní-	79	349	1.23.20	agním	grassmann_de_1876	present	Im Wasser, sagte Soma mir, ist alle Arzenei vereint Und Agni, der das All erquickt.			
agní-	79	349	1.23.20	agním	geldner_de_1951	present	Soma belehrte mich, daß in den Wassern alle Arzeneien und der allerersprießliche Agni sei, und daß die Wasser allheilend sind.			
agní-	79	349	1.23.20	agním	elizarenkova_ru_1989	present	Мне сказал сома, что в водах –\nВсе целебные средства\nИ Агни всеблагой\nИ что воды всеисцеляющи.			
agní-	79	349	1.23.20	agním	griffith_en_1896	present	Within the Waters-Soma thus hath told me-dwell all balms that heal,\nAnd Agni, he who blesseth all. The Waters hold all medicines.			
agní-	79	349	1.23.20	agním	jamison_brereton_en_2014	present	“Within the waters,” Soma said to me, “are all healing remedies, and Agni who is weal to all.” And the waters are healing for all.			
agní-	79	349	1.23.23	agne	grassmann_de_1876	present	Den Wassern ging ich heute nach, wir einten uns mit ihrer Flut; Komm, Agni, her mit Milch benetzt, und mich benetze du mit Glanz.			
agní-	79	349	1.23.23	agne	geldner_de_1951	present	Die Gewässer habe ich heute aufgesucht; wir sind mit ihrem Naß in Berührung gekommen. Komm Milch bringend, Agni; begabe mich hier mit Ansehen!			
agní-	79	349	1.23.23	agne	elizarenkova_ru_1989	present	Сегодня я добрался до вод.\nМы встретились с (их) влагой.\nС молоком приди, о Агни!\nСоедини меня с блеском!			
agní-	79	349	1.23.23	agne	griffith_en_1896	present	The Waters I this day have sought, and to their moisture have we come:\nO Agni, rich in milk, come thou, and with thy splendour cover me.			
agní-	79	349	1.23.23	agne	jamison_brereton_en_2014	present	O Waters, today I have followed (you). We have united with your sap. Full of milk, come here, o Agni. Merge me with luster.			
agní-	79	349	1.23.24	agne	grassmann_de_1876	present	Benetze, Agni, mich mit Glanz, mit Alter und mit Kinderschar, Dess sei'n die Götter Zeugen mir und Indra nebst den Sehern auch.			
agní-	79	349	1.23.24	agne	geldner_de_1951	present	Begab mich, Agni, mit Ansehen, mit Nachkommenschaft und langem Leben! Die Götter mögen mir dessen Zeuge sein, Indra möge mit den R̥ṣi's Zeuge sein.			
agní-	79	349	1.23.24	agne	elizarenkova_ru_1989	present	С блеском меня соедини,\nС потомством, с долгой жизнью!\nДа подтвердят мне это боги!\nДа подтвердит Индра вместе с риши!			
agní-	79	349	1.23.24	agne	griffith_en_1896	present	Fill me with splendour, Agni; give offspring and length of days; the Gods\nShall know me even as I am, and Indra with the Rsis, know.			
agní-	79	349	1.23.24	agne	jamison_brereton_en_2014	present	Merge me with luster, Agni, with offspring, with long life. The gods should know this (hymn?) of mine; Indra should know it along with the seers.			
agní-	79	349	1.24.2	agnéḥ	grassmann_de_1876	present	Gott Agni ist's, der ew'gen Götter erster, an dessen theuren Namen wir gedenken; Er gibt der grossen Aditi zurück uns, dass Vater ich und Mutter wieder schaue.			
agní-	79	349	1.24.2	agnéḥ	geldner_de_1951	present	Gott Agni ist der erste der Unsterblichen, an dessen teuren Namen wir gedenken. Er soll uns der großen Aditi zurückgeben. Möchte ich Vater und Mutter sehen.			
agní-	79	349	1.24.2	agnéḥ	elizarenkova_ru_1989	present	Мы вспомним милое имя бога\nАгни – первого из бессмертных.\nОн вернет нас снова великой Несвязанности,\nЧтобы я видел отца и мать!			
agní-	79	349	1.24.2	agnéḥ	griffith_en_1896	present	Agni the God the first among the Immortals, - of his auspicious name let us bethink us.\nHe shall to mighty Aditi restore us, that I may see my Father and my Mother.			
agní-	79	349	1.24.2	agnéḥ	jamison_brereton_en_2014	present	We will recall the dear name of the god Agni, of the first of the immortals. He will return us to great Aditi. I would see my father and mother.			
agní-	79	349	1.26.2	ágne	grassmann_de_1876	present	Du lieber Priester setze dich, o jüngster, durch Gebet gelockt, Agni, durch unser glänzend Lied.			
agní-	79	349	1.26.2	ágne	geldner_de_1951	present	Nimm als unser auserwählter Hotr̥ Platz, mit Dichtungen, mit glanzvoller Rede (geladen), du jüngster Agni!			
agní-	79	349	1.26.2	ágne	elizarenkova_ru_1989	present	Сядь как наш избранный хотар,\nО самый юный, (привлеченный) поэтическими мыслями\nО Агни, (и) блеском речи.			
agní-	79	349	1.26.2	ágne	griffith_en_1896	present	Sit ever to be chosen, as our Priest., most youthful, through our hymns,\nO Agni, through our heavenly word.			
agní-	79	349	1.26.2	ágne	jamison_brereton_en_2014	present	Take your seat as our Hotar, worthy to be chosen by our thoughts and heaven-bound speech, o youngest Agni.			
agní-	79	349	1.26.10	agne	grassmann_de_1876	present	Mit allen Feuern, Agni, nimm dies Opfer an und dieses Lied Mit Wohlgefallen, Sohn der Kraft!			
agní-	79	349	1.26.10	agne	geldner_de_1951	present	Mit allen (anderen) Agni's nimm, Agni, dieses Opfer, dieses Wort gern an, jüngster (Sohn) der Kraft!			
agní-	79	349	1.26.10	agne	elizarenkova_ru_1989	present	Вместе со всеми Агни, о Агни,\nПрими благосклонно, о юный (сын) силы,\nЭту жертву, эту речь!			
agní-	79	349	1.26.10	agne	griffith_en_1896	present	With all thy fires, O Agni, find pleasure in this our sacrifice,\nAnd this our speech, O Son of Strength.			
agní-	79	349	1.26.10	agne	jamison_brereton_en_2014	present	O Agni, along with all the fires, take delight in this sacrifice and in this speech, o young (son) of strength.			
agní-	79	349	1.26.10	agníbhiḥ	grassmann_de_1876	present	Mit allen Feuern, Agni, nimm dies Opfer an und dieses Lied Mit Wohlgefallen, Sohn der Kraft!			
agní-	79	349	1.26.10	agníbhiḥ	geldner_de_1951	present	Mit allen (anderen) Agni's nimm, Agni, dieses Opfer, dieses Wort gern an, jüngster (Sohn) der Kraft!			
agní-	79	349	1.26.10	agníbhiḥ	elizarenkova_ru_1989	present	Вместе со всеми Агни, о Агни,\nПрими благосклонно, о юный (сын) силы,\nЭту жертву, эту речь!			
agní-	79	349	1.26.10	agníbhiḥ	griffith_en_1896	present	With all thy fires, O Agni, find pleasure in this our sacrifice,\nAnd this our speech, O Son of Strength.			
agní-	79	349	1.26.10	agníbhiḥ	jamison_brereton_en_2014	present	O Agni, along with all the fires, take delight in this sacrifice and in this speech, o young (son) of strength.			
agní-	79	349	1.27.1	agním	grassmann_de_1876	present	Den Agni rühmet andachtsvoll gleichwie ein langgeschweiftes Ross, Der über alle Opfer herrscht.			
agní-	79	349	1.27.1	agním	geldner_de_1951	present	Wie ein wertvolles Roß will ich unter Verbeugungen dich, den Agni, loben, der über allen Opferhandlungen waltet.			
agní-	79	349	1.27.1	agním	elizarenkova_ru_1989	present	Как коня, приносящего награды,\nНадо почитать тебя, Агни, поклонениями,\n(Тебя,) безраздельно властвующего над обрядами.			
agní-	79	349	1.27.1	agním	griffith_en_1896	present	WITH worship will I glorify thee, Agni, like a long-tailed steed,\nImperial Lord of sacred rites.			
agní-	79	349	1.27.1	agním	jamison_brereton_en_2014	present	(This is) to extol you, Agni, with reverences—you bringing choice things [/long-tailed] like a horse, ruling over the rites completely.			
agní-	79	349	1.27.4	ágne	grassmann_de_1876	present	Und künde unsre Spende schön und diesen neusten Lobgesang, o Agni, du den Göttern an.			
agní-	79	349	1.27.4	ágne	geldner_de_1951	present	Diese unsere neueste Gabe, das Gesangeslied, melde du, Agni, fein den Göttern!			
agní-	79	349	1.27.4	ágne	elizarenkova_ru_1989	present	Эту вот прекрасную нашу заслугу –\nНовый гимн размером Гаятри\nТы, Агни, провозгласи среди-богов!			
agní-	79	349	1.27.4	ágne	griffith_en_1896	present	O Agni, graciously announce this our oblation to the Gods,\nAnd this our newest song of praise.			
agní-	79	349	1.27.4	ágne	jamison_brereton_en_2014	present	This, our winnings, our newer song, you shall proclaim among the gods, o Agni.			
agní-	79	349	1.27.7	agne	grassmann_de_1876	present	Der Sterbliche, den, Agni, du in Schlachten schützest und beeilst, Erlanget stete Labungen.			
agní-	79	349	1.27.7	agne	geldner_de_1951	present	Welchen Sterblichen du, Agni, in den Schlachten begünstigen wirst, wen du in den (Kämpfen um die) Preise anspornst, der wird alle Genüsse in der Hand halten.			
agní-	79	349	1.27.7	agne	elizarenkova_ru_1989	present	Какого смертного, о Агни, в сражениях\nТы поддержишь, кого поторопишь к наградам,\nТот удержит непрерывные подкрепления.			
agní-	79	349	1.27.7	agne	griffith_en_1896	present	That man is lord of endless strength whom thou protectest in the fight,\nAgni, or urgest to the fray.			
agní-	79	349	1.27.7	agne	jamison_brereton_en_2014	present	The mortal whom you will help in battles, o Agni, whom you will spur on to the prizes, he will hold fast to unfailing refreshments.			
agní-	79	349	1.27.12	agníḥ	grassmann_de_1876	present	Als reicher Stammfürst höre er, der Götter hohes Banner, uns, Agni, der hell durch Spruch erglänzt.			
agní-	79	349	1.27.12	agníḥ	geldner_de_1951	present	Er soll wie ein reicher Clanherr auf uns hören, das göttliche Banner, Agni, der bei unseren Lobliedern hell erglänzt.			
agní-	79	349	1.27.12	agníḥ	elizarenkova_ru_1989	present	Он, как богатый глава рода,\nБожественное знамя, пусть слушает нас\nС (нашими) песнями – Агни с высокими лучами!			
agní-	79	349	1.27.12	agníḥ	griffith_en_1896	present	Like some rich Lord of men may he, Agni the banner of the Gods,\nRefulgent, hear us through our lauds.			
agní-	79	349	1.27.12	agníḥ	jamison_brereton_en_2014	present	Like a rich clanlord, let the divine beacon listen to us along with our hymns—Agni of lofty radiance.			
agní-	79	349	1.31.1	agne	grassmann_de_1876	present	Du, Agni, warst der erste Sänger Angiras, als Gott der Götter segnender Genosse du, In deinem Dienst entsprang der weisen Maruts Schar, die kunstvoll wirken, sie, die lanzenglänzenden.			
agní-	79	349	1.31.1	agne	geldner_de_1951	present	Du Agni warst der erste Aṅgiras und R̥ṣi, du der Gott der Götter guter Freund. In deinem Dienste wurden die Seher, die mit Weisheit wirken, geboren, die Marut mit funkelnden Speeren.			
agní-	79	349	1.31.1	agne	elizarenkova_ru_1989	present	Ты, о Агни, первый Ангирас, риши.\nТы стал богом – милым другом богов.\nНа службе у тебя поэты, действующие мудро,\nРодились – Маруты со сверкающими копьями.			
agní-	79	349	1.31.1	agne	griffith_en_1896	present	Thou, Agni, wast the earliest Angiras, a Seer; thou wast, a God thyself, the Gods' auspicious\nFriend.\nAfter thy holy ordinance the Maruts, sage, active through wisdom, -with their glittering spears, were\nborn.			
agní-	79	349	1.31.1	agne	jamison_brereton_en_2014	present	You, Agni, the first Angiras, the seer, the god, became a kindly comrade of the gods. Under your commandment were born the sage poets working with their know-how—the Maruts with glinting spears.			
agní-	79	349	1.31.2	agne	grassmann_de_1876	present	Du, Agni, als der beste, erste Angiras, verwaltest als ein Seher stets der Götter Dienst; Für alle Wesen weise und gewaltig du, für Menschen allwärts ruhend, zweier Mütter Spross.			
agní-	79	349	1.31.2	agne	geldner_de_1951	present	Du Agni, der erste, der oberste Aṅgiras, wartest als Seher des Dienstes der Götter, für die ganze Welt hinreichend, weise, zweier Mütter Kind, in vielen liegend für Āyu.			
agní-	79	349	1.31.2	agne	elizarenkova_ru_1989	present	Ты, о Агни, первый, самый настоящий Ангирас,\nКак поэт ты украшаешь обет богов,\nПронизывающий весь мир, мудрый,\n(Сын) двух матерей, покоящийся так и сяк для Аю.			
agní-	79	349	1.31.2	agne	griffith_en_1896	present	O Agni, thou, the best and earliest Angiras, fulfillest as a Sage the holy law of Gods.\nSprung from two mothers, wise, through all existence spread, resting in many a place for sake of\nliving man.			
agní-	79	349	1.31.2	agne	jamison_brereton_en_2014	present	You, Agni, first and best of the Ahgirases, as sage poet you tend to the commandment of the gods, extending to all creation, wise, (and though) having (just) two mothers, lying down in so many places for Ayu.			
agní-	79	349	1.31.3	agne	grassmann_de_1876	present	Du hast zuerst dem Matariçvan dich gezeigt, und dem Vivasvat, Agni, durch dein schönes Werk, Es bebten Erd' und Himmel bei des Priesters Wahl, du trugst die Last, die grossen ehrtest guter du.			
agní-	79	349	1.31.3	agne	geldner_de_1951	present	Du Agni, werde zuerst dem Mātariśvan offenbar, mit gutem Bedacht dem Vivasvat! Es bebten beide Welten bei der Hotr̥-Wahl, du warst der Bürde gewachsen, du opfertest den Großen, o Guter.			
agní-	79	349	1.31.3	agne	elizarenkova_ru_1989	present	Ты, о Агни, первым Матаришвану\nПроявись прекрасной силою ума (и) Вивасвату!\nДва мира сотрясались при выборе (Агни) хотаром:\nТы смог взвалить (на себя) это бремя. Ты почтил великих (богов), о Васу.			
agní-	79	349	1.31.3	agne	griffith_en_1896	present	To Matarisvan first thou, Agni, wast disclosed, and to Vivasvan through thy noble inward power.\nHeaven and Earth, Vasu! shook at the choosing of the Priest: the burthen thou didst bear, didst\nworship mighty Gods.			
agní-	79	349	1.31.3	agne	jamison_brereton_en_2014	present	You, Agni—first become manifest to Matarisvan; with a display of your good resolve (become manifest) to Vivasvant. The two world-halves trembled at the choice of (you as) Hotar. You tolerated the burden; you sacrificed to the great ones, o good one.			
agní-	79	349	1.31.4	agne	grassmann_de_1876	present	Den Himmel liessest donnern du dem Manuspross Pururavas, dem frommen du, der frommere; Wenn du durch Kraft von deinen Aeltern wirst gelöst, dann führt man bald nach Osten, bald nach Westen dich.			
agní-	79	349	1.31.4	agne	geldner_de_1951	present	Du Agni brachtest für Manu den Himmel zum Brüllen, für deinen Wohltäter Purūravas ein noch größerer Wohltäter. Sobald du mit Kraft in den Eltern entbunden wardst, führten sie dich her, vorwärts und wieder zurück.			
agní-	79	349	1.31.4	agne	elizarenkova_ru_1989	present	Ты, о Агни, для Ману заставил небо загрохотать,\nДля Пурураваса-благодетеля – еще больший благодетель.\nКогда силой роста ты освобождаешься от родителей,\nТебя стали отвозить на восток, (потом) снова на запад.			
agní-	79	349	1.31.4	agne	griffith_en_1896	present	Agni thou madest heaven to thunder for mankind; thou, yet more pious, for pious Pururavas.\nWhen thou art rapidly freed from thy parents, first eastward they bear thee round, and, after, to the\nwest.			
agní-	79	349	1.31.4	agne	jamison_brereton_en_2014	present	You, Agni, made heaven bellow for Manu, for Pururavas; for him of good action [=sacrificer? priest?] you act (even) better, when through your swelling in your two parents [=the kindling sticks] you are set free. They [=priests] have led you here to the east, then again to the west.			
agní-	79	349	1.31.5	agne	grassmann_de_1876	present	Ein Stier bist du, o Agni, mehrst die Nahrung uns, bist anzurufen dem, der dir den Löffel reicht; Dem, der das Opfer kennet und den Opferruf, erfreust du, Herr der Menschen, alles Volk.			
agní-	79	349	1.31.5	agne	geldner_de_1951	present	Du Agni bist ein Stier, der die Aufzucht mehrt, ruhmbringend wirst du dem, der den Opferlöffel hebt, der die Opferung, den Vaṣaṭruf genau kennt, (der) du im Anfang im Alleinbesitz des Āyu die Stämme zu gewinnen suchst.			
agní-	79	349	1.31.5	agne	elizarenkova_ru_1989	present	Ты о Агни, бык, увеличивающий процветание.\nТы бываешь достойным славы у поднимающего жертвенную ложку,\n(Ты тот,) кто знает точно жертвенное возлияние (и) провозглашение Вашат!\n(Бог,) принадлежащий одному Аю, с (самого) начала ты стремишься покорить племена.			
agní-	79	349	1.31.5	agne	griffith_en_1896	present	Thou, Agni, art a Bull who makes our store increase, to be invoked by him who lifts the ladle up.\nWell knowing the oblation with the hallowing word, uniting all who live, thou lightenest first our folk			
agní-	79	349	1.31.5	agne	jamison_brereton_en_2014	present	You, Agni, a bull increasing prosperity, should be celebrated by the (priest) who holds up the offering spoon, who knows his way around the poured offering and the vasat-cry —you who, throughout your single lifetime, seek to attract the (divine) clans at the beginning (of the sacrifice).			
agní-	79	349	1.31.6	agne	grassmann_de_1876	present	Den Mann auch, Agni, der auf bösem Wege wallt, geleitest gnädig, weiser, du zum Opferfest, Der du im Streit der Helden, im Entscheidungskampf, mit wen'gen auch im Treffen schlägst die Ueberzahl.			
agní-	79	349	1.31.6	agne	geldner_de_1951	present	Du Agni, hilfst dem in der Freundschaft, im Opfer auf krumme Wege geratenen Mann heraus, du Ausgezeichneter, der du im Kampfe um den Tapfern, um den umstrittenen Siegerpreis, in der Schlacht selbst mit Wenigen die Überzahl schlägst.			
agní-	79	349	1.31.6	agne	elizarenkova_ru_1989	present	Ты, о Агни, спасаешь мужа, следующего кривыми путями\nВ общении (с другими) в жертвенном собрании, о (ты,) очень подвижный,\n(Ты,) что в решающей битве героев, (в борьбе) за богатство,\nВ столкновении даже с немногими побиваешь более многочисленных(врагов).			
agní-	79	349	1.31.6	agne	griffith_en_1896	present	Agni, thou savest in the synod when pursued e'en him, farseeing One! who walks in evil ways.\nThou, when the heroes fight for spoil which men rush, round, slayest in war the many by the hands\nof few.			
agní-	79	349	1.31.6	agne	jamison_brereton_en_2014	present	You, Agni, in fellowship at the ceremony safely bring the man on the twisting turns (of the ritual “racecourse”) to the end, o unbounded one, you who—at the contest of champions, at the crucial turn, when the stake (is set)—even with just a few you smash the greater in the clash.			
agní-	79	349	1.31.7	agne	grassmann_de_1876	present	Du, Agni, führst den Menschen zur Unsterblichkeit zur höchsten, schaffest grossen Ruhm ihm Tag für Tag, Der du begierig Göttern und dem Menschenstamm Vergnügen schaffst und auch dem Fürsten Huld gewährst.			
agní-	79	349	1.31.7	agne	geldner_de_1951	present	Du Agni bringst den Sterblichen zur höchsten Unsterblichkeit, zu Ruhm Tag für Tag, der du selbst durstig beiderlei Volk Erquickung schaffst und dem freigebigen Patron ein Labsal.			
agní-	79	349	1.31.7	agne	elizarenkova_ru_1989	present	Ты, о Агни, смертного переносишь\nВ высшее бессмертие, в славу, (длящуюся) день за днем\n(Ты,) который, сам (того) взыскуя, обоим родам\nДаешь утешение и вознаграждение покровителю.			
agní-	79	349	1.31.7	agne	griffith_en_1896	present	For glory, Agni, day by day, thou liftest up the mortal man to highest immortality,\nEven thou who yearning for both races givest them great bliss, and to the prince grantest abundant\nfood.			
agní-	79	349	1.31.7	agne	jamison_brereton_en_2014	present	You, Agni, establish that mortal in highest immortality for fame day after day, you who, yourself thirsting, create refreshment for both breeds [=men and gods] and a pleasurable meal here for the patron.			
agní-	79	349	1.31.8	agne	grassmann_de_1876	present	O Agni, mache unsern Sänger herrlich, dass Schätze er gewinne, o gepriesner; Gelingen lass durch neuen Fleiss das Werk uns und mit den Göttern schützt uns, Erd' und Himmel!			
agní-	79	349	1.31.8	agne	geldner_de_1951	present	Du Agni mach, gepriesen, unseren Dichter geehrt, daß er Reichtümer gewinne! Möchte uns durch das neue Machwerk die Opferhandlung gelingen. Himmel und Erde, helfet uns mit den Göttern weiter!			
agní-	79	349	1.31.8	agne	elizarenkova_ru_1989	present	Ты, о Агни, прославленный, сделай нашего –\nПевца уважаемым и чтобы он добыл богатства!\nПусть добьемся мы процветания обряда новым (жертвенным) трудом!\nО Небо и Земля, помогайте нам вместе с богами!			
agní-	79	349	1.31.8	agne	griffith_en_1896	present	O Agni, highly lauded, make our singer famous that he may win us store of riches:\nMay we improve the rite with new performance. O Earth and Heaven, with all the Gods, protect us.			
agní-	79	349	1.31.8	agne	jamison_brereton_en_2014	present	You, Agni—for us to win the stakes, make our bard glorious while you are being praised. Might we bring to fulfillment the (ritual) act through a new (poetic) worker. O Heaven and Earth, along with the gods—help us.			
agní-	79	349	1.31.9	agne	grassmann_de_1876	present	Sei wachsam uns, o Agni, in der Aeltern Schooss, und bei den Göttern, tadelloser, du als Gott, Bewahr des Dichters Leben, sei ihm hold gesinnt; du hast, o schöner, alles Gute ausgesät.			
agní-	79	349	1.31.9	agne	geldner_de_1951	present	Du Agni (sei) uns im Schoße der Eltern als Gott über die Götter wachend, du Untadeliger! Sei dem Dichter leiblicher Erzeuger und Vorsehung. Du Glückbringender hast alles Gute ausgeschüttet.			
agní-	79	349	1.31.9	agne	elizarenkova_ru_1989	present	Ты для нас, о Агни, в лоне родителей –\nБог среди богов, о безупречный, бодрствующий.\nСтань певцу родителем и заступничеством!\nТы, несущий счастье, посеял все доброе.			
agní-	79	349	1.31.9	agne	griffith_en_1896	present	O blameless Agni lying in thy Parents' lap, a God among the Gods, be watchful for our good.\nFormer of bodies, be the singer's Providence: all good things hast thou sown for him, auspicious One!			
agní-	79	349	1.31.9	agne	jamison_brereton_en_2014	present	You, Agni, in the lap of your two parents, the god wakeful among the gods, o faultless one— become body-creator [=father] and (fatherly) solicitude for our bard. You, lovely one, have strewn every good thing here.			
agní-	79	349	1.31.10	agne	grassmann_de_1876	present	Fürsorger bist du, Agni, und ein Vater uns, du Jugend schaffend, deine Blutsverwandten wir; Es sammeln hundert, tausend Schätze sich bei dir, Untrüglicher, dem starken Ordnungschirmenden.			
agní-	79	349	1.31.10	agne	geldner_de_1951	present	Du Agni bist uns Vorsehung und Vater, du bist der Ernährer, wir sind deine Verwandten. Zu dir kommen die Reichtümer hundertfältig, tausendfältig zusammen, zu dem Meister, dem Gesetzeshüter, du Untrüglicher.			
agní-	79	349	1.31.10	agne	elizarenkova_ru_1989	present	Ты, о Агни, заступничество, ты – отец наш,\nТы – создатель жизненной силы; мы – твои родные.\nК тебе богатства сотенные, тысячные\nСобираются – к очень сильному, к защитнику обета, о неподдающийся обману.			
agní-	79	349	1.31.10	agne	griffith_en_1896	present	Agni, thou art our Providence, our Father thou - we are thy brethren and thou art our spring of life.\nin thee, rich in good heroes, guard of high decrees, meet hundred, thousand treasures, O infallible!			
agní-	79	349	1.31.10	agne	jamison_brereton_en_2014	present	You, Agni, are (fatherly) solicitude, you a father to us. You are creator of vitality; we are your kin. Riches in hundreds, in thousands converge on you, the well-heroed protector of the commandment, o undeceivable one.			
agní-	79	349	1.31.11	agne	grassmann_de_1876	present	Die Götter machten zu der Menschheit Fürsten dich, zum ersten Wandrer, Agni, dich den Wandernden, Sie machten Iḍa zu der Menschen Lehrerin zur Zeit, da meines Ahnherrn Sohn geboren ward.			
agní-	79	349	1.31.11	agne	geldner_de_1951	present	Dich Agni machten die Götter zum ersten Āyu für den Āyu, zum Stammesfürsten des Nahuṣa. Sie machten die Iḷā zur Lehrmeisterin des Menschen, wenn meiner Wenigkeit als dem Vater der Sohn (Agni) geboren wird.			
agní-	79	349	1.31.11	agne	elizarenkova_ru_1989	present	Тебя, о Агни, первым Аю для Аю\nСделали боги, господином племени Нахуши.\nИду они сделали наставницей человека,\nЧтобы от меня-отца сын (-Агни) рождался.			
agní-	79	349	1.31.11	agne	griffith_en_1896	present	Thee, Agni, have the Gods made the first living One for living man, Lord of the house of Nahusa.\nIla they made the teacher of the sons of men, what time a Son was born to the father of my race.			
agní-	79	349	1.31.11	agne	jamison_brereton_en_2014	present	You, Agni, did the gods create as the first Ayu for Ayu, as the clanlord of Nahusa. Ida they created as instructress of mankind: that the son [=Agni] is born of a father as trifling as me [=sacrificer].			
agní-	79	349	1.31.12	agne	grassmann_de_1876	present	Beschirm durch deine Hüter, Agni, uns, o Gott, die Opfergeber und uns selbst, o preislicher, Du schützest Kinder, Enkel, Rinder uns, sie schlummerlos bewachend stets bei deinem Werk.			
agní-	79	349	1.31.12	agne	geldner_de_1951	present	Du Agni beschütze mit deinen Wächtern, o Gott, die Lohnherren und uns selbst, du Löblicher! Du bist der Schirmer des Samens in der leiblichen Nachkommenschaft und der Rinder, wachsam, ohne in deinem Dienste die Augen zu schließen.			
agní-	79	349	1.31.12	agne	elizarenkova_ru_1989	present	Ты, о Агни, с помощью твоих хранителей, о бог,\nЗащищай наших щедрых (покровителей) и нас самих, о достойный восхваления!\nТы – спаситель потомства – чтобы оно длилось – (и) коров,\nОхраняющий, не смыкая глаз, (все что есть) в твоем завете.			
agní-	79	349	1.31.12	agne	griffith_en_1896	present	Worthy to be revered, O Agni, God, preserve our wealthy patrons with thy succours, and\nourselves.\nGuard of our seed art thou, aiding our cows to bear, incessantly protecting in thy holy way.			
agní-	79	349	1.31.12	agne	jamison_brereton_en_2014	present	You, god Agni—along with your protectors, watch over our benefactors and ourselves, o you to be extolled. You are the guardian over the lineage of offspring and cattle, unblinkingly watchful in accord with your commandment.			
agní-	79	349	1.31.13	agne	grassmann_de_1876	present	Dem Frommen bist der nächste Hüter, Agni, du, vieräugig wirst dem unbewehrten du entflammt; Du nimmst den Spruch des Sängers gerne an, der dir mit Opfern naht, zu nähren den, der nie verletzt.			
agní-	79	349	1.31.13	agne	geldner_de_1951	present	Du, Agni, wirst entzündet als der vertraute vieräugige Wächter für den unbewehrten Opferer. Wer Opfer spendet, um sich Sicherheit zu schaffen – auch des an Geist Armen Dichterspruch – den begehrst du.			
agní-	79	349	1.31.13	agne	elizarenkova_ru_1989	present	Ты, о Агни, как ближайший защитник для жертвователя\nБезоружного, зажигаешься, четырехглазый.\nКто принес жертву, чтоб обеспечить безопасность,\nТот стих (его) – даже если он слаб – ты возлюбишь сердцем.			
agní-	79	349	1.31.13	agne	griffith_en_1896	present	Agni, thou art a guard close to the pious man; kindled art thou, four-eyed! for him who is unarmcd.\nWith fond heart thou acceptest e'en the poor man's prayer, when he hath brought his gift to gain\nsecurity.			
agní-	79	349	1.31.13	agne	jamison_brereton_en_2014	present	You, Agni, are kindled as intimate protector, four-eyed, for the worshipful one who lacks even a quiver, you who, with the bestowed oblation, for nourishment safe from wolves even for the weak, win this mental spell (for him) with your mind.			
agní-	79	349	1.31.14	agne	grassmann_de_1876	present	Du, Agni, schenkst dem Beter, welcher laut dich ruft,den besten Reichthum, der von vielen, wird begehrt, Des Armen Vater und Versorger heissest du, den Thoren strafst und lehrest du, o weisester.			
agní-	79	349	1.31.14	agne	geldner_de_1951	present	Du Agni gewinnst für den Sänger, dessen Worte weit reichen, das was wünschenswerter höchster Besitz ist. Du heißest die Vorsehung, der Vater auch des Armen. Du belehrest den Unerfahrenen, du gibst Weisungen als der Kundigere.			
agní-	79	349	1.31.14	agne	elizarenkova_ru_1989	present	Ты, о Агни, для жреца, чьи слова разносятся далеко,\nДобываешь то, что (есть) высшее вожделенное богатство,\nТы зовешься заступничеством даже для несчастного, отцом (его).\nТы наставляешь простака, на(зываешь ему) направления как более сведущий.			
agní-	79	349	1.31.14	agne	griffith_en_1896	present	Thou, Agni gainest for the loudly-praising priest the highest wealth, the object of a man's desire.\nThou art called Father, caring even for the weak, and wisest, to the simple one thou teachest lore.			
agní-	79	349	1.31.14	agne	jamison_brereton_en_2014	present	You, Agni, (are kindled as protector) for the cantor chanting far and wide. What is the highest legacy worth seeking—that you win (for him). Even of the feeble you are called (fatherly) solicitude and father. You instruct the simple, (instruct) the quarters, as the one who knows better.			
agní-	79	349	1.31.15	agne	grassmann_de_1876	present	Den Mann, o Agni, der die Opfergabe schenkt, umschirmst du wie ein festgefügter Panzer rings; Wer Süsses zutheilt, holdes wirkend in dem Haus, Lebend'ges opfert, der ist nah dem Himmel schon.			
agní-	79	349	1.31.15	agne	geldner_de_1951	present	Du Agni schützest den Mann, der Dichtersold gewährt, nach allen Seiten wie ein festgenähter Panzer. Wer süße Speise vorsetzt, in seiner Wohnung ein gutes Lager bereitet und ein lebendes Tier opfert, der kommt zu oberst im Himmel.			
agní-	79	349	1.31.15	agne	elizarenkova_ru_1989	present	Ты, о Агни, мужа, получившего жертвенное вознаграждение,\nОхраняешь со всех сторон, как (хорошо) сшитый щит.\nКто подает сладкое блюдо, готовит мягкое ложе в жилище (своем),\nЖертвует живое жертвенное животное, тот попадает в высшую часть неба.			
agní-	79	349	1.31.15	agne	griffith_en_1896	present	Agni, the man who giveth guerdon to the priests, like well-sewn armour thou guardest on every\nside.\nHe who with grateful food shows kindness in his house, an offerer to the living, is the type of heaven.			
agní-	79	349	1.31.15	agne	jamison_brereton_en_2014	present	You, Agni, like (well-)stitched armor, protect all around the man whose priestly gift has been proffered. Whoever (as host), serving sweet food, providing a comfortable place in his dwelling, performs the sacrifice of a living thing, he is the very measure of heaven.			
agní-	79	349	1.31.16	agne	grassmann_de_1876	present	Verzeih, o Agni, diese unsre Sünde, den Weg, den wir entfernt von dir gegangen, Du bist der Frommen Vater, Freund, Versorger, bist eifriger Begeisterer der Menschen.			
agní-	79	349	1.31.16	agne	geldner_de_1951	present	Verzeih uns, Agni, diesen Ungehorsam, den Weg, den wir von Ferne gekommen sind! Du bist Freund, Vater, Vorsehung der Somapfleger, du bist der eifrige R̥ṣimacher der Sterblichen.			
agní-	79	349	1.31.16	agne	elizarenkova_ru_1989	present	Это, о Агни, прегрешение прости нам,\nЭто путь, которым мы пришли издалека.\nТы друг, отец, заступничество для приносящих сому,\nТы ревностный создатель риши для смертных.			
agní-	79	349	1.31.16	agne	griffith_en_1896	present	Pardon, we pray, this sin of ours, O Agni, -- the path which we have trodden, widely straying,\nDear Friend and Father, caring for the pious, who speedest nigh and who inspirest mortals.			
agní-	79	349	1.31.16	agne	jamison_brereton_en_2014	present	This (ritual) breach of ours, Agni—make it forgotten; make us forget this way which we have come on from afar. You are friend, father, solicitude for those offering soma, a whirling creator of seers for mortals.			
agní-	79	349	1.31.17	agne	grassmann_de_1876	present	Wie früher einst bei Manus, wie bei Angiras, Jajati, nah dich, Agni, Bote, unserm Sitz, O reiner, fahre her das göttliche Geschlecht, setz auf die Streu das liebe und verehre es.			
agní-	79	349	1.31.17	agne	geldner_de_1951	present	Wie bei Manu, o Agni, wie bei Aṅgiras, du Aṅgiras, wie bei Yayāti, wie früher an deinem Sitze, du Reiner – komm herbei, fahre das göttliche Volk her, laß es sich auf das Barhis setzen und opfere dem lieben!			
agní-	79	349	1.31.17	agne	elizarenkova_ru_1989	present	Как у Ману, о Агни, как у Ангираса, о Ангирас,\nКак у Яяти, как прежде, на свое место, о чистый, –\nПриди, привези божественный род,\nУсади на жертвенную солому, принеси жертву милому (их роду)!			
agní-	79	349	1.31.17	agne	griffith_en_1896	present	As erst to Manus, to Yayiti, Angiras, so Angiras! pure Agni! come thou to our hall\nBring hither the celestial host and seat them here upon the sacred grass, and offer what they love.			
agní-	79	349	1.31.17	agne	jamison_brereton_en_2014	present	As (you did) for Manu, o Agni, as for Angiras, o Angiras, as for Yayati, as (you did) earlier, o flame, drive here to your seat; convey hither the heavenly folk; make them sit on the ritual grass and, you, perform sacrifice to the beloved.			
agní-	79	349	1.31.18	agne	grassmann_de_1876	present	Durch dies Gebet, o Agni, lass dich stärken, das wir gemacht nach Wissen und Vermögen Und führe uns zu höherm Glücke vorwärts, beströme uns mit gabenreicher Güte.			
agní-	79	349	1.31.18	agne	geldner_de_1951	present	Erbaue dich an dieser Beschwörung, o Agni, die wir dir nach bestem Können oder Wissen gemacht haben. Und geleite uns zum Glück, begabe uns mit lohnbringender Gnade!			
agní-	79	349	1.31.18	agne	elizarenkova_ru_1989	present	Укрепи себя, о Агни, этой молитвой,\nЧто мы тебе сотворили, или силой нашей, или знанием!\nПривези нас также к лучшему!\nОдари нас благосклонностью, дающей награду!			
agní-	79	349	1.31.18	agne	griffith_en_1896	present	By this our prayer be thou, O Agni, strengthened, prayer made by us after our power and\nknowledge.\nLead thou us, therefore, to increasing riches; endow us with thy strength-bestowing favour.			
agní-	79	349	1.31.18	agne	jamison_brereton_en_2014	present	Through this sacred formulation, o Agni, keep growing strong—the one that we have made for you by skill or by knowledge. And lead us forth toward a better state; join us with your benevolence conferring prizes.			
agní-	79	349	1.35.1	agním	grassmann_de_1876	present	Ich ruf zuerst den Agni an zum Wohlergehn, ich rufe Mitra-Varuna zur Hülfe her; Ich ruf' die Nacht, die, was da lebt, zur Ruhe legt, Ich rufe her zum Beistand Savitar, den Gott.			
agní-	79	349	1.35.1	agním	geldner_de_1951	present	Ich rufe zuerst den Agni zum Heil, ich rufe Mitra und Varuṇa hierher zum Beistand. Ich rufe die Nacht, die alles Lebende zur Ruhe bringt, ich rufe den Gott Savitr̥ zur Hilfe.			
agní-	79	349	1.35.1	agním	elizarenkova_ru_1989	present	Я зову первым Агни на благо.\nЯ зову сюда Митру-Варуну на помощь.\nЯ зову Ночь – успокоительницу (всего) живого.\nЯ зову бога Савитара для поддержки.			
agní-	79	349	1.35.1	agním	griffith_en_1896	present	AGNI I first invoke for our prosperity; I call on Mitra, Varuna, to aid us here.\nI call on Night who gives rest to all moving life; I call on Savitar the God to lend us help.			
agní-	79	349	1.35.1	agním	jamison_brereton_en_2014	present	I invoke Agni first, for well-being; I invoke Mitra and Varuna here, for help. I invoke Night, who brings to rest the moving; I invoke god Savitar, for aid.			
agní-	79	349	1.36.1	agním	grassmann_de_1876	present	Wir flehen euren Agni an, mit schöngesprochnen Sprüchen ihn, Der emsig wirkt für viele, für den treuen Stamm, ihn, den ja andre preisen auch.			
agní-	79	349	1.36.1	agním	geldner_de_1951	present	Wir treten für euch mit wohlgesetzten Reden vor Agni, den Jüngsten unter vielen, (den Herrn) der gottergebenen Stämme, den auch die anderen anrufen.			
agní-	79	349	1.36.1	agním	elizarenkova_ru_1989	present	К юному среди многих (огней)\nК (богу) племен, преданных богам,\nК Агни мы обращаемся для вас с прекрасно произнесенными речами.\nК тому самому, кого призывают и другие.			
agní-	79	349	1.36.1	agním	griffith_en_1896	present	WITH words sent forth in holy hymns, Agni we supplicate, the Lord\nOf many families who duly serve the Gods, yea, him whom others also praise.			
agní-	79	349	1.36.1	agním	jamison_brereton_en_2014	present	We appeal for you with well-spoken speeches to the youthfully exuberant (fire) of the many (peoples), of the clans that serve the gods, to Agni—just the one whom the others (also) reverently invoke.			
agní-	79	349	1.36.2	agním	grassmann_de_1876	present	Die Menschen schafften Agni sich zum Kräftiger, wir wollen opfernd dienen dir; So sei du heut ein wohlgesinnter Helfer uns bei diesen Opfern, trefflicher!			
agní-	79	349	1.36.2	agním	geldner_de_1951	present	Die Menschen haben den Agni zum Mehrer ihrer Stärke gemacht; mit Opferspenden wollen wir dienen. Sei du uns heute hier ein wohlgesinnter Helfer in den Entscheidungskämpfen, du Wahrhaftiger!			
agní-	79	349	1.36.2	agním	elizarenkova_ru_1989	present	Люди установили (Агни) как (жреца,) взращенного силой.\nПринося жертвенные возлияния, мы хотим служить тебе.\nТы здесь сегодня помощником, благосклонным к нам,\nБудь при (получении) наград в состязаниях, о истинный!			
agní-	79	349	1.36.2	agním	griffith_en_1896	present	Men have won Agni, him who makes their strength abound: we, with oblations, worship thee.\nOur gracious-minded Helper in our deeds of might, be thou, O Excellent, this day.			
agní-	79	349	1.36.2	agním	jamison_brereton_en_2014	present	The peoples have installed Agni, the increase! of might. Bringing oblations, we would do honor to you. Become today our benevolent helper here when prizes (are at stake), o comrade.			
agní-	79	349	1.36.4	agne	grassmann_de_1876	present	Als alten Boten zünden dich die Götter an, Varuna, Mitra, Arjaman; Durch dich gewinnet alles Gut der Sterbliche, der dir, o Agni, huldiget.			
agní-	79	349	1.36.4	agne	geldner_de_1951	present	Die Götter Varuṇa, Mitra, Aryaman zünden dich, den altgewohnten Boten, an. Jeden Siegespreis gewinnt durch dich, Agni, der Sterbliche, der dir gespendet hat.			
agní-	79	349	1.36.4	agne	elizarenkova_ru_1989	present	Боги: Варуна, Митра, Арьяман – тебя,\nДревнего вестника, вместе зажигают.\nО Агни, благодаря тебе любую добычу завоевывает\n(Тот) смертный, кто тебя почитает.			
agní-	79	349	1.36.4	agne	griffith_en_1896	present	The Gods enkindle thee their ancient messenger, - Varuna, Mitra, Aryaman.\nThat mortal man, O Agni, gains through thee all wealth, who hath poured offerings unto thee.			
agní-	79	349	1.36.4	agne	jamison_brereton_en_2014	present	The gods Varuna, Mitra, and Aryaman kindle you, their primordial messenger. With you, o Agni, that one wins every stake—the mortal who ritually serves you.			
agní-	79	349	1.36.5	ágne	grassmann_de_1876	present	Der Menschen Bote, Hauses Herr, ein Priester hold bist Agni du; In dir vereinen alle festen Bräuche sich, die von den Göttern eingesetzt.			
agní-	79	349	1.36.5	ágne	geldner_de_1951	present	Der wohlredende Hotr̥ und Hausherr und Bote der Clangenossen bist du, Agni. In dir laufen all die feststehenden Satzungen zusammen, die die Götter geschaffen haben.			
agní-	79	349	1.36.5	ágne	elizarenkova_ru_1989	present	Ты – радостный хотар, хозяин дома,\nО Агни, вестник племен.\nВ тебе сошлись все верные обеты,\nКоторые создали боги.			
agní-	79	349	1.36.5	ágne	griffith_en_1896	present	Thou, Agni, art a cheering Priest, Lord of the House, men's messenger:\nAll constant high decrees established by the Gods, gathered together, meet in thee.			
agní-	79	349	1.36.5	ágne	jamison_brereton_en_2014	present	You are the delighting Hotar, the lord of the household, and the messenger of the clans. In you are gathered together all the enduring commandments that the gods made.			
agní-	79	349	1.36.6	agne	grassmann_de_1876	present	In dich, o Agni, giesst man jeden Opfertrank, in dich, den reichen, jüngster du! So sei uns heute wohlgesinnt und künftighin; die Götter ehr', die Heldenschar.			
agní-	79	349	1.36.6	agne	geldner_de_1951	present	Nur in dir, dem Glückbringer, o jüngster Agni, wird jegliche Spende geopfert. Sei du uns heute und künftig wohlgesinnt. Bitte die Götter um Meisterschaft (für uns)!			
agní-	79	349	1.36.6	agne	elizarenkova_ru_1989	present	Только в тебя, о Агни благодатный, о самый юный,\nИзливается любая жертва.\n(Будь) ты благосклонен к нам ныне и присно!\nПриноси жертвы богам ради обилия героев (у нас)!			
agní-	79	349	1.36.6	agne	griffith_en_1896	present	In thee, the auspicious One, O Agni, youthfullest, each sacred gift is offered up:\nThis day, and after, gracious, worship thou our Gods, that we may have heroic sons.			
agní-	79	349	1.36.6	agne	jamison_brereton_en_2014	present	Just in you who bring good fortune is every oblation poured, o youngest Agni. Benevolent toward us today and in the future, sacrifice to the gods for masses of good heroes.			
agní-	79	349	1.36.7	agním	grassmann_de_1876	present	Den Selbstbeherrscher ehrend sitzt um ihn mit Ernst der Beter Schar; Die Menschen flammen Agni an durch Opferguss, wenn ihre Feinde sie besiegt.			
agní-	79	349	1.36.7	agním	geldner_de_1951	present	Gar ehrfürchtig warten sie dem Selbstherrscher auf. Mit Opfergaben entflammen die Menschen den Agni, nachdem sie den Fehlschlägen entgangen sind.			
agní-	79	349	1.36.7	agním	elizarenkova_ru_1989	present	Ведь это ему, самодержцу,\nСлужат истинно поклоняющиеся.\nЛюди зажигают Агни с помощью возлияний,\nПреодолев неудачи.			
agní-	79	349	1.36.7	agním	griffith_en_1896	present	To him in his own splendour bright draw near in worship the devout.\nMen kindle Agni with their sacrificial gifts, victorious o'er the enemies.			
agní-	79	349	1.36.7	agním	jamison_brereton_en_2014	present	Bringing homage, they reverently approach him, their sovereign king, just so. With their oblations the sons of Manu kindle Agni, after they have crossed beyond failures.			
agní-	79	349	1.36.9	agne	grassmann_de_1876	present	So setz dich nieder, gross bist du, erstrahle, Götternährendster, Den rothen Rauch, o Opfrer Agni, sende aus, den herrlichen, gepriesener!			
agní-	79	349	1.36.9	agne	geldner_de_1951	present	Setz dich mit (uns) nieder; du bist groß, flamme auf, als der beste Götterlader! Entsende, du festlicher, gepriesener Agni, deinen rötlichen Rauch, den gerngesehenen!			
agní-	79	349	1.36.9	agne	elizarenkova_ru_1989	present	Садись с (нами)! Ты велик.\nВспыхни, о лучший приглашатель богов!\nО Агни, предназначенный для жертвенной пищи, красноватый дым (свой),\nПриятный на вид, отбрось далеко, о прославленный!			
agní-	79	349	1.36.9	agne	griffith_en_1896	present	Seat thee, for thou art mighty; shine, best entertainer of the Gods.\nWorthy of sacred food, praised Agni! loose the smoke, ruddy and beautiful to see.			
agní-	79	349	1.36.9	agne	jamison_brereton_en_2014	present	Sit together (with us): you are great. Blaze as the best at pursuing the gods. Let loose your beautiful red smoke in every direction, o lauded Agni, partaker of the ritual meal—			
agní-	79	349	1.36.11	agním	grassmann_de_1876	present	Ihn Agni, den Medhjatithi, den Kanva nach dem Brauch entflammt, Ihn stärken diese Lieder, Agni stärken wir, und seine Tränke leuchten hell.			
agní-	79	349	1.36.11	agním	geldner_de_1951	present	Agni, den Medhyātithi Kaṇva angezündet hat nach rechtem Brauche, von ihm sind Labsale ausgestrahlt, ihn (stärken) diese Lieder, diesen Agni stärken wir.			
agní-	79	349	1.36.11	agním	elizarenkova_ru_1989	present	Агни, кого Медхьятитхи\nКанва зажег по закону, –\n(Исходящие) от него услады ярко сияют – его (усиливают) эти гимны,\nЭтого Агни усиливаем мы.			
agní-	79	349	1.36.11	agním	griffith_en_1896	present	Him, Agni, whom Medhyatithi, whom Kanva kindled for his rite,\nHim these our songs of praise, him, Agni, we extol: his powers shine out preeminent.			
agní-	79	349	1.36.11	agním	jamison_brereton_en_2014	present	Agni whom Medhyatithi (and?) Kanva kindled from truth, his are the refreshments that shine forth; him do these verses (make strong) and him, Agni, do we make strong.			
agní-	79	349	1.36.11	agním	grassmann_de_1876	present	Ihn Agni, den Medhjatithi, den Kanva nach dem Brauch entflammt, Ihn stärken diese Lieder, Agni stärken wir, und seine Tränke leuchten hell.			
agní-	79	349	1.36.11	agním	geldner_de_1951	present	Agni, den Medhyātithi Kaṇva angezündet hat nach rechtem Brauche, von ihm sind Labsale ausgestrahlt, ihn (stärken) diese Lieder, diesen Agni stärken wir.			
agní-	79	349	1.36.11	agním	elizarenkova_ru_1989	present	Агни, кого Медхьятитхи\nКанва зажег по закону, –\n(Исходящие) от него услады ярко сияют – его (усиливают) эти гимны,\nЭтого Агни усиливаем мы.			
agní-	79	349	1.36.11	agním	griffith_en_1896	present	Him, Agni, whom Medhyatithi, whom Kanva kindled for his rite,\nHim these our songs of praise, him, Agni, we extol: his powers shine out preeminent.			
agní-	79	349	1.36.11	agním	jamison_brereton_en_2014	present	Agni whom Medhyatithi (and?) Kanva kindled from truth, his are the refreshments that shine forth; him do these verses (make strong) and him, Agni, do we make strong.			
agní-	79	349	1.36.12	ágne	grassmann_de_1876	present	Selbstherrscher, füll uns Reichthum zu, denn Agni du bist mit den Göttern nah verwandt, Und du verfügest über weitberühmtes Gut; so sei uns hold, der gross du bist.			
agní-	79	349	1.36.12	ágne	geldner_de_1951	present	Häufe die Schätze an, du Eigenartiger, denn du besitzest Freundschaft unter den Göttern, Agni. Du gebeutst über namhafte Siegerbeute. Sei uns gnädig; du bist groß.			
agní-	79	349	1.36.12	ágne	elizarenkova_ru_1989	present	Наполни (нас) богатствами, о самовластный, – ведь у тебя есть,\nАгни, дружба с богами.\nТы властвуешь над прославленной наградой.\nСмилуйся над нами: ты велик!			
agní-	79	349	1.36.12	ágne	griffith_en_1896	present	Make our wealth perfect thou, O Agni, Lord divine: for thou hast kinship with the Gods.\nThou rulest as a King o'er widely-famous strength: be good to us, for thou art great.			
agní-	79	349	1.36.12	ágne	jamison_brereton_en_2014	present	Give fullness of wealth, o autonomous one, for you have friendship among the gods, o Agni. You rule over a prize worthy of fame. Have mercy on us: you are great.			
agní-	79	349	1.36.15	agne	grassmann_de_1876	present	Schütz, Agni, uns vor dem Gespenst; und vor des Feindes arger List, Vor dem Verfolger, der uns nach dem Leben steht, o jüngster, herrlich glänzender!			
agní-	79	349	1.36.15	agne	geldner_de_1951	present	Schütze uns, Agni, vor dem Unhold, schütz uns vor der Falschheit des Geizigen! Schütz uns vor dem Schädiger oder vor dem Mordgierigen, du Hellglänzender, Jüngster!			
agní-	79	349	1.36.15	agne	elizarenkova_ru_1989	present	Защити нас, о Агни, от ракшаса!\nЗащити от обмана безбожника!\nЗащити от вредящего или от желающего убить,\nО ты с высоким лучом, о самый юный!			
agní-	79	349	1.36.15	agne	griffith_en_1896	present	Preserve us, Agni, from the fiend, preserve us from malicious wrong.\nSave us from him who fain would injure us or slay, Most Youthful, thou with lofty light.			
agní-	79	349	1.36.15	agne	jamison_brereton_en_2014	present	Protect us from the demon, o Agni. Protect us from the malice of the enemy. Protect from the man who does harm or who seeks to smash us, o youngest one with lofty beams.			
agní-	79	349	1.36.17	agníḥ	grassmann_de_1876	present	Agni gewährte Heldenkraft, dem Kanva Agni hohes Glück, Agni und Mitra halfen dem Medhjatithi, beim Spenden dem Upastuta.			
agní-	79	349	1.36.17	agníḥ	geldner_de_1951	present	Agni gewann die Meisterschaft, Agni dem Kaṇva Glück. Agni stand den beiden Verbündeten und dem Medhyātithi, Agni dem Upastuta im Gewinnen bei.			
agní-	79	349	1.36.17	agníḥ	elizarenkova_ru_1989	present	Агни добыл обилие героев,\nАгни для Канвы (добыл) удачу,\nАгни, а также Митра и (Варуна) помогли Медхьятитхи,\nАгни (помог) Упастуте в победе.			
agní-	79	349	1.36.17	agníḥ	griffith_en_1896	present	Agni hath given heroic might to Kainva, and felicity:\nAgni hath helped our friends, hath helped Medhyitithi, hath helped Upastuta to win.			
agní-	79	349	1.36.17	agníḥ	jamison_brereton_en_2014	present	Agni gained good heroes en masse, and Agni good fortune for Kanva. Agni helped Medhyatithi—as did Mitra (and Varuna) [/the two allies]— and Agni (helped) Upastuta in winning.			
agní-	79	349	1.36.17	agníḥ	grassmann_de_1876	present	Agni gewährte Heldenkraft, dem Kanva Agni hohes Glück, Agni und Mitra halfen dem Medhjatithi, beim Spenden dem Upastuta.			
agní-	79	349	1.36.17	agníḥ	geldner_de_1951	present	Agni gewann die Meisterschaft, Agni dem Kaṇva Glück. Agni stand den beiden Verbündeten und dem Medhyātithi, Agni dem Upastuta im Gewinnen bei.			
agní-	79	349	1.36.17	agníḥ	elizarenkova_ru_1989	present	Агни добыл обилие героев,\nАгни для Канвы (добыл) удачу,\nАгни, а также Митра и (Варуна) помогли Медхьятитхи,\nАгни (помог) Упастуте в победе.			
agní-	79	349	1.36.17	agníḥ	griffith_en_1896	present	Agni hath given heroic might to Kainva, and felicity:\nAgni hath helped our friends, hath helped Medhyitithi, hath helped Upastuta to win.			
agní-	79	349	1.36.17	agníḥ	jamison_brereton_en_2014	present	Agni gained good heroes en masse, and Agni good fortune for Kanva. Agni helped Medhyatithi—as did Mitra (and Varuna) [/the two allies]— and Agni (helped) Upastuta in winning.			
agní-	79	349	1.36.17	agníḥ	grassmann_de_1876	present	Agni gewährte Heldenkraft, dem Kanva Agni hohes Glück, Agni und Mitra halfen dem Medhjatithi, beim Spenden dem Upastuta.			
agní-	79	349	1.36.17	agníḥ	geldner_de_1951	present	Agni gewann die Meisterschaft, Agni dem Kaṇva Glück. Agni stand den beiden Verbündeten und dem Medhyātithi, Agni dem Upastuta im Gewinnen bei.			
agní-	79	349	1.36.17	agníḥ	elizarenkova_ru_1989	present	Агни добыл обилие героев,\nАгни для Канвы (добыл) удачу,\nАгни, а также Митра и (Варуна) помогли Медхьятитхи,\nАгни (помог) Упастуте в победе.			
agní-	79	349	1.36.17	agníḥ	griffith_en_1896	present	Agni hath given heroic might to Kainva, and felicity:\nAgni hath helped our friends, hath helped Medhyitithi, hath helped Upastuta to win.			
agní-	79	349	1.36.17	agníḥ	jamison_brereton_en_2014	present	Agni gained good heroes en masse, and Agni good fortune for Kanva. Agni helped Medhyatithi—as did Mitra (and Varuna) [/the two allies]— and Agni (helped) Upastuta in winning.			
agní-	79	349	1.36.17	agníḥ	grassmann_de_1876	present	Agni gewährte Heldenkraft, dem Kanva Agni hohes Glück, Agni und Mitra halfen dem Medhjatithi, beim Spenden dem Upastuta.			
agní-	79	349	1.36.17	agníḥ	geldner_de_1951	present	Agni gewann die Meisterschaft, Agni dem Kaṇva Glück. Agni stand den beiden Verbündeten und dem Medhyātithi, Agni dem Upastuta im Gewinnen bei.			
agní-	79	349	1.36.17	agníḥ	elizarenkova_ru_1989	present	Агни добыл обилие героев,\nАгни для Канвы (добыл) удачу,\nАгни, а также Митра и (Варуна) помогли Медхьятитхи,\nАгни (помог) Упастуте в победе.			
agní-	79	349	1.36.17	agníḥ	griffith_en_1896	present	Agni hath given heroic might to Kainva, and felicity:\nAgni hath helped our friends, hath helped Medhyitithi, hath helped Upastuta to win.			
agní-	79	349	1.36.17	agníḥ	jamison_brereton_en_2014	present	Agni gained good heroes en masse, and Agni good fortune for Kanva. Agni helped Medhyatithi—as did Mitra (and Varuna) [/the two allies]— and Agni (helped) Upastuta in winning.			
agní-	79	349	1.36.18	agnínā	grassmann_de_1876	present	Wir riefen Ugradeva, Turvaça, Jadu durch Agni aus der Ferne her; Auf hohem Wagen komme Navavāstva und Turvīti her zur Feindesschlacht.			
agní-	79	349	1.36.18	agnínā	geldner_de_1951	present	Durch Agni rufen wir aus der Ferne den Turvaśa und Yadu, den Ugrādeva. Agni geleite den Navavāstva, den Br̥hadratha, den Turvīti, den Dasyave Sahas.			
agní-	79	349	1.36.18	agnínā	elizarenkova_ru_1989	present	Вместе с Агни мы зовем издалека\nТурвашу, Яду, Уградеву.\nПусть Агни приведет Нававаству, Брихадратху,\nТурвити – силу против врага!			
agní-	79	349	1.36.18	agnínā	griffith_en_1896	present	We call on Ugradeva, Yadu, Turvasa, by means of Agni, from afar;\nAgni, bring Navavastva and Brhadratba, Turviti, to subdue the foe.			
agní-	79	349	1.36.18	agnínā	jamison_brereton_en_2014	present	With Agni we call Turvasa and Yadu from afar, also Ugradeva. Agni, our force against the Dasyu, led Navavastva of the lofty chariots and TurvTti.			
agní-	79	349	1.36.18	agníḥ	grassmann_de_1876	present	Wir riefen Ugradeva, Turvaça, Jadu durch Agni aus der Ferne her; Auf hohem Wagen komme Navavāstva und Turvīti her zur Feindesschlacht.			
agní-	79	349	1.36.18	agníḥ	geldner_de_1951	present	Durch Agni rufen wir aus der Ferne den Turvaśa und Yadu, den Ugrādeva. Agni geleite den Navavāstva, den Br̥hadratha, den Turvīti, den Dasyave Sahas.			
agní-	79	349	1.36.18	agníḥ	elizarenkova_ru_1989	present	Вместе с Агни мы зовем издалека\nТурвашу, Яду, Уградеву.\nПусть Агни приведет Нававаству, Брихадратху,\nТурвити – силу против врага!			
agní-	79	349	1.36.18	agníḥ	griffith_en_1896	present	We call on Ugradeva, Yadu, Turvasa, by means of Agni, from afar;\nAgni, bring Navavastva and Brhadratba, Turviti, to subdue the foe.			
agní-	79	349	1.36.18	agníḥ	jamison_brereton_en_2014	present	With Agni we call Turvasa and Yadu from afar, also Ugradeva. Agni, our force against the Dasyu, led Navavastva of the lofty chariots and TurvTti.			
agní-	79	349	1.36.19	agne	grassmann_de_1876	present	Dich, Agni, setzte Manus ein, als Licht dem ganzen Menschenstamm, Durch Recht erzeugt erstrahlest hoch bei Kanva du, du den die Völkerschar verehrt.			
agní-	79	349	1.36.19	agne	geldner_de_1951	present	Dich Agni, hat Manu eingesetzt als Licht für alles Volk. Du hast bei Kaṇva geleuchtet, zur rechten Zeit geboren, großgeworden du, vor dem sich die Lande beugen.			
agní-	79	349	1.36.19	agne	elizarenkova_ru_1989	present	Тебя, о Агни, установил Ману\nКак свет для нескончаемого рода (человеческого).\nТы сверкал у Канвы, рожденный законом, окропленный (маслом),\n(Тот), кому поклоняются народы.			
agní-	79	349	1.36.19	agne	griffith_en_1896	present	Manu hath stablished thee a light, Agni, for all the race of men:\nSprung from the Law, oil-fed, for Kanva hast thou blazed, thou whom the people reverence.			
agní-	79	349	1.36.19	agne	jamison_brereton_en_2014	present	Manu installed you, Agni, to be a light for the people, each and every one. Born of truth, you shine when grown strong [/sprinkled] in the company of Kanva—(you) to whom the communities bring reverence.			
agní-	79	349	1.36.20	agnéḥ	grassmann_de_1876	present	Des Agni lichte ungestüme Flammenschar, ist furchtbar und unnahbar stets, Die bösen Geister und die Zaubrer allesammt, verbrenn' und jeden Dämon du.			
agní-	79	349	1.36.20	agnéḥ	geldner_de_1951	present	Zornfunkelnd, überwältigend sind die Flammen des Agni, furchtbar; nicht ist dagegen anzukommen. Verbrenn jederzeit die Unholde, die zauberischen, jeden Atrin!			
agní-	79	349	1.36.20	agnéḥ	elizarenkova_ru_1989	present	Искрометные, яростные языки пламени Агни,\nСтрашные – не подступиться!\nСжигай всегда ракшасоподобных,\nКолдовских, любого атрина!			
agní-	79	349	1.36.20	agnéḥ	griffith_en_1896	present	The flames of Agni full of splendour and of might are fearful, not to be approached.\nConsume for ever all demons and sorcerers, consume thou each devouring fiend.			
agní-	79	349	1.36.20	agnéḥ	jamison_brereton_en_2014	present	The dazzling, hard-charging flames of Agni, terrifying like (wild beasts), are not to be confronted. (Burn) the demonic forces, the sorcerers forever—burn up every devourer.			
agní-	79	349	1.38.13	agním	grassmann_de_1876	present	Mit stetem Lied begrüsse ihn, besinge den Gebetesherrn, Den Agni, der wie Mitra schön.			
agní-	79	349	1.38.13	agním	geldner_de_1951	present	Rufe mit anhaltender Lobrede den Brahmaṇaspati an, daß er das Greisenalter (uns schenke), den Agni, den gern gesehen ist wie ein Freund!			
agní-	79	349	1.38.13	agním	elizarenkova_ru_1989	present	Обратись с долгой хвалебной песнью\nК Брахманаспати для (достижения) старости,\nК Агни, приятному на вид, словно к другу!			
agní-	79	349	1.38.13	agním	griffith_en_1896	present	Invite thou hither with this song, for praise, Agni the Lord of Prayer,\nHim who is fair as Mitra is.			
agní-	79	349	1.38.13	agním	jamison_brereton_en_2014	present	Speak here with a song at length to the Lord of the Sacred Formulation, to awaken him, and to Agni, lovely to see like an ally.			
agní-	79	349	1.44.1	ágne	grassmann_de_1876	present	O Agni, Wesenkenner, fahr das lichte, glänzende Geschenk Des Morgenroths dem Frommen zu, unsterblicher, die frühe wachen Götter heut.			
agní-	79	349	1.44.1	ágne	geldner_de_1951	present	Unsterblicher Agni, bring der Uṣas morgendliche, ansehnliche Gabe; bring du heute dem Opferspender die frühwachen Götter her, o Jātavedas!			
agní-	79	349	1.44.1	ágne	elizarenkova_ru_1989	present	О Агни, (привези) сверкающий\nЯркий дар Ушас, о бессмертный!\nПривези сегодня ты, Джатаведас, к почитателю\nБогов, пробуждающихся на заре!			
agní-	79	349	1.44.1	ágne	griffith_en_1896	present	-en-			
agní-	79	349	1.44.1	ágne	jamison_brereton_en_2014	present	Agni, immortal one—the bright benefit radiating from Dawn: convey it here to the pious man, o Jatavedas; convey here today the gods who wake at dawn.			
agní-	79	349	1.44.2	ágne	grassmann_de_1876	present	Denn du bist holder Bote, der die Tränke fährt, der Opfer Fährmann, Agni, du; Vereint den Rittern und der Morgenröthe, gib uns Heldenkraft und hohen Ruhm.			
agní-	79	349	1.44.2	ágne	geldner_de_1951	present	Denn du bist der erwünschte Bote, der Opferführer, Agni, der Wagenlenker der Opfer. Im Verein mit den beiden Aśvin, mit Uṣas verschaff uns die Meisterschaft, hohen Ruhm!			
agní-	79	349	1.44.2	ágne	elizarenkova_ru_1989	present	Ведь ты желанный вестник, везущий жертву,\nО Агни, колесничий жертвенных празднеств.\nВместе с Ашвинами (и) Ушас богатство из прекрасных мужей\nНам дай (и) высокую славу!			
agní-	79	349	1.44.2	ágne	griffith_en_1896	present	For thou art offering-bearer and loved messenger, the charioteer of sacrifice:\nAccordant with the Asvins and with Dawn grant us heroic strength and lofty fame.			
agní-	79	349	1.44.2	ágne	jamison_brereton_en_2014	present	For you are the delightful messenger, conveyor of oblations, o Agni, charioteer of the ceremonies. Jointly with the AWins and with Dawn establish in us good heroism and lofty fame.			
agní-	79	349	1.44.3	agním	grassmann_de_1876	present	Zum Boten wählen heute wir den guten liebsten Agni uns; Der früh den Rauch als Fahne schwingt, von Licht erstrahlt, der alle Opfer festlich schmückt.			
agní-	79	349	1.44.3	agním	geldner_de_1951	present	Heute erwählen wir zum Boten den guten, viellieben Agni, den rauchfahnigen, glanzerhöhten, im Frühlicht, der den Dienst der Opfer verschönt.			
agní-	79	349	1.44.3	agním	elizarenkova_ru_1989	present	Сегодня мы выбираем вестником\nДоброго Агни многолюбимого,\nЧье знамя – дым, чей свет – украшение,\n(Того, кто) на рассвете – краса жертвенных празднеств, жертвоприношений.			
agní-	79	349	1.44.3	agním	griffith_en_1896	present	As messenger we choose to-day Agni the good whom many love,\nSmoke-bannered spreader of the light, at break of day glory of sacrificial rites.			
agní-	79	349	1.44.3	agním	jamison_brereton_en_2014	present	Today we choose as messenger Agni the good one, dear to many, whose beacon is smoke, but who is foamy with radiance when the dawns break, the glory of the ceremonies, of the sacrifices.			
agní-	79	349	1.44.4	agním	grassmann_de_1876	present	Den herrlichsten, den jüngsten, schöngetränkten Gast, willkommen bei dem frommen Mann, Den Wesenkenner Agni bitt' am Morgen ich, zu fahren nach den Göttern hin.			
agní-	79	349	1.44.4	agním	geldner_de_1951	present	Den vornehmsten, den jüngsten Gast, der gut (mit Schmalz) begossen wird, der dem opferspendenden Manne erwünscht ist, den Agni Jātavedas rufe ich im Frühlicht auf, daß er zu den Göttern fahre.			
agní-	79	349	1.44.4	agním	elizarenkova_ru_1989	present	Лучшего, самого юного гостя, хорошо окропленного (жертвенным маслом),\nЖеланного для почитающего (его) человека,\nАгни-Джатаведаса я призываю на рассвете,\nЧтобы он отправился к богам!			
agní-	79	349	1.44.4	agním	griffith_en_1896	present	Him noblest and most youthful, richly worshipped guest, dear to the men who offer gifts,\nHim, Agni Jatavedas, I beseech at dawn that he may bring the Gods to us.			
agní-	79	349	1.44.4	agním	jamison_brereton_en_2014	present	The fairest, the youngest guest, well-libated, delightful to the pious folk— I reverently invoke Agni Jatavedas when the dawns break, to journey to the gods.			
agní-	79	349	1.44.5	ágne	grassmann_de_1876	present	Dich will ich preisen, Ewiger, o Agni, der du alles nährst, Als besten Opfrer, der unsterblich Schutz verleiht, der Speisen nimmt und Tränke fährt.			
agní-	79	349	1.44.5	ágne	geldner_de_1951	present	Ich will dich preisen, du unsterblicher Erlaber der ganzen (Welt), den unsterblichen Schirmer, du festlicher Agni, den besten Opferer, du Opferführer.			
agní-	79	349	1.44.5	ágne	elizarenkova_ru_1989	present	Я буду прославлять тебя,\nО бессмертный подкрепитель всего (мира),\nО Агни, достойный жертвенной пищи, бессмертного спасителя,\nСамого юного, о везущий жертву!			
agní-	79	349	1.44.5	ágne	griffith_en_1896	present	Thee, Agni, will I glorify, deathless nourisher of the world,\nImmortal, offering-bearer, meet for sacred food, preserver, best at sacrifice.			
agní-	79	349	1.44.5	ágne	jamison_brereton_en_2014	present	I will praise you—o immortal nurturer of all— as immortal guardian—o Agni, partaker of the ritual meal—as best sacrificer—o conveyor of the oblation.			
agní-	79	349	1.44.7	ágne	grassmann_de_1876	present	Denn dich entflammt der Menschen Schar, den Priester, der du alles weisst; So fahr, o Agni, vielgerufner, eilig nun die weisen Götter zu uns her,			
agní-	79	349	1.44.7	ágne	geldner_de_1951	present	Denn dich zünden die Clangenossen gemeinsam an, den allwissenden Hotr̥. Fahre, du vielgerufener Agni, die klugen Götter eilig hierher,			
agní-	79	349	1.44.7	ágne	elizarenkova_ru_1989	present	Хотара всеведущего,\nТебя зажигают члены племени – все вместе.\nПривези сюда, о обильно окропляемый (маслом)\nАгни, прозорливых богов – быстро:			
agní-	79	349	1.44.7	ágne	griffith_en_1896	present	For the men, Agni, kindle thee as all possessor and as Priest;\nSo Agni, much-invoked, bring hither with all speed the Gods, the excellently wise,			
agní-	79	349	1.44.7	ágne	jamison_brereton_en_2014	present	Because the clans together kindle you as Hotar who provides all possessions [/possesses all knowledge], o much-invoked Agni, bring the discerning gods here at a run—			
agní-	79	349	1.44.8	agním	grassmann_de_1876	present	Die Ritter, Bhaga, Savitar, das Morgenroth, die Kanva's zünden Agni dich Des Morgens an, dir Soma bringend, und bei Nacht, den Opferfährmann, festlicher!			
agní-	79	349	1.44.8	agním	geldner_de_1951	present	Savitr̥, Uṣas, die beiden Aśvin, Bhaga, Agni, im Frühlicht der Nacht. Die Kaṇva's zünden dich, den Opferfahrer, bei ausgepreßtem Soma an, du Wohlopfernder.			
agní-	79	349	1.44.8	agním	elizarenkova_ru_1989	present	Савитара, Ушас, Ашвинов, Бхагу,\nАгни, когда рассвет сменяет ночь.\nКанвы, выжимая сому, зажигают тебя,\nВезущего жертву, о прекрасно совершающий обряд.			
agní-	79	349	1.44.8	agním	griffith_en_1896	present	At dawn of day, at night, Usas and Savitar, the Asvins, Bhaga, Agni's self:\nSkilled in fair rites, with Soma poured, the Kanvas light thee, the oblation-wafting God.			
agní-	79	349	1.44.8	agním	jamison_brereton_en_2014	present	Savitar, Dawn, the Asvins, Bhaga. Through the nights, when the dawns break, the Kanvas, their soma pressed, kindle you, Agni, as conveyor of the oblation, o you of good ceremony.			
agní-	79	349	1.44.9	ágne	grassmann_de_1876	present	Denn du bist ja der Opfer Herr, der Menschen Bote, Agni, du; Die frühe wachen Götter fahre heute her, zum Somatrunk die himmlischen.			
agní-	79	349	1.44.9	ágne	geldner_de_1951	present	Denn du bist der Herr der Opfer, Agni, der Bote der Clangenossen. Fahr heute die frühwachen Götter zum Somatrunk her, deren Auge die Sonne ist!			
agní-	79	349	1.44.9	ágne	elizarenkova_ru_1989	present	Ведь ты господин на жертвенных празднествах,\nО Агни, ты вестник племен.\nСегодня на питье сомы привези богов,\nПробуждающихся на заре, (богов), чей глаз – солнце.			
agní-	79	349	1.44.9	ágne	griffith_en_1896	present	For, Agni, Lord of sacrifice and messenger of men art thou:\nBring thou the Gods who wake at dawn who see the light, this day to drink the Soma juice.			
agní-	79	349	1.44.9	ágne	jamison_brereton_en_2014	present	For you are the master of the ceremonies, Agni, the messenger of the clans. Convey here today the gods who wake at dawn, who look like the sun, for soma-drinking.			
agní-	79	349	1.44.10	ágne	grassmann_de_1876	present	Denn frühem Morgen strahltest du, o Agni, nach, allsichtbar, strahlenreicher du, Ein Helfer den Gemeinden und Hauspriester du der Menschen bei dem Opferfest.			
agní-	79	349	1.44.10	ágne	geldner_de_1951	present	Agni! Du hast an allen früheren Morgen geleuchtet, du Glanzreicher, allsichtbar. Du bist in den Dörfern der Schirmherr und Vogt, du bist der Anwalt bei den Opfern, von Manu (den Menschen) dazu bestimmt.			
agní-	79	349	1.44.10	ágne	elizarenkova_ru_1989	present	О Агни яркосияющий, ты светил\nНа протяжении прежних зорь, о приятный для всех на вид.\nТы – защитник в деревнях, ты поставлен во главе\nНа жертвоприношениях, (ты,) близкий человеку.			
agní-	79	349	1.44.10	ágne	griffith_en_1896	present	Thou shonest forth, O Agni, after former dawns, all visible, O rich in light.\nThou art our help in battle-strife, the Friend of inan, the great high priest in sacrifice.			
agní-	79	349	1.44.10	ágne	jamison_brereton_en_2014	present	O Agni rich in radiance, through the earlier dawns you have shone visible to all. You are the helper set in front among the settlements; you are the descendant of Manu (set in front) at the sacrifices.			
