cyrillic	slp1	iast_witness	validation	onomasticon	witness_count	seeds
Бхагиратхи	BAgIraTI	Bhāgīrathī	onomasticon	inm,pui	1	SamudraManthanam/Index/lib/x86_64-win64/Data/Словарь Гринцера из Рамаяны 1-2.txt
Бхаси	BAsI	Bhāsī	onomasticon	inm,pui	1	SamudraManthanam/Index/lib/x86_64-win64/Data/Рамаяна 3. Словарь.txt
Бхима	BIma	Bhīma	onomasticon	inm,pui	1	SamudraManthanam/Index/lib/x86_64-win64/Data/Словарь Гринцера из Рамаяны 1-2.txt
Бхадрамада	BadramadA	Bhadramadā	iast-witness-only		1	SamudraManthanam/Index/lib/x86_64-win64/Data/Рамаяна 3. Словарь.txt
Бхагиратха	BagIraTa	Bhagīratha	onomasticon	inm,pui	1	SamudraManthanam/Index/lib/x86_64-win64/Data/Словарь Гринцера из Рамаяны 1-2.txt
Бхага	Baga	Bhaga	onomasticon	inm,pui	2	SamudraManthanam/Index/lib/x86_64-win64/Data/Рамаяна 3. Словарь.txt|SamudraManthanam/Index/lib/x86_64-win64/Data/Словарь Гринцера из Рамаяны 1-2.txt
Бхарадваджа	BaradvAja	Bharadvāja	onomasticon	inm,pui	2	SamudraManthanam/Index/lib/x86_64-win64/Data/Словарь Гринцера из Рамаяны 1-2.txt
Бхарата	Barata	Bharata	onomasticon	inm,pui	3	SamudraManthanam/Index/lib/x86_64-win64/Data/Рамаяна 3. Словарь.txt|SamudraManthanam/Index/lib/x86_64-win64/Data/Словарь Гринцера из Рамаяны 1-2.txt
Бхава	Bava	Bhava	onomasticon	inm,pui	1	SamudraManthanam/Index/lib/x86_64-win64/Data/Словарь Гринцера из Рамаяны 1-2.txt
Бхригу	Bfgu	Bhṛgu	onomasticon	inm,pui	1	SamudraManthanam/Index/lib/x86_64-win64/Data/Словарь Гринцера из Рамаяны 1-2.txt
Бхригупрасравана	BfguprasravaRa	Bhṛguprasravaṇa	lexicon		1	SamudraManthanam/Index/lib/x86_64-win64/Data/Словарь Гринцера из Рамаяны 1-2.txt
Бхригутунга	BfgutuNga	Bhṛgutuṅga	onomasticon	inm	1	SamudraManthanam/Index/lib/x86_64-win64/Data/Словарь Гринцера из Рамаяны 1-2.txt
Бхогавати	BogavatI	Bhogavatī	onomasticon	inm,pui	2	SamudraManthanam/Index/lib/x86_64-win64/Data/Рамаяна 3. Словарь.txt|SamudraManthanam/Index/lib/x86_64-win64/Data/Словарь Гринцера из Рамаяны 1-2.txt
Дхатар	DAtf	Dhātṛ	onomasticon	inm,pui	2	SamudraManthanam/Index/lib/x86_64-win64/Data/Рамаяна 3. Словарь.txt|SamudraManthanam/Index/lib/x86_64-win64/Data/Словарь Гринцера из Рамаяны 1-2.txt
Дхатаром	DAtf	Dhātṛ	onomasticon	inm,pui	1	SamudraManthanam/Index/lib/x86_64-win64/Data/Рамаяна 3. Словарь.txt
Дхумрашва	DUmrASva	Dhūmrāśva	onomasticon	pui	1	SamudraManthanam/Index/lib/x86_64-win64/Data/Словарь Гринцера из Рамаяны 1-2.txt
Дханвантари	Danvantari	Dhanvantari	onomasticon	inm,pui	1	SamudraManthanam/Index/lib/x86_64-win64/Data/Словарь Гринцера из Рамаяны 1-2.txt
Дхармаранья	DarmAraRya	Dharmāraṇya	onomasticon	inm	1	SamudraManthanam/Index/lib/x86_64-win64/Data/Словарь Гринцера из Рамаяны 1-2.txt
Дхарма	Darma	Dharma	onomasticon	inm,pui	2	SamudraManthanam/Index/lib/x86_64-win64/Data/Рамаяна 3. Словарь.txt|SamudraManthanam/Index/lib/x86_64-win64/Data/Словарь Гринцера из Рамаяны 1-2.txt
Дхармабхрит	DarmaBft	Dharmabhṛt	onomasticon	pui	1	SamudraManthanam/Index/lib/x86_64-win64/Data/Рамаяна 3. Словарь.txt
Дхармапала	DarmapAla	Dharmapāla	lexicon		1	SamudraManthanam/Index/lib/x86_64-win64/Data/Словарь Гринцера из Рамаяны 1-2.txt
Дхармараджа	DarmarAja	Dharmarāja	onomasticon	inm,pui	1	SamudraManthanam/Index/lib/x86_64-win64/Data/Словарь Гринцера из Рамаяны 1-2.txt
Дхармавардхана	DarmavarDana	Dharmavardhana	lexicon		1	SamudraManthanam/Index/lib/x86_64-win64/Data/Словарь Гринцера из Рамаяны 1-2.txt
Дхритараштри	DftarAzwrI	Dhṛtarāṣṭrī	onomasticon	inm,pui	1	SamudraManthanam/Index/lib/x86_64-win64/Data/Рамаяна 3. Словарь.txt
Дхриштакету	Dfzwaketu	Dhṛṣṭaketu	onomasticon	inm,pui	1	SamudraManthanam/Index/lib/x86_64-win64/Data/Словарь Гринцера из Рамаяны 1-2.txt
Дхришти	Dfzwi	Dhṛṣṭi	onomasticon	pui	1	SamudraManthanam/Index/lib/x86_64-win64/Data/Словарь Гринцера из Рамаяны 1-2.txt
Дхрувасандхи	DruvasaMDi	Dhruvasaṃdhi	lexicon		1	SamudraManthanam/Index/lib/x86_64-win64/Data/Словарь Гринцера из Рамаяны 1-2.txt
Дхундхумара	DunDumAra	Dhundhumāra	onomasticon	inm,pui	1	SamudraManthanam/Index/lib/x86_64-win64/Data/Словарь Гринцера из Рамаяны 1-2.txt
Айравата	ErAvata	Airāvata	onomasticon	inm,pui	2	SamudraManthanam/Index/lib/x86_64-win64/Data/Рамаяна 3. Словарь.txt|SamudraManthanam/Index/lib/x86_64-win64/Data/Словарь Гринцера из Рамаяны 1-2.txt
Гхритачи	GftAcI	Ghṛtācī	onomasticon	inm,pui	1	SamudraManthanam/Index/lib/x86_64-win64/Data/Словарь Гринцера из Рамаяны 1-2.txt
Кхара	Kara	Khara	onomasticon	inm,pui	1	SamudraManthanam/Index/lib/x86_64-win64/Data/Словарь Гринцера из Рамаяны 1-2.txt
Шалмали	SAlmalI	Śālmalī	lexicon		1	SamudraManthanam/Index/lib/x86_64-win64/Data/Словарь Гринцера из Рамаяны 1-2.txt
Шанта	SAntA	Śāntā	onomasticon	inm,pui	1	SamudraManthanam/Index/lib/x86_64-win64/Data/Словарь Гринцера из Рамаяны 1-2.txt
Шардули	SArdUlI	Śārdūlī	lexicon		1	SamudraManthanam/Index/lib/x86_64-win64/Data/Рамаяна 3. Словарь.txt
Шигхрага	SIGraga	Śīghraga	onomasticon	inm,pui	1	SamudraManthanam/Index/lib/x86_64-win64/Data/Словарь Гринцера из Рамаяны 1-2.txt
Шурпанакха	SUrpaRaKA	Śūrpaṇakhā	onomasticon	inm,pui	2	SamudraManthanam/Index/lib/x86_64-win64/Data/Рамаяна 3. Словарь.txt|SamudraManthanam/Index/lib/x86_64-win64/Data/Словарь Гринцера из Рамаяны 1-2.txt
Шанкхана	SaNKana	Śaṅkhana	iast-witness-only		1	SamudraManthanam/Index/lib/x86_64-win64/Data/Словарь Гринцера из Рамаяны 1-2.txt
Шанкара	SaNkara	Śaṅkara	onomasticon	inm	1	SamudraManthanam/Index/lib/x86_64-win64/Data/Словарь Гринцера из Рамаяны 1-2.txt
Шашабинду	SaSabindu	Śaśabindu	onomasticon	inm,pui	1	SamudraManthanam/Index/lib/x86_64-win64/Data/Словарь Гринцера из Рамаяны 1-2.txt
Шабала	SabalA	Śabalā	lexicon		1	SamudraManthanam/Index/lib/x86_64-win64/Data/Словарь Гринцера из Рамаяны 1-2.txt
Шабари	SabarI	Śabarī	lexicon		2	SamudraManthanam/Index/lib/x86_64-win64/Data/Рамаяна 3. Словарь.txt|SamudraManthanam/Index/lib/x86_64-win64/Data/Словарь Гринцера из Рамаяны 1-2.txt
Шачи	SacI	Śacī	onomasticon	inm,pui	2	SamudraManthanam/Index/lib/x86_64-win64/Data/Рамаяна 3. Словарь.txt|SamudraManthanam/Index/lib/x86_64-win64/Data/Словарь Гринцера из Рамаяны 1-2.txt
Шакра	Sakra	Śakra	onomasticon	inm,pui	2	SamudraManthanam/Index/lib/x86_64-win64/Data/Рамаяна 3. Словарь.txt|SamudraManthanam/Index/lib/x86_64-win64/Data/Словарь Гринцера из Рамаяны 1-2.txt
Шамбара	Sambara	Śambara	onomasticon	inm,pui	1	SamudraManthanam/Index/lib/x86_64-win64/Data/Словарь Гринцера из Рамаяны 1-2.txt
Шарабха	SaraBa	Śarabha	onomasticon	inm,pui	1	SamudraManthanam/Index/lib/x86_64-win64/Data/Словарь Гринцера из Рамаяны 1-2.txt
Шарабханга	SaraBaNga	Śarabhaṅga	onomasticon	inm	1	SamudraManthanam/Index/lib/x86_64-win64/Data/Словарь Гринцера из Рамаяны 1-2.txt
Шараданда	SaradaRqA	Śaradaṇḍā	lexicon		1	SamudraManthanam/Index/lib/x86_64-win64/Data/Словарь Гринцера из Рамаяны 1-2.txt
Шатананда	SatAnanda	Śatānanda	onomasticon	inm,pui	1	SamudraManthanam/Index/lib/x86_64-win64/Data/Словарь Гринцера из Рамаяны 1-2.txt
Шатадру	Satadru	Śatadru	onomasticon	inm,pui	1	SamudraManthanam/Index/lib/x86_64-win64/Data/Словарь Гринцера из Рамаяны 1-2.txt
Шатахрада	SatahradA	Śatahradā	onomasticon	pui	1	SamudraManthanam/Index/lib/x86_64-win64/Data/Рамаяна 3. Словарь.txt
Шатакрату	Satakratu	Śatakratu	onomasticon	inm,pui	2	SamudraManthanam/Index/lib/x86_64-win64/Data/Рамаяна 3. Словарь.txt|SamudraManthanam/Index/lib/x86_64-win64/Data/Словарь Гринцера из Рамаяны 1-2.txt
Шатругхна	SatruGna	Śatrughna	onomasticon	inm,pui	1	SamudraManthanam/Index/lib/x86_64-win64/Data/Словарь Гринцера из Рамаяны 1-2.txt
Шеша	Seza	Śeṣa	onomasticon	inm,pui	2	SamudraManthanam/Index/lib/x86_64-win64/Data/Рамаяна 3. Словарь.txt
Шрингавера	SfNgavera	Śṛṅgavera	onomasticon	inm	1	SamudraManthanam/Index/lib/x86_64-win64/Data/Словарь Гринцера из Рамаяны 1-2.txt
Шиби	Sibi	Śibi	onomasticon	inm,pui	1	SamudraManthanam/Index/lib/x86_64-win64/Data/Словарь Гринцера из Рамаяны 1-2.txt
Шилаваха	SilAvahA	Śilāvahā	lexicon		1	SamudraManthanam/Index/lib/x86_64-win64/Data/Словарь Гринцера из Рамаяны 1-2.txt
Шива	Siva	Śiva	onomasticon	inm,pui	1	SamudraManthanam/Index/lib/x86_64-win64/Data/Словарь Гринцера из Рамаяны 1-2.txt
Шона	SoRA	Śoṇā	onomasticon	pui	1	SamudraManthanam/Index/lib/x86_64-win64/Data/Словарь Гринцера из Рамаяны 1-2.txt
Шри	SrI	Śrī	onomasticon	inm,pui	2	SamudraManthanam/Index/lib/x86_64-win64/Data/Рамаяна 3. Словарь.txt|SamudraManthanam/Index/lib/x86_64-win64/Data/Словарь Гринцера из Рамаяны 1-2.txt
Шрутакирти	SrutakIrtI	Śrutakīrtī	onomasticon	pui	1	SamudraManthanam/Index/lib/x86_64-win64/Data/Словарь Гринцера из Рамаяны 1-2.txt
Шуки	SukI	Śukī	onomasticon	inm,pui	1	SamudraManthanam/Index/lib/x86_64-win64/Data/Рамаяна 3. Словарь.txt
Шукра	Sukra	Śukra	onomasticon	inm,pui	2	SamudraManthanam/Index/lib/x86_64-win64/Data/Рамаяна 3. Словарь.txt|SamudraManthanam/Index/lib/x86_64-win64/Data/Словарь Гринцера из Рамаяны 1-2.txt
Шунахшепа	SunaHSepa	Śunaḥśepa	lexicon		1	SamudraManthanam/Index/lib/x86_64-win64/Data/Словарь Гринцера из Рамаяны 1-2.txt
Шунака	Sunaka	Śunaka	onomasticon	inm,pui	1	SamudraManthanam/Index/lib/x86_64-win64/Data/Словарь Гринцера из Рамаяны 1-2.txt
Швета	SvetA	Śvetā	onomasticon	inm,pui	1	SamudraManthanam/Index/lib/x86_64-win64/Data/Рамаяна 3. Словарь.txt
Шветы	Sveta	Śveta	onomasticon	inm,pui	1	SamudraManthanam/Index/lib/x86_64-win64/Data/Рамаяна 3. Словарь.txt
Шьени	SyenI	Śyenī	onomasticon	inm,pui	1	SamudraManthanam/Index/lib/x86_64-win64/Data/Рамаяна 3. Словарь.txt
Урмила	UrmilA	Ūrmilā	onomasticon	inm	2	SamudraManthanam/Index/lib/x86_64-win64/Data/Словарь Гринцера из Рамаяны 1-2.txt
Аншуман	aNSumAn	Aṅśumān	iast-witness-only		1	SamudraManthanam/Index/lib/x86_64-win64/Data/Словарь Гринцера из Рамаяны 1-2.txt
Анга	aNga	Aṅga	onomasticon	inm,pui	1	SamudraManthanam/Index/lib/x86_64-win64/Data/Словарь Гринцера из Рамаяны 1-2.txt
Ангада	aNgada	Aṅgada	onomasticon	inm,pui	1	SamudraManthanam/Index/lib/x86_64-win64/Data/Словарь Гринцера из Рамаяны 1-2.txt
Ангирас	aNgiras	Aṅgiras	onomasticon	inm,pui	2	SamudraManthanam/Index/lib/x86_64-win64/Data/Рамаяна 3. Словарь.txt|SamudraManthanam/Index/lib/x86_64-win64/Data/Словарь Гринцера из Рамаяны 1-2.txt
Ашоканандана	aSokanandana	Aśokanandana	iast-witness-only		1	SamudraManthanam/Index/lib/x86_64-win64/Data/Словарь Гринцера из Рамаяны 1-2.txt
Ашвагрива	aSvagrIva	Aśvagrīva	onomasticon	inm,pui	1	SamudraManthanam/Index/lib/x86_64-win64/Data/Рамаяна 3. Словарь.txt
Ашвапати	aSvapati	Aśvapati	onomasticon	inm,pui	1	SamudraManthanam/Index/lib/x86_64-win64/Data/Словарь Гринцера из Рамаяны 1-2.txt
Ашвины	aSvinO	Aśvinau	iast-witness-only		2	SamudraManthanam/Index/lib/x86_64-win64/Data/Рамаяна 3. Словарь.txt|SamudraManthanam/Index/lib/x86_64-win64/Data/Словарь Гринцера из Рамаяны 1-2.txt
Анджана	aYjana	Añjana	onomasticon	inm,pui	1	SamudraManthanam/Index/lib/x86_64-win64/Data/Словарь Гринцера из Рамаяны 1-2.txt
Адити	aditi	Aditi	onomasticon	inm,pui	2	SamudraManthanam/Index/lib/x86_64-win64/Data/Рамаяна 3. Словарь.txt|SamudraManthanam/Index/lib/x86_64-win64/Data/Словарь Гринцера из Рамаяны 1-2.txt
Адрикритастхасли	adrikftasTalI	Adrikṛtasthalī	lexicon		1	SamudraManthanam/Index/lib/x86_64-win64/Data/Словарь Гринцера из Рамаяны 1-2.txt
Агастья	agastya	Agastya	onomasticon	inm,pui	2	SamudraManthanam/Index/lib/x86_64-win64/Data/Рамаяна 3. Словарь.txt|SamudraManthanam/Index/lib/x86_64-win64/Data/Словарь Гринцера из Рамаяны 1-2.txt
Агни	agni	Agni	onomasticon	inm,pui	2	SamudraManthanam/Index/lib/x86_64-win64/Data/Рамаяна 3. Словарь.txt|SamudraManthanam/Index/lib/x86_64-win64/Data/Словарь Гринцера из Рамаяны 1-2.txt
Агниварна	agnivarRa	Agnivarṇa	onomasticon	pui	1	SamudraManthanam/Index/lib/x86_64-win64/Data/Словарь Гринцера из Рамаяны 1-2.txt
Ахалья	ahalyA	Ahalyā	onomasticon	inm,pui	1	SamudraManthanam/Index/lib/x86_64-win64/Data/Словарь Гринцера из Рамаяны 1-2.txt
Аджа	aja	Aja	onomasticon	inm,pui	1	SamudraManthanam/Index/lib/x86_64-win64/Data/Словарь Гринцера из Рамаяны 1-2.txt
Акампана	akampana	Akampana	onomasticon	inm,pui	1	SamudraManthanam/Index/lib/x86_64-win64/Data/Рамаяна 3. Словарь.txt
Акша	akza	Akṣa	onomasticon	inm,pui	1	SamudraManthanam/Index/lib/x86_64-win64/Data/Словарь Гринцера из Рамаяны 1-2.txt
Аламбуша	alambuzA	Alambuṣā	onomasticon	inm,pui	2	SamudraManthanam/Index/lib/x86_64-win64/Data/Словарь Гринцера из Рамаяны 1-2.txt
Аларка	alarka	Alarka	onomasticon	inm,pui	1	SamudraManthanam/Index/lib/x86_64-win64/Data/Словарь Гринцера из Рамаяны 1-2.txt
Амаравати	amarAvatI	Amarāvatī	onomasticon	inm,pui	2	SamudraManthanam/Index/lib/x86_64-win64/Data/Рамаяна 3. Словарь.txt|SamudraManthanam/Index/lib/x86_64-win64/Data/Словарь Гринцера из Рамаяны 1-2.txt
Амбариша	ambarIza	Ambarīṣa	onomasticon	inm	1	SamudraManthanam/Index/lib/x86_64-win64/Data/Словарь Гринцера из Рамаяны 1-2.txt
Андхака	anDaka	Andhaka	onomasticon	inm,pui	1	SamudraManthanam/Index/lib/x86_64-win64/Data/Рамаяна 3. Словарь.txt
Ананга	anaNga	Anaṅga	onomasticon	inm,pui	1	SamudraManthanam/Index/lib/x86_64-win64/Data/Словарь Гринцера из Рамаяны 1-2.txt
Анала	analA	Analā	onomasticon	inm	1	SamudraManthanam/Index/lib/x86_64-win64/Data/Рамаяна 3. Словарь.txt
Анаранья	anaraRya	Anaraṇya	onomasticon	inm,pui	1	SamudraManthanam/Index/lib/x86_64-win64/Data/Словарь Гринцера из Рамаяны 1-2.txt
Анасуя	anasUyA	Anasūyā	onomasticon	pui	1	SamudraManthanam/Index/lib/x86_64-win64/Data/Словарь Гринцера из Рамаяны 1-2.txt
Анила	anila	Anila	onomasticon	inm,pui	1	SamudraManthanam/Index/lib/x86_64-win64/Data/Рамаяна 3. Словарь.txt
Антака	antaka	Antaka	onomasticon	inm,pui	2	SamudraManthanam/Index/lib/x86_64-win64/Data/Рамаяна 3. Словарь.txt|SamudraManthanam/Index/lib/x86_64-win64/Data/Словарь Гринцера из Рамаяны 1-2.txt
Апаратала	aparatAla	Aparatāla	iast-witness-only		1	SamudraManthanam/Index/lib/x86_64-win64/Data/Словарь Гринцера из Рамаяны 1-2.txt
Ариштанеми	arizwanemi	Ariṣṭanemi	onomasticon	inm,pui	2	SamudraManthanam/Index/lib/x86_64-win64/Data/Рамаяна 3. Словарь.txt|SamudraManthanam/Index/lib/x86_64-win64/Data/Словарь Гринцера из Рамаяны 1-2.txt
Аруна	aruRa	Aruṇa	onomasticon	inm,pui	1	SamudraManthanam/Index/lib/x86_64-win64/Data/Рамаяна 3. Словарь.txt
Арундхати	arunDatI	Arundhatī	onomasticon	inm,pui	1	SamudraManthanam/Index/lib/x86_64-win64/Data/Рамаяна 3. Словарь.txt
Арьяман	aryaman	Aryaman	onomasticon	inm,pui	1	SamudraManthanam/Index/lib/x86_64-win64/Data/Словарь Гринцера из Рамаяны 1-2.txt
Асуртараджаса	asUrtarajasa	Asūrtarajasa	lexicon		1	SamudraManthanam/Index/lib/x86_64-win64/Data/Словарь Гринцера из Рамаяны 1-2.txt
Асаманьджа	asamaYja	Asamañja	lexicon		1	SamudraManthanam/Index/lib/x86_64-win64/Data/Словарь Гринцера из Рамаяны 1-2.txt
Асита	asita	Asita	onomasticon	inm,pui	1	SamudraManthanam/Index/lib/x86_64-win64/Data/Словарь Гринцера из Рамаяны 1-2.txt
Атри	atri	Atri	onomasticon	inm,pui	2	SamudraManthanam/Index/lib/x86_64-win64/Data/Рамаяна 3. Словарь.txt|SamudraManthanam/Index/lib/x86_64-win64/Data/Словарь Гринцера из Рамаяны 1-2.txt
Айодхья	ayoDyA	Ayodhyā	onomasticon	inm,pui	2	SamudraManthanam/Index/lib/x86_64-win64/Data/Рамаяна 3. Словарь.txt|SamudraManthanam/Index/lib/x86_64-win64/Data/Словарь Гринцера из Рамаяны 1-2.txt
Айомукхи	ayomuKI	Ayomukhī	onomasticon	pui	1	SamudraManthanam/Index/lib/x86_64-win64/Data/Рамаяна 3. Словарь.txt
Бана	bARa	Bāṇa	onomasticon	inm,pui	1	SamudraManthanam/Index/lib/x86_64-win64/Data/Словарь Гринцера из Рамаяны 1-2.txt
Бахлика	bAhlika	Bāhlika	lexicon		1	SamudraManthanam/Index/lib/x86_64-win64/Data/Словарь Гринцера из Рамаяны 1-2.txt
Балин	bAlin	Bālin	lexicon		1	SamudraManthanam/Index/lib/x86_64-win64/Data/Словарь Гринцера из Рамаяны 1-2.txt
Бахупутра	bahuputra	Bahuputra	onomasticon	pui	1	SamudraManthanam/Index/lib/x86_64-win64/Data/Рамаяна 3. Словарь.txt
Бала	bala	Bala	onomasticon	inm,pui	2	SamudraManthanam/Index/lib/x86_64-win64/Data/Рамаяна 3. Словарь.txt|SamudraManthanam/Index/lib/x86_64-win64/Data/Словарь Гринцера из Рамаяны 1-2.txt
Бали	bali	Bali	onomasticon	inm,pui	2	SamudraManthanam/Index/lib/x86_64-win64/Data/Рамаяна 3. Словарь.txt|SamudraManthanam/Index/lib/x86_64-win64/Data/Словарь Гринцера из Рамаяны 1-2.txt
Брихадратха	bfhadraTa	Bṛhadratha	onomasticon	inm,pui	1	SamudraManthanam/Index/lib/x86_64-win64/Data/Словарь Гринцера из Рамаяны 1-2.txt
Брихаспати	bfhaspati	Bṛhaspati	onomasticon	inm,pui	2	SamudraManthanam/Index/lib/x86_64-win64/Data/Рамаяна 3. Словарь.txt|SamudraManthanam/Index/lib/x86_64-win64/Data/Словарь Гринцера из Рамаяны 1-2.txt
Бинду	bindu	Bindu	onomasticon	inm,pui	1	SamudraManthanam/Index/lib/x86_64-win64/Data/Словарь Гринцера из Рамаяны 1-2.txt
Брахма	brahmA	Brahmā	onomasticon	pui	2	SamudraManthanam/Index/lib/x86_64-win64/Data/Рамаяна 3. Словарь.txt|SamudraManthanam/Index/lib/x86_64-win64/Data/Словарь Гринцера из Рамаяны 1-2.txt
Брахмадатта	brahmadatta	Brahmadatta	onomasticon	inm,pui	1	SamudraManthanam/Index/lib/x86_64-win64/Data/Словарь Гринцера из Рамаяны 1-2.txt
Будха	buDa	Budha	onomasticon	inm,pui	2	SamudraManthanam/Index/lib/x86_64-win64/Data/Рамаяна 3. Словарь.txt|SamudraManthanam/Index/lib/x86_64-win64/Data/Словарь Гринцера из Рамаяны 1-2.txt
Будда	budDa	Buddha	onomasticon	pui	1	SamudraManthanam/Index/lib/x86_64-win64/Data/Словарь Гринцера из Рамаяны 1-2.txt
Чайтраратха	cEtraraTa	Caitraratha	onomasticon	inm,pui	2	SamudraManthanam/Index/lib/x86_64-win64/Data/Рамаяна 3. Словарь.txt|SamudraManthanam/Index/lib/x86_64-win64/Data/Словарь Гринцера из Рамаяны 1-2.txt
Чулин	cUlin	Cūlin	lexicon		1	SamudraManthanam/Index/lib/x86_64-win64/Data/Словарь Гринцера из Рамаяны 1-2.txt
Чандра	candra	Candra	onomasticon	inm,pui	1	SamudraManthanam/Index/lib/x86_64-win64/Data/Словарь Гринцера из Рамаяны 1-2.txt
Читракута	citrakUwa	Citrakūṭa	onomasticon	inm,pui	2	SamudraManthanam/Index/lib/x86_64-win64/Data/Рамаяна 3. Словарь.txt|SamudraManthanam/Index/lib/x86_64-win64/Data/Словарь Гринцера из Рамаяны 1-2.txt
Читраратха	citraraTa	Citraratha	onomasticon	inm,pui	2	SamudraManthanam/Index/lib/x86_64-win64/Data/Словарь Гринцера из Рамаяны 1-2.txt
Чьявана	cyavana	Cyavana	onomasticon	inm,pui	1	SamudraManthanam/Index/lib/x86_64-win64/Data/Словарь Гринцера из Рамаяны 1-2.txt
Диргхаюс	dIrGAyus	Dīrghāyus	onomasticon	inm	1	SamudraManthanam/Index/lib/x86_64-win64/Data/Словарь Гринцера из Рамаяны 1-2.txt
Милиус	dOer	Dauer	iast-witness-only		3	SamudraManthanam/Index/lib/x86_64-win64/Data/bhagavadgita-erman.html|SamudraManthanam/web/corpus_builder/jsonl/bhagavadgita-erman.jsonl
Душана	dUzaRa	Dūṣaṇa	onomasticon	inm,pui	2	SamudraManthanam/Index/lib/x86_64-win64/Data/Рамаяна 3. Словарь.txt|SamudraManthanam/Index/lib/x86_64-win64/Data/Словарь Гринцера из Рамаяны 1-2.txt
Дандака	daRqaka	Daṇḍaka	onomasticon	inm,pui	1	SamudraManthanam/Index/lib/x86_64-win64/Data/Словарь Гринцера из Рамаяны 1-2.txt
Дашагрива	daSagrIva	Daśagrīva	onomasticon	inm,pui	2	SamudraManthanam/Index/lib/x86_64-win64/Data/Рамаяна 3. Словарь.txt|SamudraManthanam/Index/lib/x86_64-win64/Data/Словарь Гринцера из Рамаяны 1-2.txt
Дашаратха	daSaraTa	Daśaratha	onomasticon	inm,pui	2	SamudraManthanam/Index/lib/x86_64-win64/Data/Рамаяна 3. Словарь.txt|SamudraManthanam/Index/lib/x86_64-win64/Data/Словарь Гринцера из Рамаяны 1-2.txt
Дакша	dakza	Dakṣa	onomasticon	inm,pui	2	SamudraManthanam/Index/lib/x86_64-win64/Data/Рамаяна 3. Словарь.txt|SamudraManthanam/Index/lib/x86_64-win64/Data/Словарь Гринцера из Рамаяны 1-2.txt
Дакшинапатха	dakziRApaTa	Dakṣiṇāpatha	onomasticon	inm,pui	1	SamudraManthanam/Index/lib/x86_64-win64/Data/Словарь Гринцера из Рамаяны 1-2.txt
Дану	danU	Danū	iast-witness-only		1	SamudraManthanam/Index/lib/x86_64-win64/Data/Рамаяна 3. Словарь.txt
Дандака	dandaka	Dandaka	iast-witness-only		1	SamudraManthanam/Index/lib/x86_64-win64/Data/Рамаяна 3. Словарь.txt
Дардура	dardura	Dardura	onomasticon	inm,pui	1	SamudraManthanam/Index/lib/x86_64-win64/Data/Словарь Гринцера из Рамаяны 1-2.txt
Девамидха	devamIQa	Devamīḍha	onomasticon	inm,pui	1	SamudraManthanam/Index/lib/x86_64-win64/Data/Словарь Гринцера из Рамаяны 1-2.txt
Деварата	devarAta	Devarāta	onomasticon	inm,pui	1	SamudraManthanam/Index/lib/x86_64-win64/Data/Словарь Гринцера из Рамаяны 1-2.txt
Дридханетра	dfQanetra	Dṛḍhanetra	lexicon		1	SamudraManthanam/Index/lib/x86_64-win64/Data/Словарь Гринцера из Рамаяны 1-2.txt
Дилипа	dilIpa	Dilīpa	onomasticon	inm,pui	1	SamudraManthanam/Index/lib/x86_64-win64/Data/Словарь Гринцера из Рамаяны 1-2.txt
Дити	diti	Diti	onomasticon	inm,pui	2	SamudraManthanam/Index/lib/x86_64-win64/Data/Рамаяна 3. Словарь.txt|SamudraManthanam/Index/lib/x86_64-win64/Data/Словарь Гринцера из Рамаяны 1-2.txt
Дравида	drAviqa	Drāviḍa	onomasticon	inm	1	SamudraManthanam/Index/lib/x86_64-win64/Data/Словарь Гринцера из Рамаяны 1-2.txt
Дундубхи	dunduBi	Dundubhi	onomasticon	inm,pui	2	SamudraManthanam/Index/lib/x86_64-win64/Data/Рамаяна 3. Словарь.txt|SamudraManthanam/Index/lib/x86_64-win64/Data/Словарь Гринцера из Рамаяны 1-2.txt
Двивида	dvivida	Dvivida	onomasticon	inm,pui	1	SamudraManthanam/Index/lib/x86_64-win64/Data/Словарь Гринцера из Рамаяны 1-2.txt
Дьюматсена	dyumatsena	Dyumatsena	onomasticon	inm,pui	1	SamudraManthanam/Index/lib/x86_64-win64/Data/Словарь Гринцера из Рамаяны 1-2.txt
Экасала	ekasAla	Ekasāla	lexicon		1	SamudraManthanam/Index/lib/x86_64-win64/Data/Словарь Гринцера из Рамаяны 1-2.txt
Ришьямука	fSyamUka	Ṛśyamūka	lexicon		1	SamudraManthanam/Index/lib/x86_64-win64/Data/Словарь Гринцера из Рамаяны 1-2.txt
Ричика	fcika	Ṛcika	iast-witness-only		1	SamudraManthanam/Index/lib/x86_64-win64/Data/Словарь Гринцера из Рамаяны 1-2.txt
Рикша	fkza	Ṛkṣa	onomasticon	inm,pui	1	SamudraManthanam/Index/lib/x86_64-win64/Data/Словарь Гринцера из Рамаяны 1-2.txt
Рикшараджас	fkzarajas	Ṛkṣarajas	iast-witness-only		1	SamudraManthanam/Index/lib/x86_64-win64/Data/Рамаяна 3. Словарь.txt
Рикшават	fkzavat	Ṛkṣavat	onomasticon	inm	1	SamudraManthanam/Index/lib/x86_64-win64/Data/Словарь Гринцера из Рамаяны 1-2.txt
Ришьяшринга	fzyASfNga	Ṛṣyāśṛṅga	iast-witness-only		1	SamudraManthanam/Index/lib/x86_64-win64/Data/Словарь Гринцера из Рамаяны 1-2.txt
Ришьямука	fzyamUka	Ṛṣyamūka	onomasticon	inm,pui	1	SamudraManthanam/Index/lib/x86_64-win64/Data/Рамаяна 3. Словарь.txt
Гадхи	gADi	Gādhi	onomasticon	inm,pui	1	SamudraManthanam/Index/lib/x86_64-win64/Data/Словарь Гринцера из Рамаяны 1-2.txt
Гаруда	gAruqa	Gāruḍa	onomasticon	inm	1	SamudraManthanam/Index/lib/x86_64-win64/Data/Словарь Гринцера из Рамаяны 1-2.txt
Гаятри	gAyatrI	Gāyatrī	onomasticon	inm,pui	1	SamudraManthanam/Index/lib/x86_64-win64/Data/Рамаяна 3. Словарь.txt
Гаутама	gOtama	Gautama	onomasticon	inm,pui	2	SamudraManthanam/Index/lib/x86_64-win64/Data/Рамаяна 3. Словарь.txt|SamudraManthanam/Index/lib/x86_64-win64/Data/Словарь Гринцера из Рамаяны 1-2.txt
Ганга	gaNgA	Gaṅgā	onomasticon	inm	2	SamudraManthanam/Index/lib/x86_64-win64/Data/Рамаяна 3. Словарь.txt|SamudraManthanam/Index/lib/x86_64-win64/Data/Словарь Гринцера из Рамаяны 1-2.txt
Гандхамадана	ganDamAdana	Gandhamādana	onomasticon	inm,pui	2	SamudraManthanam/Index/lib/x86_64-win64/Data/Словарь Гринцера из Рамаяны 1-2.txt
Гандхарви	ganDarvI	Gandharvī	onomasticon	inm	1	SamudraManthanam/Index/lib/x86_64-win64/Data/Рамаяна 3. Словарь.txt
Гаруда	garuqa	Garuḍa	onomasticon	inm,pui	1	SamudraManthanam/Index/lib/x86_64-win64/Data/Рамаяна 3. Словарь.txt
Гая	gaya	Gaya	onomasticon	inm,pui	2	SamudraManthanam/Index/lib/x86_64-win64/Data/Словарь Гринцера из Рамаяны 1-2.txt
Гиривраджа	girivraja	Girivraja	onomasticon	inm,pui	1	SamudraManthanam/Index/lib/x86_64-win64/Data/Словарь Гринцера из Рамаяны 1-2.txt
Годавари	godAvarI	Godāvarī	onomasticon	inm	1	SamudraManthanam/Index/lib/x86_64-win64/Data/Рамаяна 3. Словарь.txt
Гокарна	gokarRa	Gokarṇa	onomasticon	inm,pui	1	SamudraManthanam/Index/lib/x86_64-win64/Data/Словарь Гринцера из Рамаяны 1-2.txt
Гомати	gomatI	Gomatī	onomasticon	inm,pui	1	SamudraManthanam/Index/lib/x86_64-win64/Data/Словарь Гринцера из Рамаяны 1-2.txt
Гопа	gopa	Gopa	onomasticon	inm,pui	1	SamudraManthanam/Index/lib/x86_64-win64/Data/Словарь Гринцера из Рамаяны 1-2.txt
Гуха	guha	Guha	onomasticon	inm,pui	1	SamudraManthanam/Index/lib/x86_64-win64/Data/Словарь Гринцера из Рамаяны 1-2.txt
Хастинапура	hAstinapura	Hāstinapura	onomasticon	inm	1	SamudraManthanam/Index/lib/x86_64-win64/Data/Словарь Гринцера из Рамаяны 1-2.txt
Хаха	hahA	Hahā	onomasticon	pui	1	SamudraManthanam/Index/lib/x86_64-win64/Data/Словарь Гринцера из Рамаяны 1-2.txt
Хануман	hanumAn	Hanumān	onomasticon	pui	1	SamudraManthanam/Index/lib/x86_64-win64/Data/Словарь Гринцера из Рамаяны 1-2.txt
Хари	harI	Harī	onomasticon	inm	1	SamudraManthanam/Index/lib/x86_64-win64/Data/Рамаяна 3. Словарь.txt
Хара	hara	Hara	onomasticon	inm,pui	2	SamudraManthanam/Index/lib/x86_64-win64/Data/Рамаяна 3. Словарь.txt|SamudraManthanam/Index/lib/x86_64-win64/Data/Словарь Гринцера из Рамаяны 1-2.txt
Хари	hari	Hari	onomasticon	inm,pui	1	SamudraManthanam/Index/lib/x86_64-win64/Data/Словарь Гринцера из Рамаяны 1-2.txt
Харьяшва	haryaSva	Haryaśva	onomasticon	inm,pui	1	SamudraManthanam/Index/lib/x86_64-win64/Data/Словарь Гринцера из Рамаяны 1-2.txt
Хавишпанда	havizpanda	Haviṣpanda	iast-witness-only		1	SamudraManthanam/Index/lib/x86_64-win64/Data/Словарь Гринцера из Рамаяны 1-2.txt
Хема	hemA	Hemā	onomasticon	inm,pui	1	SamudraManthanam/Index/lib/x86_64-win64/Data/Словарь Гринцера из Рамаяны 1-2.txt
Хемачандра	hemacandra	Hemacandra	onomasticon	pui	1	SamudraManthanam/Index/lib/x86_64-win64/Data/Словарь Гринцера из Рамаяны 1-2.txt
Хришикеша	hfzIkeSa	Hṛṣīkeśa	onomasticon	inm,pui	1	SamudraManthanam/Index/lib/x86_64-win64/Data/Словарь Гринцера из Рамаяны 1-2.txt
Химават	himavat	Himavat	onomasticon	inm	2	SamudraManthanam/Index/lib/x86_64-win64/Data/Рамаяна 3. Словарь.txt|SamudraManthanam/Index/lib/x86_64-win64/Data/Словарь Гринцера из Рамаяны 1-2.txt
Хладини	hlAdinI	Hlādinī	onomasticon	pui	1	SamudraManthanam/Index/lib/x86_64-win64/Data/Словарь Гринцера из Рамаяны 1-2.txt
Хри	hrI	Hrī	onomasticon	inm,pui	1	SamudraManthanam/Index/lib/x86_64-win64/Data/Рамаяна 3. Словарь.txt
Храсвароман	hrasvaroman	Hrasvaroman	onomasticon	pui	1	SamudraManthanam/Index/lib/x86_64-win64/Data/Словарь Гринцера из Рамаяны 1-2.txt
Хуху	huhU	Huhū	lexicon		1	SamudraManthanam/Index/lib/x86_64-win64/Data/Словарь Гринцера из Рамаяны 1-2.txt
Икшумати	ikzumatI	Ikṣumatī	onomasticon	inm,pui	1	SamudraManthanam/Index/lib/x86_64-win64/Data/Словарь Гринцера из Рамаяны 1-2.txt
Икшваку	ikzvAku	Ikṣvāku	onomasticon	inm,pui	2	SamudraManthanam/Index/lib/x86_64-win64/Data/Рамаяна 3. Словарь.txt|SamudraManthanam/Index/lib/x86_64-win64/Data/Словарь Гринцера из Рамаяны 1-2.txt
Илвала	ilvala	Ilvala	onomasticon	inm,pui	1	SamudraManthanam/Index/lib/x86_64-win64/Data/Рамаяна 3. Словарь.txt
Индра	indra	Indra	onomasticon	inm,pui	2	SamudraManthanam/Index/lib/x86_64-win64/Data/Рамаяна 3. Словарь.txt|SamudraManthanam/Index/lib/x86_64-win64/Data/Словарь Гринцера из Рамаяны 1-2.txt
Индраджит	indrajit	Indrajit	onomasticon	inm,pui	1	SamudraManthanam/Index/lib/x86_64-win64/Data/Словарь Гринцера из Рамаяны 1-2.txt
Иравати	irAvatI	Irāvatī	onomasticon	inm,pui	1	SamudraManthanam/Index/lib/x86_64-win64/Data/Рамаяна 3. Словарь.txt
Джабали	jAbAli	Jābāli	onomasticon	inm,pui	1	SamudraManthanam/Index/lib/x86_64-win64/Data/Словарь Гринцера из Рамаяны 1-2.txt
Джахнави	jAhnavI	Jāhnavī	onomasticon	inm,pui	1	SamudraManthanam/Index/lib/x86_64-win64/Data/Словарь Гринцера из Рамаяны 1-2.txt
Джамбават	jAmbavat	Jāmbavat	onomasticon	inm	1	SamudraManthanam/Index/lib/x86_64-win64/Data/Словарь Гринцера из Рамаяны 1-2.txt
Джахну	jahnu	Jahnu	onomasticon	inm,pui	1	SamudraManthanam/Index/lib/x86_64-win64/Data/Словарь Гринцера из Рамаяны 1-2.txt
Джамбха	jamBa	Jambha	onomasticon	inm,pui	1	SamudraManthanam/Index/lib/x86_64-win64/Data/Словарь Гринцера из Рамаяны 1-2.txt
Джамадагни	jamadagni	Jamadagni	onomasticon	inm,pui	1	SamudraManthanam/Index/lib/x86_64-win64/Data/Словарь Гринцера из Рамаяны 1-2.txt
Джамбудвипа	jambUdvIpa	Jambūdvīpa	onomasticon	inm,pui	1	SamudraManthanam/Index/lib/x86_64-win64/Data/Словарь Гринцера из Рамаяны 1-2.txt
Джанардана	janArdana	Janārdana	onomasticon	inm,pui	1	SamudraManthanam/Index/lib/x86_64-win64/Data/Словарь Гринцера из Рамаяны 1-2.txt
Джанака	janaka	Janaka	onomasticon	inm,pui	3	SamudraManthanam/Index/lib/x86_64-win64/Data/Рамаяна 3. Словарь.txt|SamudraManthanam/Index/lib/x86_64-win64/Data/Словарь Гринцера из Рамаяны 1-2.txt
Джанамеджая	janamejaya	Janamejaya	onomasticon	inm,pui	1	SamudraManthanam/Index/lib/x86_64-win64/Data/Словарь Гринцера из Рамаяны 1-2.txt
Джанастхана	janasTAna	Janasthāna	onomasticon	inm,pui	2	SamudraManthanam/Index/lib/x86_64-win64/Data/Рамаяна 3. Словарь.txt|SamudraManthanam/Index/lib/x86_64-win64/Data/Словарь Гринцера из Рамаяны 1-2.txt
Джатаюс	jatAyus	Jatāyus	iast-witness-only		1	SamudraManthanam/Index/lib/x86_64-win64/Data/Рамаяна 3. Словарь.txt
Джава	java	Java	lexicon		1	SamudraManthanam/Index/lib/x86_64-win64/Data/Рамаяна 3. Словарь.txt
Джатаюс	jawAyus	Jaṭāyus	lexicon		1	SamudraManthanam/Index/lib/x86_64-win64/Data/Словарь Гринцера из Рамаяны 1-2.txt
Джая	jayA	Jayā	onomasticon	inm,pui	1	SamudraManthanam/Index/lib/x86_64-win64/Data/Словарь Гринцера из Рамаяны 1-2.txt
Джаянта	jayanta	Jayanta	onomasticon	inm,pui	1	SamudraManthanam/Index/lib/x86_64-win64/Data/Словарь Гринцера из Рамаяны 1-2.txt
Каши	kASi	Kāśi	onomasticon	inm,pui	1	SamudraManthanam/Index/lib/x86_64-win64/Data/Словарь Гринцера из Рамаяны 1-2.txt
Кашьяпа	kASyapa	Kāśyapa	onomasticon	inm,pui	1	SamudraManthanam/Index/lib/x86_64-win64/Data/Словарь Гринцера из Рамаяны 1-2.txt
Катха	kAWa	Kāṭha	lexicon		1	SamudraManthanam/Index/lib/x86_64-win64/Data/Словарь Гринцера из Рамаяны 1-2.txt
Какутстха	kAkutsTa	Kākutstha	onomasticon	inm	1	SamudraManthanam/Index/lib/x86_64-win64/Data/Словарь Гринцера из Рамаяны 1-2.txt
Калапа	kAlApa	Kālāpa	lexicon		1	SamudraManthanam/Index/lib/x86_64-win64/Data/Словарь Гринцера из Рамаяны 1-2.txt
Кала	kAla	Kāla	onomasticon	inm,pui	2	SamudraManthanam/Index/lib/x86_64-win64/Data/Рамаяна 3. Словарь.txt|SamudraManthanam/Index/lib/x86_64-win64/Data/Словарь Гринцера из Рамаяны 1-2.txt
Калака	kAlaka	Kālaka	onomasticon	pui	1	SamudraManthanam/Index/lib/x86_64-win64/Data/Рамаяна 3. Словарь.txt
Калинди	kAlindI	Kālindī	onomasticon	inm,pui	2	SamudraManthanam/Index/lib/x86_64-win64/Data/Словарь Гринцера из Рамаяны 1-2.txt
Кама	kAma	Kāma	onomasticon	inm,pui	1	SamudraManthanam/Index/lib/x86_64-win64/Data/Словарь Гринцера из Рамаяны 1-2.txt
Кампилья	kAmpilya	Kāmpilya	onomasticon	inm,pui	1	SamudraManthanam/Index/lib/x86_64-win64/Data/Словарь Гринцера из Рамаяны 1-2.txt
Карттикея	kArtikeya	Kārtikeya	iast-witness-only		1	SamudraManthanam/Index/lib/x86_64-win64/Data/Словарь Гринцера из Рамаяны 1-2.txt
Катьяяна	kAtyAyana	Kātyāyana	onomasticon	pui	1	SamudraManthanam/Index/lib/x86_64-win64/Data/Словарь Гринцера из Рамаяны 1-2.txt
Кавья	kAvya	Kāvya	onomasticon	inm,pui	1	SamudraManthanam/Index/lib/x86_64-win64/Data/Словарь Гринцера из Рамаяны 1-2.txt
Кайкейи	kEkeyI	Kaikeyī	onomasticon	inm,pui	2	SamudraManthanam/Index/lib/x86_64-win64/Data/Рамаяна 3. Словарь.txt|SamudraManthanam/Index/lib/x86_64-win64/Data/Словарь Гринцера из Рамаяны 1-2.txt
Кайласа	kElAsa	Kailāsa	onomasticon	inm,pui	2	SamudraManthanam/Index/lib/x86_64-win64/Data/Рамаяна 3. Словарь.txt|SamudraManthanam/Index/lib/x86_64-win64/Data/Словарь Гринцера из Рамаяны 1-2.txt
Кирти	kIrti	Kīrti	onomasticon	inm,pui	1	SamudraManthanam/Index/lib/x86_64-win64/Data/Рамаяна 3. Словарь.txt
Киртирата	kIrtirAta	Kīrtirāta	onomasticon	pui	1	SamudraManthanam/Index/lib/x86_64-win64/Data/Словарь Гринцера из Рамаяны 1-2.txt
Киртиратха	kIrtiraTa	Kīrtiratha	onomasticon	pui	1	SamudraManthanam/Index/lib/x86_64-win64/Data/Словарь Гринцера из Рамаяны 1-2.txt
Каушамби	kOSambI	Kauśambī	iast-witness-only		1	SamudraManthanam/Index/lib/x86_64-win64/Data/Словарь Гринцера из Рамаяны 1-2.txt
Каушики	kOSikI	Kauśikī	onomasticon	inm,pui	1	SamudraManthanam/Index/lib/x86_64-win64/Data/Словарь Гринцера из Рамаяны 1-2.txt
Каушика	kOSika	Kauśika	onomasticon	inm,pui	1	SamudraManthanam/Index/lib/x86_64-win64/Data/Словарь Гринцера из Рамаяны 1-2.txt
Каушалья	kOsalyA	Kausalyā	onomasticon	inm	1	SamudraManthanam/Index/lib/x86_64-win64/Data/Словарь Гринцера из Рамаяны 1-2.txt
Кришна	kRzRa	Kṇṣṇa	iast-witness-only		1	SamudraManthanam/Index/lib/x86_64-win64/Data/Словарь Гринцера из Рамаяны 1-2.txt
Канду	kaRqu	Kaṇḍu	onomasticon	pui	1	SamudraManthanam/Index/lib/x86_64-win64/Data/Словарь Гринцера из Рамаяны 1-2.txt
Кашьяпа	kaSyapa	Kaśyapa	onomasticon	pui	2	SamudraManthanam/Index/lib/x86_64-win64/Data/Рамаяна 3. Словарь.txt|SamudraManthanam/Index/lib/x86_64-win64/Data/Словарь Гринцера из Рамаяны 1-2.txt
Кабандха	kabanDa	Kabandha	onomasticon	inm,pui	2	SamudraManthanam/Index/lib/x86_64-win64/Data/Рамаяна 3. Словарь.txt|SamudraManthanam/Index/lib/x86_64-win64/Data/Словарь Гринцера из Рамаяны 1-2.txt
Кадру	kadrU	Kadrū	onomasticon	inm,pui	1	SamudraManthanam/Index/lib/x86_64-win64/Data/Рамаяна 3. Словарь.txt
Какутстха	kakutsTa	Kakutstha	onomasticon	inm,pui	2	SamudraManthanam/Index/lib/x86_64-win64/Data/Рамаяна 3. Словарь.txt|SamudraManthanam/Index/lib/x86_64-win64/Data/Словарь Гринцера из Рамаяны 1-2.txt
Калака	kalakA	Kalakā	iast-witness-only		1	SamudraManthanam/Index/lib/x86_64-win64/Data/Рамаяна 3. Словарь.txt
Калинганагара	kaliNganagara	Kaliṅganagara	iast-witness-only		1	SamudraManthanam/Index/lib/x86_64-win64/Data/Словарь Гринцера из Рамаяны 1-2.txt
Калмашапада	kalmAzapAda	Kalmāṣapāda	onomasticon	inm,pui	1	SamudraManthanam/Index/lib/x86_64-win64/Data/Словарь Гринцера из Рамаяны 1-2.txt
Камбоджа	kamboja	Kamboja	onomasticon	pui	1	SamudraManthanam/Index/lib/x86_64-win64/Data/Словарь Гринцера из Рамаяны 1-2.txt
Кандарпа	kandarpa	Kandarpa	onomasticon	inm,pui	2	SamudraManthanam/Index/lib/x86_64-win64/Data/Рамаяна 3. Словарь.txt|SamudraManthanam/Index/lib/x86_64-win64/Data/Словарь Гринцера из Рамаяны 1-2.txt
Капивати	kapIvatI	Kapīvatī	lexicon		1	SamudraManthanam/Index/lib/x86_64-win64/Data/Словарь Гринцера из Рамаяны 1-2.txt
Капила	kapila	Kapila	onomasticon	inm,pui	1	SamudraManthanam/Index/lib/x86_64-win64/Data/Словарь Гринцера из Рамаяны 1-2.txt
Каруша	karUza	Karūṣa	onomasticon	inm,pui	1	SamudraManthanam/Index/lib/x86_64-win64/Data/Словарь Гринцера из Рамаяны 1-2.txt
Кардама	kardama	Kardama	onomasticon	inm,pui	1	SamudraManthanam/Index/lib/x86_64-win64/Data/Рамаяна 3. Словарь.txt
Кешава	keSava	Keśava	onomasticon	inm,pui	1	SamudraManthanam/Index/lib/x86_64-win64/Data/Словарь Гринцера из Рамаяны 1-2.txt
Кешини	keSinI	Keśinī	onomasticon	inm,pui	1	SamudraManthanam/Index/lib/x86_64-win64/Data/Словарь Гринцера из Рамаяны 1-2.txt
Кекая	kekaya	Kekaya	onomasticon	inm,pui	1	SamudraManthanam/Index/lib/x86_64-win64/Data/Словарь Гринцера из Рамаяны 1-2.txt
Кришашва	kfSASva	Kṛśāśva	onomasticon	inm,pui	1	SamudraManthanam/Index/lib/x86_64-win64/Data/Словарь Гринцера из Рамаяны 1-2.txt
Криттики	kfttikAs	Kṛttikās	iast-witness-only		1	SamudraManthanam/Index/lib/x86_64-win64/Data/Словарь Гринцера из Рамаяны 1-2.txt
Кишкиндха	kizkinDA	Kiṣkindhā	onomasticon	inm,pui	1	SamudraManthanam/Index/lib/x86_64-win64/Data/Словарь Гринцера из Рамаяны 1-2.txt
Кошала	kosala	Kosala	onomasticon	inm	1	SamudraManthanam/Index/lib/x86_64-win64/Data/Словарь Гринцера из Рамаяны 1-2.txt
Краунчи	krOYcI	Krauñcī	onomasticon	pui	1	SamudraManthanam/Index/lib/x86_64-win64/Data/Рамаяна 3. Словарь.txt
Краунча	krOYca	Krauñca	onomasticon	inm,pui	1	SamudraManthanam/Index/lib/x86_64-win64/Data/Рамаяна 3. Словарь.txt
Крату	kratu	Kratu	onomasticon	inm,pui	1	SamudraManthanam/Index/lib/x86_64-win64/Data/Рамаяна 3. Словарь.txt
Кродхаваша	kroDavaSA	Krodhavaśā	onomasticon	inm,pui	1	SamudraManthanam/Index/lib/x86_64-win64/Data/Рамаяна 3. Словарь.txt
Кушашва	kuSASva	Kuśāśva	onomasticon	pui	1	SamudraManthanam/Index/lib/x86_64-win64/Data/Словарь Гринцера из Рамаяны 1-2.txt
Кушамба	kuSAmba	Kuśāmba	onomasticon	inm,pui	1	SamudraManthanam/Index/lib/x86_64-win64/Data/Словарь Гринцера из Рамаяны 1-2.txt
Куша	kuSa	Kuśa	onomasticon	pui	2	SamudraManthanam/Index/lib/x86_64-win64/Data/Словарь Гринцера из Рамаяны 1-2.txt
Кушадхваджа	kuSaDvaja	Kuśadhvaja	onomasticon	pui	1	SamudraManthanam/Index/lib/x86_64-win64/Data/Словарь Гринцера из Рамаяны 1-2.txt
Кушанабха	kuSanABa	Kuśanābha	onomasticon	pui	1	SamudraManthanam/Index/lib/x86_64-win64/Data/Словарь Гринцера из Рамаяны 1-2.txt
Кушаплава	kuSaplava	Kuśaplava	lexicon		1	SamudraManthanam/Index/lib/x86_64-win64/Data/Словарь Гринцера из Рамаяны 1-2.txt
Кубера	kubera	Kubera	onomasticon	inm,pui	2	SamudraManthanam/Index/lib/x86_64-win64/Data/Рамаяна 3. Словарь.txt|SamudraManthanam/Index/lib/x86_64-win64/Data/Словарь Гринцера из Рамаяны 1-2.txt
Кукши	kukzi	Kukṣi	onomasticon	inm,pui	1	SamudraManthanam/Index/lib/x86_64-win64/Data/Словарь Гринцера из Рамаяны 1-2.txt
Кулинга	kuliNga	Kuliṅga	onomasticon	inm	1	SamudraManthanam/Index/lib/x86_64-win64/Data/Словарь Гринцера из Рамаяны 1-2.txt
Кумара	kumAra	Kumāra	onomasticon	inm,pui	1	SamudraManthanam/Index/lib/x86_64-win64/Data/Словарь Гринцера из Рамаяны 1-2.txt
Кумбхакарна	kumBakarRa	Kumbhakarṇa	onomasticon	inm,pui	2	SamudraManthanam/Index/lib/x86_64-win64/Data/Рамаяна 3. Словарь.txt|SamudraManthanam/Index/lib/x86_64-win64/Data/Словарь Гринцера из Рамаяны 1-2.txt
Куру	kuru	Kuru	onomasticon	inm,pui	1	SamudraManthanam/Index/lib/x86_64-win64/Data/Словарь Гринцера из Рамаяны 1-2.txt
Куруджангала	kurujANgala	Kurujāṅgala	onomasticon	inm,pui	1	SamudraManthanam/Index/lib/x86_64-win64/Data/Словарь Гринцера из Рамаяны 1-2.txt
Ланка	laNkA	Laṅkā	onomasticon	inm,pui	2	SamudraManthanam/Index/lib/x86_64-win64/Data/Рамаяна 3. Словарь.txt|SamudraManthanam/Index/lib/x86_64-win64/Data/Словарь Гринцера из Рамаяны 1-2.txt
Лакшмана	lakzmaRa	Lakṣmaṇa	onomasticon	inm,pui	2	SamudraManthanam/Index/lib/x86_64-win64/Data/Рамаяна 3. Словарь.txt|SamudraManthanam/Index/lib/x86_64-win64/Data/Словарь Гринцера из Рамаяны 1-2.txt
Лава	lava	Lava	onomasticon	pui	1	SamudraManthanam/Index/lib/x86_64-win64/Data/Словарь Гринцера из Рамаяны 1-2.txt
Лохитанга	lohitANga	Lohitāṅga	onomasticon	inm	1	SamudraManthanam/Index/lib/x86_64-win64/Data/Рамаяна 3. Словарь.txt
Мандакарни	mARqakarRi	Māṇḍakarṇi	lexicon		1	SamudraManthanam/Index/lib/x86_64-win64/Data/Рамаяна 3. Словарь.txt
Мандави	mARqavI	Māṇḍavī	onomasticon	pui	1	SamudraManthanam/Index/lib/x86_64-win64/Data/Словарь Гринцера из Рамаяны 1-2.txt
Малини	mAlinI	Mālinī	onomasticon	inm,pui	1	SamudraManthanam/Index/lib/x86_64-win64/Data/Словарь Гринцера из Рамаяны 1-2.txt
Мандхатар	mAnDAtf	Māndhātṛ	onomasticon	inm	1	SamudraManthanam/Index/lib/x86_64-win64/Data/Словарь Гринцера из Рамаяны 1-2.txt
Манаса	mAnasa	Mānasa	onomasticon	inm,pui	1	SamudraManthanam/Index/lib/x86_64-win64/Data/Словарь Гринцера из Рамаяны 1-2.txt
Марича	mArIca	Mārīca	onomasticon	inm,pui	2	SamudraManthanam/Index/lib/x86_64-win64/Data/Рамаяна 3. Словарь.txt|SamudraManthanam/Index/lib/x86_64-win64/Data/Словарь Гринцера из Рамаяны 1-2.txt
Маркандея	mArkaRqeya	Mārkaṇḍeya	onomasticon	inm,pui	1	SamudraManthanam/Index/lib/x86_64-win64/Data/Словарь Гринцера из Рамаяны 1-2.txt
Марута	mAruta	Māruta	onomasticon	inm,pui	1	SamudraManthanam/Index/lib/x86_64-win64/Data/Словарь Гринцера из Рамаяны 1-2.txt
Матанги	mAtaNgI	Mātaṅgī	onomasticon	inm	1	SamudraManthanam/Index/lib/x86_64-win64/Data/Рамаяна 3. Словарь.txt
Матали	mAtali	Mātali	onomasticon	inm,pui	1	SamudraManthanam/Index/lib/x86_64-win64/Data/Словарь Гринцера из Рамаяны 1-2.txt
Майтхили	mETilI	Maithilī	onomasticon	inm	1	SamudraManthanam/Index/lib/x86_64-win64/Data/Рамаяна 3. Словарь.txt
Майнака	mEnAka	Maināka	onomasticon	inm,pui	1	SamudraManthanam/Index/lib/x86_64-win64/Data/Словарь Гринцера из Рамаяны 1-2.txt
Майнда	mEnda	Mainda	onomasticon	inm,pui	1	SamudraManthanam/Index/lib/x86_64-win64/Data/Словарь Гринцера из Рамаяны 1-2.txt
Маудгалья	mOdgalya	Maudgalya	onomasticon	inm,pui	1	SamudraManthanam/Index/lib/x86_64-win64/Data/Словарь Гринцера из Рамаяны 1-2.txt
Мадху	maDu	Madhu	onomasticon	inm,pui	1	SamudraManthanam/Index/lib/x86_64-win64/Data/Словарь Гринцера из Рамаяны 1-2.txt
Мадхусудана	maDusUdana	Madhusūdana	onomasticon	inm,pui	1	SamudraManthanam/Index/lib/x86_64-win64/Data/Словарь Гринцера из Рамаяны 1-2.txt
Мадхушпанда	maDuzpanda	Madhuṣpanda	lexicon		1	SamudraManthanam/Index/lib/x86_64-win64/Data/Словарь Гринцера из Рамаяны 1-2.txt
Магхаван	maGavan	Maghavan	onomasticon	inm	2	SamudraManthanam/Index/lib/x86_64-win64/Data/Рамаяна 3. Словарь.txt|SamudraManthanam/Index/lib/x86_64-win64/Data/Словарь Гринцера из Рамаяны 1-2.txt
Мадана	madana	Madana	onomasticon	inm,pui	1	SamudraManthanam/Index/lib/x86_64-win64/Data/Словарь Гринцера из Рамаяны 1-2.txt
Магадха	magaDa	Magadha	onomasticon	inm,pui	1	SamudraManthanam/Index/lib/x86_64-win64/Data/Словарь Гринцера из Рамаяны 1-2.txt
Махадева	mahAdeva	Mahādeva	onomasticon	inm,pui	2	SamudraManthanam/Index/lib/x86_64-win64/Data/Рамаяна 3. Словарь.txt|SamudraManthanam/Index/lib/x86_64-win64/Data/Словарь Гринцера из Рамаяны 1-2.txt
Махакапала	mahAkapAla	Mahākapāla	lexicon		1	SamudraManthanam/Index/lib/x86_64-win64/Data/Рамаяна 3. Словарь.txt
Махападма	mahApadma	Mahāpadma	onomasticon	inm,pui	1	SamudraManthanam/Index/lib/x86_64-win64/Data/Словарь Гринцера из Рамаяны 1-2.txt
Махаратха	mahAraTa	Mahāratha	onomasticon	inm,pui	1	SamudraManthanam/Index/lib/x86_64-win64/Data/Словарь Гринцера из Рамаяны 1-2.txt
Махароман	mahAroman	Mahāroman	onomasticon	pui	1	SamudraManthanam/Index/lib/x86_64-win64/Data/Словарь Гринцера из Рамаяны 1-2.txt
Махавира	mahAvIra	Mahāvīra	onomasticon	inm,pui	1	SamudraManthanam/Index/lib/x86_64-win64/Data/Словарь Гринцера из Рамаяны 1-2.txt
Махидхрака	mahIDraka	Mahīdhraka	lexicon		1	SamudraManthanam/Index/lib/x86_64-win64/Data/Словарь Гринцера из Рамаяны 1-2.txt
Махешвара	maheSvara	Maheśvara	onomasticon	inm,pui	1	SamudraManthanam/Index/lib/x86_64-win64/Data/Словарь Гринцера из Рамаяны 1-2.txt
Махендра	mahendra	Mahendra	onomasticon	inm,pui	2	SamudraManthanam/Index/lib/x86_64-win64/Data/Рамаяна 3. Словарь.txt|SamudraManthanam/Index/lib/x86_64-win64/Data/Словарь Гринцера из Рамаяны 1-2.txt
Маходая	mahodaya	Mahodaya	onomasticon	inm	1	SamudraManthanam/Index/lib/x86_64-win64/Data/Словарь Гринцера из Рамаяны 1-2.txt
Малада	malada	Malada	onomasticon	inm,pui	1	SamudraManthanam/Index/lib/x86_64-win64/Data/Словарь Гринцера из Рамаяны 1-2.txt
Малая	malaya	Malaya	onomasticon	inm,pui	1	SamudraManthanam/Index/lib/x86_64-win64/Data/Словарь Гринцера из Рамаяны 1-2.txt
Мантхара	manTarA	Mantharā	onomasticon	inm	2	SamudraManthanam/Index/lib/x86_64-win64/Data/Словарь Гринцера из Рамаяны 1-2.txt
Мандакини	mandAkinI	Mandākinī	onomasticon	inm,pui	2	SamudraManthanam/Index/lib/x86_64-win64/Data/Рамаяна 3. Словарь.txt|SamudraManthanam/Index/lib/x86_64-win64/Data/Словарь Гринцера из Рамаяны 1-2.txt
Мандара	mandara	Mandara	onomasticon	inm,pui	2	SamudraManthanam/Index/lib/x86_64-win64/Data/Рамаяна 3. Словарь.txt|SamudraManthanam/Index/lib/x86_64-win64/Data/Словарь Гринцера из Рамаяны 1-2.txt
Манматха	manmaTa	Manmatha	onomasticon	inm,pui	2	SamudraManthanam/Index/lib/x86_64-win64/Data/Рамаяна 3. Словарь.txt|SamudraManthanam/Index/lib/x86_64-win64/Data/Словарь Гринцера из Рамаяны 1-2.txt
Ману	manu	Manu	onomasticon	inm,pui	2	SamudraManthanam/Index/lib/x86_64-win64/Data/Рамаяна 3. Словарь.txt|SamudraManthanam/Index/lib/x86_64-win64/Data/Словарь Гринцера из Рамаяны 1-2.txt
Маричи	marIci	Marīci	onomasticon	inm,pui	2	SamudraManthanam/Index/lib/x86_64-win64/Data/Рамаяна 3. Словарь.txt|SamudraManthanam/Index/lib/x86_64-win64/Data/Словарь Гринцера из Рамаяны 1-2.txt
Мару	maru	Maru	onomasticon	inm,pui	2	SamudraManthanam/Index/lib/x86_64-win64/Data/Словарь Гринцера из Рамаяны 1-2.txt
Матангашрама	mataNgASrama	Mataṅgāśrama	iast-witness-only		1	SamudraManthanam/Index/lib/x86_64-win64/Data/Рамаяна 3. Словарь.txt
Матанги	mataNga	Mataṅga	onomasticon	inm,pui	1	SamudraManthanam/Index/lib/x86_64-win64/Data/Рамаяна 3. Словарь.txt
Матсья	matsya	Matsya	onomasticon	inm,pui	1	SamudraManthanam/Index/lib/x86_64-win64/Data/Словарь Гринцера из Рамаяны 1-2.txt
Мегханада	meGanAda	Meghanāda	onomasticon	inm,pui	1	SamudraManthanam/Index/lib/x86_64-win64/Data/Словарь Гринцера из Рамаяны 1-2.txt
Мена	menA	Menā	onomasticon	inm,pui	1	SamudraManthanam/Index/lib/x86_64-win64/Data/Словарь Гринцера из Рамаяны 1-2.txt
Менака	menakA	Menakā	onomasticon	inm,pui	1	SamudraManthanam/Index/lib/x86_64-win64/Data/Словарь Гринцера из Рамаяны 1-2.txt
Меру	meru	Meru	onomasticon	inm,pui	2	SamudraManthanam/Index/lib/x86_64-win64/Data/Рамаяна 3. Словарь.txt|SamudraManthanam/Index/lib/x86_64-win64/Data/Словарь Гринцера из Рамаяны 1-2.txt
Мрига	mfgA	Mṛgā	onomasticon	pui	1	SamudraManthanam/Index/lib/x86_64-win64/Data/Рамаяна 3. Словарь.txt
Мишракеши	miSrakeSI	Miśrakeśī	onomasticon	pui	1	SamudraManthanam/Index/lib/x86_64-win64/Data/Словарь Гринцера из Рамаяны 1-2.txt
Митхи	miTi	Mithi	onomasticon	pui	1	SamudraManthanam/Index/lib/x86_64-win64/Data/Словарь Гринцера из Рамаяны 1-2.txt
Митхила	miTilA	Mithilā	onomasticon	inm,pui	2	SamudraManthanam/Index/lib/x86_64-win64/Data/Рамаяна 3. Словарь.txt|SamudraManthanam/Index/lib/x86_64-win64/Data/Словарь Гринцера из Рамаяны 1-2.txt
Мохини	mohinI	Mohinī	onomasticon	pui	1	SamudraManthanam/Index/lib/x86_64-win64/Data/Словарь Гринцера из Рамаяны 1-2.txt
Мршаманда	mrgamandA	Mrgamandā	iast-witness-only		1	SamudraManthanam/Index/lib/x86_64-win64/Data/Рамаяна 3. Словарь.txt
Набхага	nABAga	Nābhāga	onomasticon	inm,pui	1	SamudraManthanam/Index/lib/x86_64-win64/Data/Словарь Гринцера из Рамаяны 1-2.txt
Нагадатта	nAgadattA	Nāgadattā	iast-witness-only		1	SamudraManthanam/Index/lib/x86_64-win64/Data/Словарь Гринцера из Рамаяны 1-2.txt
Нараяна	nArAyaRa	Nārāyaṇa	onomasticon	inm,pui	1	SamudraManthanam/Index/lib/x86_64-win64/Data/Словарь Гринцера из Рамаяны 1-2.txt
Нарада	nArada	Nārada	onomasticon	inm,pui	1	SamudraManthanam/Index/lib/x86_64-win64/Data/Словарь Гринцера из Рамаяны 1-2.txt
Нила	nIla	Nīla	onomasticon	inm,pui	1	SamudraManthanam/Index/lib/x86_64-win64/Data/Словарь Гринцера из Рамаяны 1-2.txt
Нахуша	nahuza	Nahuṣa	onomasticon	inm,pui	2	SamudraManthanam/Index/lib/x86_64-win64/Data/Рамаяна 3. Словарь.txt|SamudraManthanam/Index/lib/x86_64-win64/Data/Словарь Гринцера из Рамаяны 1-2.txt
Нала	nala	Nala	onomasticon	inm,pui	1	SamudraManthanam/Index/lib/x86_64-win64/Data/Словарь Гринцера из Рамаяны 1-2.txt
Налини	nalinI	Nalinī	onomasticon	inm,pui	1	SamudraManthanam/Index/lib/x86_64-win64/Data/Словарь Гринцера из Рамаяны 1-2.txt
Намучи	namuci	Namuci	onomasticon	inm,pui	1	SamudraManthanam/Index/lib/x86_64-win64/Data/Рамаяна 3. Словарь.txt
Нандана	nandana	Nandana	onomasticon	inm,pui	2	SamudraManthanam/Index/lib/x86_64-win64/Data/Рамаяна 3. Словарь.txt|SamudraManthanam/Index/lib/x86_64-win64/Data/Словарь Гринцера из Рамаяны 1-2.txt
Нандиграма	nandigrAma	Nandigrāma	onomasticon	inm,pui	1	SamudraManthanam/Index/lib/x86_64-win64/Data/Словарь Гринцера из Рамаяны 1-2.txt
Нандин	nandin	Nandin	onomasticon	inm	1	SamudraManthanam/Index/lib/x86_64-win64/Data/Рамаяна 3. Словарь.txt
Нандивардхана	nandivarDana	Nandivardhana	onomasticon	inm,pui	1	SamudraManthanam/Index/lib/x86_64-win64/Data/Словарь Гринцера из Рамаяны 1-2.txt
Нарака	naraka	Naraka	onomasticon	inm,pui	1	SamudraManthanam/Index/lib/x86_64-win64/Data/Рамаяна 3. Словарь.txt
Наравахана	naravAhana	Naravāhana	onomasticon	inm,pui	1	SamudraManthanam/Index/lib/x86_64-win64/Data/Рамаяна 3. Словарь.txt
Ната	natA	Natā	iast-witness-only		1	SamudraManthanam/Index/lib/x86_64-win64/Data/Рамаяна 3. Словарь.txt
Ними	nimi	Nimi	onomasticon	inm,pui	1	SamudraManthanam/Index/lib/x86_64-win64/Data/Словарь Гринцера из Рамаяны 1-2.txt
Пака	pAka	Pāka	onomasticon	inm,pui	2	SamudraManthanam/Index/lib/x86_64-win64/Data/Рамаяна 3. Словарь.txt|SamudraManthanam/Index/lib/x86_64-win64/Data/Словарь Гринцера из Рамаяны 1-2.txt
Пакашасана	pAkaSAsana	Pākaśāsana	onomasticon	inm,pui	1	SamudraManthanam/Index/lib/x86_64-win64/Data/Рамаяна 3. Словарь.txt
Парвати	pArvatI	Pārvatī	onomasticon	inm,pui	2	SamudraManthanam/Index/lib/x86_64-win64/Data/Рамаяна 3. Словарь.txt|SamudraManthanam/Index/lib/x86_64-win64/Data/Словарь Гринцера из Рамаяны 1-2.txt
Павака	pAvaka	Pāvaka	onomasticon	inm,pui	2	SamudraManthanam/Index/lib/x86_64-win64/Data/Рамаяна 3. Словарь.txt|SamudraManthanam/Index/lib/x86_64-win64/Data/Словарь Гринцера из Рамаяны 1-2.txt
Павани	pAvanI	Pāvanī	onomasticon	pui	1	SamudraManthanam/Index/lib/x86_64-win64/Data/Словарь Гринцера из Рамаяны 1-2.txt
Пушан	pUzan	Pūṣan	onomasticon	inm	1	SamudraManthanam/Index/lib/x86_64-win64/Data/Словарь Гринцера из Рамаяны 1-2.txt
Пашупати	paSupati	Paśupati	onomasticon	inm,pui	1	SamudraManthanam/Index/lib/x86_64-win64/Data/Словарь Гринцера из Рамаяны 1-2.txt
Панчала	paYcAla	Pañcāla	onomasticon	inm,pui	1	SamudraManthanam/Index/lib/x86_64-win64/Data/Словарь Гринцера из Рамаяны 1-2.txt
Панчапсарас	paYcApsaras	Pañcāpsaras	onomasticon	pui	1	SamudraManthanam/Index/lib/x86_64-win64/Data/Рамаяна 3. Словарь.txt
Панчавати	paYcavawI	Pañcavaṭī	onomasticon	inm	1	SamudraManthanam/Index/lib/x86_64-win64/Data/Рамаяна 3. Словарь.txt
Пампа	pampA	Pampā	onomasticon	inm,pui	2	SamudraManthanam/Index/lib/x86_64-win64/Data/Рамаяна 3. Словарь.txt|SamudraManthanam/Index/lib/x86_64-win64/Data/Словарь Гринцера из Рамаяны 1-2.txt
Парашурама	paraSurAma	Paraśurāma	onomasticon	inm,pui	1	SamudraManthanam/Index/lib/x86_64-win64/Data/Словарь Гринцера из Рамаяны 1-2.txt
Парджанья	parjanya	Parjanya	onomasticon	inm,pui	2	SamudraManthanam/Index/lib/x86_64-win64/Data/Рамаяна 3. Словарь.txt|SamudraManthanam/Index/lib/x86_64-win64/Data/Словарь Гринцера из Рамаяны 1-2.txt
Притхиви	pfTivI	Pṛthivī	onomasticon	inm,pui	1	SamudraManthanam/Index/lib/x86_64-win64/Data/Словарь Гринцера из Рамаяны 1-2.txt
Притху	pfTu	Pṛthu	onomasticon	inm,pui	1	SamudraManthanam/Index/lib/x86_64-win64/Data/Словарь Гринцера из Рамаяны 1-2.txt
Прашушрука	praSuSruka	Praśuśruka	lexicon		1	SamudraManthanam/Index/lib/x86_64-win64/Data/Словарь Гринцера из Рамаяны 1-2.txt
Прашушрува	praSuSruva	Praśuśruva	iast-witness-only		1	SamudraManthanam/Index/lib/x86_64-win64/Data/Словарь Гринцера из Рамаяны 1-2.txt
Прачетас	pracetas	Pracetas	onomasticon	inm,pui	1	SamudraManthanam/Index/lib/x86_64-win64/Data/Рамаяна 3. Словарь.txt
Праджапати	prajApati	Prajāpati	onomasticon	inm,pui	2	SamudraManthanam/Index/lib/x86_64-win64/Data/Рамаяна 3. Словарь.txt|SamudraManthanam/Index/lib/x86_64-win64/Data/Словарь Гринцера из Рамаяны 1-2.txt
Праламба	pralamba	Pralamba	onomasticon	inm,pui	1	SamudraManthanam/Index/lib/x86_64-win64/Data/Словарь Гринцера из Рамаяны 1-2.txt
Праматхин	pramaTin	Pramathin	lexicon		1	SamudraManthanam/Index/lib/x86_64-win64/Data/Рамаяна 3. Словарь.txt
Прасенаджит	prasenajit	Prasenajit	onomasticon	inm,pui	1	SamudraManthanam/Index/lib/x86_64-win64/Data/Словарь Гринцера из Рамаяны 1-2.txt
Прасравана	prasravaRa	Prasravaṇa	lexicon		1	SamudraManthanam/Index/lib/x86_64-win64/Data/Рамаяна 3. Словарь.txt
Пратиндхака	pratInDaka	Pratīndhaka	lexicon		1	SamudraManthanam/Index/lib/x86_64-win64/Data/Словарь Гринцера из Рамаяны 1-2.txt
Правриддха	pravfdDa	Pravṛddha	lexicon		1	SamudraManthanam/Index/lib/x86_64-win64/Data/Словарь Гринцера из Рамаяны 1-2.txt
Праяга	prayAga	Prayāga	onomasticon	inm	1	SamudraManthanam/Index/lib/x86_64-win64/Data/Словарь Гринцера из Рамаяны 1-2.txt
Пундарика	puRqarIkA	Puṇḍarīkā	onomasticon	inm,pui	1	SamudraManthanam/Index/lib/x86_64-win64/Data/Словарь Гринцера из Рамаяны 1-2.txt
Пулаха	pulaha	Pulaha	onomasticon	inm,pui	1	SamudraManthanam/Index/lib/x86_64-win64/Data/Рамаяна 3. Словарь.txt
Пуластья	pulastya	Pulastya	onomasticon	inm,pui	2	SamudraManthanam/Index/lib/x86_64-win64/Data/Рамаяна 3. Словарь.txt|SamudraManthanam/Index/lib/x86_64-win64/Data/Словарь Гринцера из Рамаяны 1-2.txt
Пулома	pulomA	Pulomā	onomasticon	inm,pui	1	SamudraManthanam/Index/lib/x86_64-win64/Data/Словарь Гринцера из Рамаяны 1-2.txt
Пуруравас	purUravas	Purūravas	onomasticon	inm,pui	1	SamudraManthanam/Index/lib/x86_64-win64/Data/Рамаяна 3. Словарь.txt
Пурандара	puraMdara	Puraṃdara	lexicon		2	SamudraManthanam/Index/lib/x86_64-win64/Data/Рамаяна 3. Словарь.txt|SamudraManthanam/Index/lib/x86_64-win64/Data/Словарь Гринцера из Рамаяны 1-2.txt
Пуруша	puruza	Puruṣa	onomasticon	inm,pui	1	SamudraManthanam/Index/lib/x86_64-win64/Data/Словарь Гринцера из Рамаяны 1-2.txt
Всевышний Дух	puruzottama	Puruṣottama	onomasticon	inm,pui	3	SamudraManthanam/Index/lib/x86_64-win64/Data/bhagavadgita-erman.html|SamudraManthanam/web/corpus_builder/jsonl/bhagavadgita-erman.jsonl
Пурушоттама	puruzottama	Puruṣottama	onomasticon	inm,pui	1	SamudraManthanam/Index/lib/x86_64-win64/Data/Словарь Гринцера из Рамаяны 1-2.txt
Пушкара	puzkarARi	Puṣkarāṇi	iast-witness-only		1	SamudraManthanam/Index/lib/x86_64-win64/Data/Словарь Гринцера из Рамаяны 1-2.txt
Пушпака	puzpaka	Puṣpaka	onomasticon	inm,pui	1	SamudraManthanam/Index/lib/x86_64-win64/Data/Рамаяна 3. Словарь.txt
Рагхава	rAGava	Rāghava	onomasticon	inm,pui	2	SamudraManthanam/Index/lib/x86_64-win64/Data/Рамаяна 3. Словарь.txt|SamudraManthanam/Index/lib/x86_64-win64/Data/Словарь Гринцера из Рамаяны 1-2.txt
Раху	rAhu	Rāhu	onomasticon	inm,pui	2	SamudraManthanam/Index/lib/x86_64-win64/Data/Рамаяна 3. Словарь.txt|SamudraManthanam/Index/lib/x86_64-win64/Data/Словарь Гринцера из Рамаяны 1-2.txt
Раджагриха	rAjagfha	Rājagṛha	onomasticon	inm,pui	1	SamudraManthanam/Index/lib/x86_64-win64/Data/Словарь Гринцера из Рамаяны 1-2.txt
Рама	rAma	Rāma	onomasticon	inm,pui	2	SamudraManthanam/Index/lib/x86_64-win64/Data/Рамаяна 3. Словарь.txt|SamudraManthanam/Index/lib/x86_64-win64/Data/Словарь Гринцера из Рамаяны 1-2.txt
Рама Джамадагнья	rAma jAmadagnya	Rāma Jāmadagnya	iast-witness-only		1	SamudraManthanam/Index/lib/x86_64-win64/Data/Словарь Гринцера из Рамаяны 1-2.txt
Равана	rAvaRa	Rāvaṇa	onomasticon	inm,pui	2	SamudraManthanam/Index/lib/x86_64-win64/Data/Рамаяна 3. Словарь.txt|SamudraManthanam/Index/lib/x86_64-win64/Data/Словарь Гринцера из Рамаяны 1-2.txt
Раштравардхана	rAzwravarDana	Rāṣṭravardhana	onomasticon	pui	1	SamudraManthanam/Index/lib/x86_64-win64/Data/Словарь Гринцера из Рамаяны 1-2.txt
Рагху	raGu	Raghu	onomasticon	inm,pui	2	SamudraManthanam/Index/lib/x86_64-win64/Data/Рамаяна 3. Словарь.txt|SamudraManthanam/Index/lib/x86_64-win64/Data/Словарь Гринцера из Рамаяны 1-2.txt
Рамбха	ramBA	Rambhā	onomasticon	inm,pui	2	SamudraManthanam/Index/lib/x86_64-win64/Data/Рамаяна 3. Словарь.txt|SamudraManthanam/Index/lib/x86_64-win64/Data/Словарь Гринцера из Рамаяны 1-2.txt
Рати	rati	Rati	onomasticon	inm,pui	1	SamudraManthanam/Index/lib/x86_64-win64/Data/Рамаяна 3. Словарь.txt
Вишвамитры	reRu vESvAmitra	Reṇu Vaiśvāmitra	iast-witness-only		1	SanskritLexicography-h3985-73254/RussianTranslation/pwg_ru/rv_renou_citation_index.jsonl
Ренука	reRukA	Reṇukā	onomasticon	inm,pui	1	SamudraManthanam/Index/lib/x86_64-win64/Data/Словарь Гринцера из Рамаяны 1-2.txt
Пратишакхье	rk prAtiSAKya	Rk Prātiśākhya	iast-witness-only		1	SamudraManthanam/Index/lib/x86_64-win64/add/To_add/dsg_index.html
Рохини	rohiRI	Rohiṇī	onomasticon	inm,pui	3	SamudraManthanam/Index/lib/x86_64-win64/Data/Рамаяна 3. Словарь.txt|SamudraManthanam/Index/lib/x86_64-win64/Data/Словарь Гринцера из Рамаяны 1-2.txt
Ромапада	romApAda	Romāpāda	iast-witness-only		1	SamudraManthanam/Index/lib/x86_64-win64/Data/Словарь Гринцера из Рамаяны 1-2.txt
Рудра	rudra	Rudra	onomasticon	inm,pui	2	SamudraManthanam/Index/lib/x86_64-win64/Data/Рамаяна 3. Словарь.txt|SamudraManthanam/Index/lib/x86_64-win64/Data/Словарь Гринцера из Рамаяны 1-2.txt
Санкашья	sAMkASyA	Sāṃkāśyā	onomasticon	pui	1	SamudraManthanam/Index/lib/x86_64-win64/Data/Словарь Гринцера из Рамаяны 1-2.txt
Савитри	sAvitrI	Sāvitrī	onomasticon	inm,pui	1	SamudraManthanam/Index/lib/x86_64-win64/Data/Словарь Гринцера из Рамаяны 1-2.txt
Сита	sItA	Sītā	onomasticon	inm,pui	3	SamudraManthanam/Index/lib/x86_64-win64/Data/Рамаяна 3. Словарь.txt|SamudraManthanam/Index/lib/x86_64-win64/Data/Словарь Гринцера из Рамаяны 1-2.txt
Саураштра	sOrAzwra	Saurāṣṭra	onomasticon	pui	1	SamudraManthanam/Index/lib/x86_64-win64/Data/Словарь Гринцера из Рамаяны 1-2.txt
Саувира	sOvIra	Sauvīra	onomasticon	inm,pui	1	SamudraManthanam/Index/lib/x86_64-win64/Data/Словарь Гринцера из Рамаяны 1-2.txt
Стхану	sTARu	Sthāṇu	onomasticon	inm,pui	1	SamudraManthanam/Index/lib/x86_64-win64/Data/Рамаяна 3. Словарь.txt
Стхулакша	sTUlAkza	Sthūlākṣa	onomasticon	inm	1	SamudraManthanam/Index/lib/x86_64-win64/Data/Рамаяна 3. Словарь.txt
Стхулаширас	sTUlaSiras	Sthūlaśiras	onomasticon	inm	1	SamudraManthanam/Index/lib/x86_64-win64/Data/Рамаяна 3. Словарь.txt
Сурья	sUrya	Sūrya	onomasticon	inm,pui	2	SamudraManthanam/Index/lib/x86_64-win64/Data/Рамаяна 3. Словарь.txt|SamudraManthanam/Index/lib/x86_64-win64/Data/Словарь Гринцера из Рамаяны 1-2.txt
Саншрая	saMSraya	Saṃśraya	lexicon		1	SamudraManthanam/Index/lib/x86_64-win64/Data/Рамаяна 3. Словарь.txt
Сагара	sagara	Sagara	onomasticon	inm,pui	1	SamudraManthanam/Index/lib/x86_64-win64/Data/Словарь Гринцера из Рамаяны 1-2.txt
Сахадева	sahadeva	Sahadeva	onomasticon	inm,pui	1	SamudraManthanam/Index/lib/x86_64-win64/Data/Словарь Гринцера из Рамаяны 1-2.txt
Сампати	sampAti	Sampāti	onomasticon	inm,pui	2	SamudraManthanam/Index/lib/x86_64-win64/Data/Рамаяна 3. Словарь.txt|SamudraManthanam/Index/lib/x86_64-win64/Data/Словарь Гринцера из Рамаяны 1-2.txt
Самудра	samudra	Samudra	onomasticon	inm,pui	1	SamudraManthanam/Index/lib/x86_64-win64/Data/Словарь Гринцера из Рамаяны 1-2.txt
Санаткумара	sanatkumAra	Sanatkumāra	onomasticon	inm,pui	1	SamudraManthanam/Index/lib/x86_64-win64/Data/Словарь Гринцера из Рамаяны 1-2.txt
Шарабханга	saraBaNga	Sarabhaṅga	iast-witness-only		1	SamudraManthanam/Index/lib/x86_64-win64/Data/Рамаяна 3. Словарь.txt
Сарасвати	sarasvatI	Sarasvatī	onomasticon	inm,pui	1	SamudraManthanam/Index/lib/x86_64-win64/Data/Словарь Гринцера из Рамаяны 1-2.txt
Сараю	sarayU	Sarayū	onomasticon	inm,pui	2	SamudraManthanam/Index/lib/x86_64-win64/Data/Рамаяна 3. Словарь.txt|SamudraManthanam/Index/lib/x86_64-win64/Data/Словарь Гринцера из Рамаяны 1-2.txt
Сатьяван	satyavAn	Satyavān	onomasticon	pui	1	SamudraManthanam/Index/lib/x86_64-win64/Data/Словарь Гринцера из Рамаяны 1-2.txt
Сатьявати	satyavatI	Satyavatī	onomasticon	inm,pui	1	SamudraManthanam/Index/lib/x86_64-win64/Data/Словарь Гринцера из Рамаяны 1-2.txt
Савитар	savitf	Savitṛ	onomasticon	inm	1	SamudraManthanam/Index/lib/x86_64-win64/Data/Рамаяна 3. Словарь.txt
Сринджая	sfYjaya	Sṛñjaya	onomasticon	inm,pui	1	SamudraManthanam/Index/lib/x86_64-win64/Data/Словарь Гринцера из Рамаяны 1-2.txt
Синхика	siNhikA	Siṅhikā	iast-witness-only		1	SamudraManthanam/Index/lib/x86_64-win64/Data/Словарь Гринцера из Рамаяны 1-2.txt
Сиддхартха	sidDArTa	Siddhārtha	onomasticon	inm,pui	1	SamudraManthanam/Index/lib/x86_64-win64/Data/Словарь Гринцера из Рамаяны 1-2.txt
Синдху	sinDu	Sindhu	onomasticon	inm,pui	1	SamudraManthanam/Index/lib/x86_64-win64/Data/Словарь Гринцера из Рамаяны 1-2.txt
Сканда	skanda	Skanda	onomasticon	inm,pui	1	SamudraManthanam/Index/lib/x86_64-win64/Data/Словарь Гринцера из Рамаяны 1-2.txt
Сома	somA	Somā	onomasticon	inm	1	SamudraManthanam/Index/lib/x86_64-win64/Data/Словарь Гринцера из Рамаяны 1-2.txt
Сома	soma	Soma	onomasticon	inm,pui	2	SamudraManthanam/Index/lib/x86_64-win64/Data/Рамаяна 3. Словарь.txt|SamudraManthanam/Index/lib/x86_64-win64/Data/Словарь Гринцера из Рамаяны 1-2.txt
Сомада	somadA	Somadā	lexicon		1	SamudraManthanam/Index/lib/x86_64-win64/Data/Словарь Гринцера из Рамаяны 1-2.txt
Сомадатта	somadatta	Somadatta	onomasticon	inm,pui	1	SamudraManthanam/Index/lib/x86_64-win64/Data/Словарь Гринцера из Рамаяны 1-2.txt
Субхадра	suBadra	Subhadra	onomasticon	inm,pui	1	SamudraManthanam/Index/lib/x86_64-win64/Data/Рамаяна 3. Словарь.txt
Судханван	suDanvan	Sudhanvan	onomasticon	inm,pui	2	SamudraManthanam/Index/lib/x86_64-win64/Data/Словарь Гринцера из Рамаяны 1-2.txt
Судхрити	suDfti	Sudhṛti	onomasticon	pui	1	SamudraManthanam/Index/lib/x86_64-win64/Data/Словарь Гринцера из Рамаяны 1-2.txt
Субаху	subAhu	Subāhu	onomasticon	inm,pui	1	SamudraManthanam/Index/lib/x86_64-win64/Data/Словарь Гринцера из Рамаяны 1-2.txt
Сучакшу	sucakzu	Sucakṣu	onomasticon	pui	1	SamudraManthanam/Index/lib/x86_64-win64/Data/Словарь Гринцера из Рамаяны 1-2.txt
Сучандра	sucandra	Sucandra	onomasticon	inm,pui	1	SamudraManthanam/Index/lib/x86_64-win64/Data/Словарь Гринцера из Рамаяны 1-2.txt
Судама	sudAmA	Sudāmā	onomasticon	inm	1	SamudraManthanam/Index/lib/x86_64-win64/Data/Словарь Гринцера из Рамаяны 1-2.txt
Судаман	sudAman	Sudāman	onomasticon	inm,pui	1	SamudraManthanam/Index/lib/x86_64-win64/Data/Словарь Гринцера из Рамаяны 1-2.txt
Судамана	sudAmana	Sudāmana	lexicon		1	SamudraManthanam/Index/lib/x86_64-win64/Data/Словарь Гринцера из Рамаяны 1-2.txt
Сударшана	sudarSana	Sudarśana	onomasticon	inm,pui	1	SamudraManthanam/Index/lib/x86_64-win64/Data/Словарь Гринцера из Рамаяны 1-2.txt
Сугрива	sugrIva	Sugrīva	onomasticon	inm,pui	2	SamudraManthanam/Index/lib/x86_64-win64/Data/Рамаяна 3. Словарь.txt|SamudraManthanam/Index/lib/x86_64-win64/Data/Словарь Гринцера из Рамаяны 1-2.txt
Сукету	suketu	Suketu	onomasticon	inm,pui	2	SamudraManthanam/Index/lib/x86_64-win64/Data/Словарь Гринцера из Рамаяны 1-2.txt
Сумантра	sumantra	Sumantra	lexicon		1	SamudraManthanam/Index/lib/x86_64-win64/Data/Словарь Гринцера из Рамаяны 1-2.txt
Сумати	sumatI	Sumatī	iast-witness-only		1	SamudraManthanam/Index/lib/x86_64-win64/Data/Словарь Гринцера из Рамаяны 1-2.txt
Сумати	sumati	Sumati	onomasticon	inm,pui	1	SamudraManthanam/Index/lib/x86_64-win64/Data/Словарь Гринцера из Рамаяны 1-2.txt
Сумитра	sumitrA	Sumitrā	onomasticon	inm	2	SamudraManthanam/Index/lib/x86_64-win64/Data/Рамаяна 3. Словарь.txt|SamudraManthanam/Index/lib/x86_64-win64/Data/Словарь Гринцера из Рамаяны 1-2.txt
Супарна	suparRa	Suparṇa	onomasticon	inm,pui	2	SamudraManthanam/Index/lib/x86_64-win64/Data/Рамаяна 3. Словарь.txt|SamudraManthanam/Index/lib/x86_64-win64/Data/Словарь Гринцера из Рамаяны 1-2.txt
Супрабха	supraBA	Suprabhā	onomasticon	inm,pui	1	SamudraManthanam/Index/lib/x86_64-win64/Data/Словарь Гринцера из Рамаяны 1-2.txt
Сура	surA	Surā	onomasticon	inm,pui	1	SamudraManthanam/Index/lib/x86_64-win64/Data/Словарь Гринцера из Рамаяны 1-2.txt
Сураштра	surAzwra	Surāṣṭra	onomasticon	inm,pui	1	SamudraManthanam/Index/lib/x86_64-win64/Data/Словарь Гринцера из Рамаяны 1-2.txt
Сурабхи	suraBI	Surabhī	lexicon		1	SamudraManthanam/Index/lib/x86_64-win64/Data/Рамаяна 3. Словарь.txt
Сураса	surasA	Surasā	onomasticon	inm,pui	1	SamudraManthanam/Index/lib/x86_64-win64/Data/Рамаяна 3. Словарь.txt
Сусандхи	susanDi	Susandhi	onomasticon	pui	1	SamudraManthanam/Index/lib/x86_64-win64/Data/Словарь Гринцера из Рамаяны 1-2.txt
Сутикшна	sutIkzRa	Sutīkṣṇa	lexicon		2	SamudraManthanam/Index/lib/x86_64-win64/Data/Рамаяна 3. Словарь.txt|SamudraManthanam/Index/lib/x86_64-win64/Data/Словарь Гринцера из Рамаяны 1-2.txt
Суврата	suvrata	Suvrata	onomasticon	inm,pui	1	SamudraManthanam/Index/lib/x86_64-win64/Data/Словарь Гринцера из Рамаяны 1-2.txt
Суяджня	suyajYa	Suyajña	onomasticon	pui	1	SamudraManthanam/Index/lib/x86_64-win64/Data/Словарь Гринцера из Рамаяны 1-2.txt
Сушена	suzeRa	Suṣeṇa	onomasticon	inm,pui	1	SamudraManthanam/Index/lib/x86_64-win64/Data/Словарь Гринцера из Рамаяны 1-2.txt
Сварнароман	svarRaroman	Svarṇaroman	lexicon		1	SamudraManthanam/Index/lib/x86_64-win64/Data/Словарь Гринцера из Рамаяны 1-2.txt
Сваямбху	svayamBu	Svayambhu	lexicon		2	SamudraManthanam/Index/lib/x86_64-win64/Data/Рамаяна 3. Словарь.txt|SamudraManthanam/Index/lib/x86_64-win64/Data/Словарь Гринцера из Рамаяны 1-2.txt
Сьяндика	syandikA	Syandikā	lexicon		1	SamudraManthanam/Index/lib/x86_64-win64/Data/Словарь Гринцера из Рамаяны 1-2.txt
Тамра	tAmrA	Tāmrā	onomasticon	inm,pui	1	SamudraManthanam/Index/lib/x86_64-win64/Data/Рамаяна 3. Словарь.txt
Тара	tArA	Tārā	onomasticon	inm,pui	1	SamudraManthanam/Index/lib/x86_64-win64/Data/Словарь Гринцера из Рамаяны 1-2.txt
Тара	tAra	Tāra	onomasticon	inm,pui	1	SamudraManthanam/Index/lib/x86_64-win64/Data/Словарь Гринцера из Рамаяны 1-2.txt
Тарака	tArakA	Tārakā	onomasticon	pui	2	SamudraManthanam/Index/lib/x86_64-win64/Data/Рамаяна 3. Словарь.txt|SamudraManthanam/Index/lib/x86_64-win64/Data/Словарь Гринцера из Рамаяны 1-2.txt
Таркшья	tArkzya	Tārkṣya	onomasticon	inm,pui	1	SamudraManthanam/Index/lib/x86_64-win64/Data/Словарь Гринцера из Рамаяны 1-2.txt
Такшака	takzaka	Takṣaka	onomasticon	inm,pui	1	SamudraManthanam/Index/lib/x86_64-win64/Data/Рамаяна 3. Словарь.txt
Тамаса	tamasA	Tamasā	onomasticon	inm,pui	1	SamudraManthanam/Index/lib/x86_64-win64/Data/Словарь Гринцера из Рамаяны 1-2.txt
Тимидхваджа	timiDvaja	Timidhvaja	lexicon		1	SamudraManthanam/Index/lib/x86_64-win64/Data/Словарь Гринцера из Рамаяны 1-2.txt
Тришанку	triSaNku	Triśaṅku	onomasticon	inm	1	SamudraManthanam/Index/lib/x86_64-win64/Data/Словарь Гринцера из Рамаяны 1-2.txt
Триширас	triSiras	Triśiras	onomasticon	inm	2	SamudraManthanam/Index/lib/x86_64-win64/Data/Рамаяна 3. Словарь.txt|SamudraManthanam/Index/lib/x86_64-win64/Data/Словарь Гринцера из Рамаяны 1-2.txt
Триджата	trijawA	Trijaṭā	onomasticon	inm	1	SamudraManthanam/Index/lib/x86_64-win64/Data/Словарь Гринцера из Рамаяны 1-2.txt
Триджата Гаргья	trijawa gArgya	Trijaṭa Gārgya	iast-witness-only		1	SamudraManthanam/Index/lib/x86_64-win64/Data/Словарь Гринцера из Рамаяны 1-2.txt
Трипатхага	tripaTagA	Tripathagā	onomasticon	inm,pui	1	SamudraManthanam/Index/lib/x86_64-win64/Data/Словарь Гринцера из Рамаяны 1-2.txt
Трипура	tripura	Tripura	onomasticon	inm,pui	1	SamudraManthanam/Index/lib/x86_64-win64/Data/Словарь Гринцера из Рамаяны 1-2.txt
Тумбуру	tumburu	Tumburu	onomasticon	inm,pui	2	SamudraManthanam/Index/lib/x86_64-win64/Data/Рамаяна 3. Словарь.txt|SamudraManthanam/Index/lib/x86_64-win64/Data/Словарь Гринцера из Рамаяны 1-2.txt
Тваштар	tvazwf	Tvaṣṭṛ	onomasticon	inm	1	SamudraManthanam/Index/lib/x86_64-win64/Data/Словарь Гринцера из Рамаяны 1-2.txt
Уччайхшравас	uccEHSravas	Uccaiḥśravas	onomasticon	inm	1	SamudraManthanam/Index/lib/x86_64-win64/Data/Словарь Гринцера из Рамаяны 1-2.txt
Удавасу	udAvasu	Udāvasu	onomasticon	pui	1	SamudraManthanam/Index/lib/x86_64-win64/Data/Словарь Гринцера из Рамаяны 1-2.txt
Ума	umA	Umā	onomasticon	inm,pui	1	SamudraManthanam/Index/lib/x86_64-win64/Data/Словарь Гринцера из Рамаяны 1-2.txt
Урваши	urvaSI	Urvaśī	onomasticon	inm,pui	1	SamudraManthanam/Index/lib/x86_64-win64/Data/Рамаяна 3. Словарь.txt
Уттара-куру	uttara-kuru	Uttara-kuru	iast-witness-only		1	SamudraManthanam/Index/lib/x86_64-win64/Data/Словарь Гринцера из Рамаяны 1-2.txt
Вачаспати	vAcaspati	Vācaspati	onomasticon	inm,pui	1	SamudraManthanam/Index/lib/x86_64-win64/Data/Словарь Гринцера из Рамаяны 1-2.txt
Валин	vAlin	Vālin	onomasticon	inm	2	SamudraManthanam/Index/lib/x86_64-win64/Data/Рамаяна 3. Словарь.txt|SamudraManthanam/Index/lib/x86_64-win64/Data/Словарь Гринцера из Рамаяны 1-2.txt
Вальмики	vAlmIki	Vālmīki	onomasticon	inm,pui	1	SamudraManthanam/Index/lib/x86_64-win64/Data/Словарь Гринцера из Рамаяны 1-2.txt
Вамадева	vAmadeva	Vāmadeva	onomasticon	inm,pui	1	SamudraManthanam/Index/lib/x86_64-win64/Data/Словарь Гринцера из Рамаяны 1-2.txt
Вамана	vAmanA	Vāmanā	lexicon		1	SamudraManthanam/Index/lib/x86_64-win64/Data/Словарь Гринцера из Рамаяны 1-2.txt
Вамана	vAmana	Vāmana	onomasticon	inm,pui	2	SamudraManthanam/Index/lib/x86_64-win64/Data/Словарь Гринцера из Рамаяны 1-2.txt
Варуни	vAruRI	Vāruṇī	onomasticon	inm,pui	1	SamudraManthanam/Index/lib/x86_64-win64/Data/Словарь Гринцера из Рамаяны 1-2.txt
Васава	vAsava	Vāsava	onomasticon	inm,pui	2	SamudraManthanam/Index/lib/x86_64-win64/Data/Рамаяна 3. Словарь.txt|SamudraManthanam/Index/lib/x86_64-win64/Data/Словарь Гринцера из Рамаяны 1-2.txt
Васудева	vAsudeva	Vāsudeva	onomasticon	inm,pui	1	SamudraManthanam/Index/lib/x86_64-win64/Data/Словарь Гринцера из Рамаяны 1-2.txt
Васуки	vAsuki	Vāsuki	onomasticon	inm,pui	2	SamudraManthanam/Index/lib/x86_64-win64/Data/Рамаяна 3. Словарь.txt|SamudraManthanam/Index/lib/x86_64-win64/Data/Словарь Гринцера из Рамаяны 1-2.txt
Ватапи	vAtApi	Vātāpi	onomasticon	inm,pui	1	SamudraManthanam/Index/lib/x86_64-win64/Data/Рамаяна 3. Словарь.txt
Ваю	vAyu	Vāyu	onomasticon	inm,pui	2	SamudraManthanam/Index/lib/x86_64-win64/Data/Рамаяна 3. Словарь.txt|SamudraManthanam/Index/lib/x86_64-win64/Data/Словарь Гринцера из Рамаяны 1-2.txt
Вайшравана	vESravaRa	Vaiśravaṇa	onomasticon	inm,pui	2	SamudraManthanam/Index/lib/x86_64-win64/Data/Рамаяна 3. Словарь.txt|SamudraManthanam/Index/lib/x86_64-win64/Data/Словарь Гринцера из Рамаяны 1-2.txt
Вайдехи	vEdehI	Vaidehī	onomasticon	inm	1	SamudraManthanam/Index/lib/x86_64-win64/Data/Рамаяна 3. Словарь.txt
Вайтарани	vEtarRI	Vaitarṇī	iast-witness-only		1	SamudraManthanam/Index/lib/x86_64-win64/Data/Рамаяна 3. Словарь.txt
Ванга	vaNga	Vaṅga	onomasticon	inm,pui	1	SamudraManthanam/Index/lib/x86_64-win64/Data/Словарь Гринцера из Рамаяны 1-2.txt
Вала	vala	Vala	lexicon		1	SamudraManthanam/Index/lib/x86_64-win64/Data/Рамаяна 3. Словарь.txt
Ванаю	vanAyu	Vanāyu	onomasticon	inm	1	SamudraManthanam/Index/lib/x86_64-win64/Data/Словарь Гринцера из Рамаяны 1-2.txt
Варуна	varuRa	Varuṇa	onomasticon	inm,pui	2	SamudraManthanam/Index/lib/x86_64-win64/Data/Рамаяна 3. Словарь.txt|SamudraManthanam/Index/lib/x86_64-win64/Data/Словарь Гринцера из Рамаяны 1-2.txt
Васиштха	vasizWa	Vasiṣṭha	onomasticon	inm,pui	2	SamudraManthanam/Index/lib/x86_64-win64/Data/Рамаяна 3. Словарь.txt|SamudraManthanam/Index/lib/x86_64-win64/Data/Словарь Гринцера из Рамаяны 1-2.txt
Васу	vasu	Vasu	onomasticon	inm,pui	1	SamudraManthanam/Index/lib/x86_64-win64/Data/Словарь Гринцера из Рамаяны 1-2.txt
Васудевы	vasudeva	Vasudeva	onomasticon	inm,pui	1	SamudraManthanam/Index/lib/x86_64-win64/Data/Словарь Гринцера из Рамаяны 1-2.txt
Васумати	vasumatI	Vasumatī	onomasticon	inm,pui	1	SamudraManthanam/Index/lib/x86_64-win64/Data/Словарь Гринцера из Рамаяны 1-2.txt
Васваукасара	vasvOkasArA	Vasvaukasārā	onomasticon	inm,pui	1	SamudraManthanam/Index/lib/x86_64-win64/Data/Словарь Гринцера из Рамаяны 1-2.txt
Ведашрути	vedaSruti	Vedaśruti	lexicon		1	SamudraManthanam/Index/lib/x86_64-win64/Data/Словарь Гринцера из Рамаяны 1-2.txt
Вритра	vftra	Vṛtra	onomasticon	inm,pui	2	SamudraManthanam/Index/lib/x86_64-win64/Data/Рамаяна 3. Словарь.txt|SamudraManthanam/Index/lib/x86_64-win64/Data/Словарь Гринцера из Рамаяны 1-2.txt
Вибхандака	viBARqaka	Vibhāṇḍaka	onomasticon	inm	1	SamudraManthanam/Index/lib/x86_64-win64/Data/Словарь Гринцера из Рамаяны 1-2.txt
Вибхишана	viBIzaRa	Vibhīṣaṇa	onomasticon	inm,pui	2	SamudraManthanam/Index/lib/x86_64-win64/Data/Рамаяна 3. Словарь.txt|SamudraManthanam/Index/lib/x86_64-win64/Data/Словарь Гринцера из Рамаяны 1-2.txt
Видхатар	viDAtf	Vidhātṛ	onomasticon	inm	1	SamudraManthanam/Index/lib/x86_64-win64/Data/Рамаяна 3. Словарь.txt
Видхатар	viDatf	Vidhatṛ	iast-witness-only		1	SamudraManthanam/Index/lib/x86_64-win64/Data/Словарь Гринцера из Рамаяны 1-2.txt
Вишала	viSAlA	Viśālā	onomasticon	inm,pui	1	SamudraManthanam/Index/lib/x86_64-win64/Data/Словарь Гринцера из Рамаяны 1-2.txt
Вишала	viSAla	Viśāla	onomasticon	inm,pui	1	SamudraManthanam/Index/lib/x86_64-win64/Data/Словарь Гринцера из Рамаяны 1-2.txt
Вишравас	viSravas	Viśravas	onomasticon	inm,pui	2	SamudraManthanam/Index/lib/x86_64-win64/Data/Рамаяна 3. Словарь.txt|SamudraManthanam/Index/lib/x86_64-win64/Data/Словарь Гринцера из Рамаяны 1-2.txt
Вишвачи	viSvAcI	Viśvācī	onomasticon	inm	1	SamudraManthanam/Index/lib/x86_64-win64/Data/Словарь Гринцера из Рамаяны 1-2.txt
Вишвамитра	viSvAmitra	Viśvāmitra	onomasticon	inm,pui	2	SamudraManthanam/Index/lib/x86_64-win64/Data/Рамаяна 3. Словарь.txt|SamudraManthanam/Index/lib/x86_64-win64/Data/Словарь Гринцера из Рамаяны 1-2.txt
Вишвавасу	viSvAvasu	Viśvāvasu	onomasticon	inm,pui	1	SamudraManthanam/Index/lib/x86_64-win64/Data/Словарь Гринцера из Рамаяны 1-2.txt
Вишвакарман	viSvakarman	Viśvakarman	onomasticon	inm	2	SamudraManthanam/Index/lib/x86_64-win64/Data/Рамаяна 3. Словарь.txt|SamudraManthanam/Index/lib/x86_64-win64/Data/Словарь Гринцера из Рамаяны 1-2.txt
Вибудха	vibuDa	Vibudha	onomasticon	inm,pui	1	SamudraManthanam/Index/lib/x86_64-win64/Data/Словарь Гринцера из Рамаяны 1-2.txt
Видарбха	vidarBa	Vidarbha	onomasticon	inm,pui	1	SamudraManthanam/Index/lib/x86_64-win64/Data/Словарь Гринцера из Рамаяны 1-2.txt
Видеха	videha	Videha	onomasticon	inm,pui	2	SamudraManthanam/Index/lib/x86_64-win64/Data/Рамаяна 3. Словарь.txt|SamudraManthanam/Index/lib/x86_64-win64/Data/Словарь Гринцера из Рамаяны 1-2.txt
Виджая	vijaya	Vijaya	onomasticon	inm,pui	1	SamudraManthanam/Index/lib/x86_64-win64/Data/Словарь Гринцера из Рамаяны 1-2.txt
Викрита	vikfta	Vikṛta	onomasticon	inm,pui	1	SamudraManthanam/Index/lib/x86_64-win64/Data/Рамаяна 3. Словарь.txt
Викукши	vikukzi	Vikukṣi	onomasticon	pui	1	SamudraManthanam/Index/lib/x86_64-win64/Data/Словарь Гринцера из Рамаяны 1-2.txt
Палов	vili	VIlI	iast-witness-only		1	SamudraManthanam/Index/lib/x86_64-win64/Data/Словарь Гринцера из Рамаяны 1-2.txt
Виндхья	vinDya	Vindhya	onomasticon	inm,pui	2	SamudraManthanam/Index/lib/x86_64-win64/Data/Рамаяна 3. Словарь.txt|SamudraManthanam/Index/lib/x86_64-win64/Data/Словарь Гринцера из Рамаяны 1-2.txt
Вината	vinatA	Vinatā	onomasticon	inm,pui	2	SamudraManthanam/Index/lib/x86_64-win64/Data/Рамаяна 3. Словарь.txt|SamudraManthanam/Index/lib/x86_64-win64/Data/Словарь Гринцера из Рамаяны 1-2.txt
Випаша	vipASA	Vipāśā	onomasticon	inm,pui	1	SamudraManthanam/Index/lib/x86_64-win64/Data/Словарь Гринцера из Рамаяны 1-2.txt
Вирадха	virADa	Virādha	onomasticon	pui	2	SamudraManthanam/Index/lib/x86_64-win64/Data/Рамаяна 3. Словарь.txt|SamudraManthanam/Index/lib/x86_64-win64/Data/Словарь Гринцера из Рамаяны 1-2.txt
Вирочана	virocana	Virocana	onomasticon	inm,pui	1	SamudraManthanam/Index/lib/x86_64-win64/Data/Словарь Гринцера из Рамаяны 1-2.txt
Вивасват	vivasvat	Vivasvat	onomasticon	inm,pui	2	SamudraManthanam/Index/lib/x86_64-win64/Data/Рамаяна 3. Словарь.txt|SamudraManthanam/Index/lib/x86_64-win64/Data/Словарь Гринцера из Рамаяны 1-2.txt
Вишну	vizRu	Viṣṇu	onomasticon	inm,pui	2	SamudraManthanam/Index/lib/x86_64-win64/Data/Рамаяна 3. Словарь.txt|SamudraManthanam/Index/lib/x86_64-win64/Data/Словарь Гринцера из Рамаяны 1-2.txt
Вишнупада	vizRupada	Viṣṇupada	onomasticon	inm	1	SamudraManthanam/Index/lib/x86_64-win64/Data/Словарь Гринцера из Рамаяны 1-2.txt
Яду	yadu	Yadu	onomasticon	inm,pui	1	SamudraManthanam/Index/lib/x86_64-win64/Data/Словарь Гринцера из Рамаяны 1-2.txt
Яма	yama	Yama	onomasticon	inm,pui	2	SamudraManthanam/Index/lib/x86_64-win64/Data/Рамаяна 3. Словарь.txt|SamudraManthanam/Index/lib/x86_64-win64/Data/Словарь Гринцера из Рамаяны 1-2.txt
Ямуна	yamunA	Yamunā	onomasticon	inm,pui	1	SamudraManthanam/Index/lib/x86_64-win64/Data/Словарь Гринцера из Рамаяны 1-2.txt
Яяти	yayAti	Yayāti	onomasticon	inm,pui	2	SamudraManthanam/Index/lib/x86_64-win64/Data/Рамаяна 3. Словарь.txt|SamudraManthanam/Index/lib/x86_64-win64/Data/Словарь Гринцера из Рамаяны 1-2.txt
Юдхаджит	yuDAjit	Yudhājit	onomasticon	pui	1	SamudraManthanam/Index/lib/x86_64-win64/Data/Словарь Гринцера из Рамаяны 1-2.txt
Юванашва	yuvanASva	Yuvanāśva	onomasticon	inm,pui	1	SamudraManthanam/Index/lib/x86_64-win64/Data/Словарь Гринцера из Рамаяны 1-2.txt
