parvan	adhyaya	n_verses	first_continuous	last_continuous
1	1	275	1	275
1	2	396	276	671
1	3	188	672	859
1	4	12	860	871
1	5	34	872	905
1	6	14	906	919
1	7	29	920	948
1	8	27	949	975
1	9	23	976	998
1	10	8	999	1006
1	11	19	1007	1025
1	12	6	1026	1031
1	13	32	1032	1063
1	14	7	1064	1070
1	15	11	1071	1081
1	16	25	1082	1106
1	17	13	1107	1119
1	18	46	1120	1165
1	19	31	1166	1196
1	20	16	1197	1212
1	21	18	1213	1230
1	22	12	1231	1242
1	23	27	1243	1269
1	24	20	1270	1289
1	25	17	1290	1306
1	26	8	1307	1314
1	27	16	1315	1330
1	28	21	1331	1351
1	29	44	1352	1395
1	30	52	1396	1447
1	31	35	1448	1482
1	32	25	1483	1507
1	33	25	1508	1532
1	34	26	1533	1558
1	35	19	1559	1577
1	36	25	1578	1602
1	37	34	1603	1636
1	38	19	1637	1655
1	39	14	1656	1669
1	40	32	1670	1701
1	41	33	1702	1734
1	42	41	1735	1775
1	43	36	1776	1811
1	44	11	1812	1822
1	45	34	1823	1856
1	46	23	1857	1879
1	47	43	1880	1922
1	48	22	1923	1944
1	49	31	1945	1975
1	50	54	1976	2029
1	51	17	2030	2046
1	52	10	2047	2056
1	53	26	2057	2082
1	54	30	2083	2112
1	55	17	2113	2129
1	56	27	2130	2156
1	57	24	2157	2180
1	58	32	2181	2212
1	59	10	2213	2222
1	60	24	2223	2246
1	61	53	2247	2299
1	62	53	2300	2352
1	63	127	2353	2479
1	64	54	2480	2533
1	65	56	2534	2589
1	66	72	2590	2661
1	67	164	2662	2825
1	68	15	2826	2840
1	69	31	2841	2871
1	70	51	2872	2922
1	71	42	2923	2964
1	72	19	2965	2983
1	73	34	2984	3017
1	74	133	3018	3150
1	75	58	3151	3208
1	76	72	3209	3280
1	77	23	3281	3303
1	78	41	3304	3344
1	79	13	3345	3357
1	80	27	3358	3384
1	81	38	3385	3422
1	82	27	3423	3449
1	83	42	3450	3491
1	84	34	3492	3525
1	85	35	3526	3560
1	86	17	3561	3577
1	87	13	3578	3590
1	88	13	3591	3603
1	89	23	3604	3626
1	90	27	3627	3653
1	91	18	3654	3671
1	92	19	3672	3690
1	93	28	3691	3718
1	94	64	3719	3782
1	95	90	3783	3872
1	96	23	3873	3895
1	97	32	3896	3927
1	98	24	3928	3951
1	99	49	3952	4000
1	100	103	4001	4103
1	101	14	4104	4117
1	102	73	4118	4190
1	103	26	4191	4216
1	104	56	4217	4272
1	105	54	4273	4326
1	106	32	4327	4358
1	107	17	4359	4375
1	108	19	4376	4394
1	109	26	4395	4420
1	110	19	4421	4439
1	111	31	4440	4470
1	112	13	4471	4483
1	113	45	4484	4528
1	114	14	4529	4542
1	115	44	4543	4586
1	116	18	4587	4604
1	117	18	4605	4622
1	118	34	4623	4656
1	119	50	4657	4706
1	120	41	4707	4747
1	121	37	4748	4784
1	122	44	4785	4828
1	123	78	4829	4906
1	124	32	4907	4938
1	125	31	4939	4969
1	126	35	4970	5004
1	127	32	5005	5036
1	128	72	5037	5108
1	129	43	5109	5151
1	130	67	5152	5218
1	131	79	5219	5297
1	132	79	5298	5376
1	133	22	5377	5398
1	134	35	5399	5433
1	135	32	5434	5465
1	136	41	5466	5506
1	137	25	5507	5531
1	138	77	5532	5608
1	139	27	5609	5635
1	140	93	5636	5728
1	141	38	5729	5766
1	142	24	5767	5790
1	143	19	5791	5809
1	144	19	5810	5828
1	145	34	5829	5862
1	146	31	5863	5893
1	147	20	5894	5913
1	148	22	5914	5935
1	149	15	5936	5950
1	150	26	5951	5976
1	151	45	5977	6021
1	152	36	6022	6057
1	153	45	6058	6102
1	154	36	6103	6138
1	155	46	6139	6184
1	156	19	6185	6203
1	157	41	6204	6244
1	158	38	6245	6282
1	159	24	6283	6306
1	160	17	6307	6323
1	161	20	6324	6343
1	162	26	6344	6369
1	163	28	6370	6397
1	164	21	6398	6418
1	165	12	6419	6430
1	166	28	6431	6458
1	167	56	6459	6514
1	168	11	6515	6525
1	169	16	6526	6541
1	170	80	6542	6621
1	171	44	6622	6665
1	172	26	6666	6691
1	173	50	6692	6741
1	174	15	6742	6756
1	175	48	6757	6804
1	176	49	6805	6853
1	177	47	6854	6900
1	178	29	6901	6929
1	179	22	6930	6951
1	180	23	6952	6974
1	181	23	6975	6997
1	182	26	6998	7023
1	183	12	7024	7035
1	184	20	7036	7055
1	185	37	7056	7092
1	186	24	7093	7116
1	187	29	7117	7145
1	188	28	7146	7173
1	189	24	7174	7197
1	190	47	7198	7244
1	191	25	7245	7269
1	192	18	7270	7287
1	193	29	7288	7316
1	194	15	7317	7331
1	195	33	7332	7364
1	196	23	7365	7387
1	197	53	7388	7440
1	198	18	7441	7458
1	199	19	7459	7477
1	200	31	7478	7508
1	201	20	7509	7528
1	202	25	7529	7553
1	203	19	7554	7572
1	204	28	7573	7600
1	205	30	7601	7630
1	206	26	7631	7656
1	207	52	7657	7708
1	208	24	7709	7732
1	209	33	7733	7765
1	210	27	7766	7792
1	211	32	7793	7824
1	212	31	7825	7855
1	213	35	7856	7890
1	214	36	7891	7926
1	215	27	7927	7953
1	216	23	7954	7976
1	217	35	7977	8011
1	218	21	8012	8032
1	219	25	8033	8057
1	220	32	8058	8089
1	221	89	8090	8178
1	222	33	8179	8211
1	223	83	8212	8294
1	224	21	8295	8315
1	225	37	8316	8352
1	226	22	8353	8374
1	227	52	8375	8426
1	228	47	8427	8473
1	229	34	8474	8507
1	230	22	8508	8529
1	231	18	8530	8547
1	232	25	8548	8572
1	233	32	8573	8604
1	234	19	8605	8623
2	1	21	1	21
2	2	36	22	57
2	3	37	58	94
2	4	41	95	135
2	5	128	136	263
2	6	19	264	282
2	7	30	283	312
2	8	41	313	353
2	9	30	354	383
2	10	40	384	423
2	11	62	424	485
2	12	34	486	519
2	13	51	520	570
2	14	70	571	640
2	15	26	641	666
2	16	17	667	683
2	17	52	684	735
2	18	12	736	747
2	19	28	748	775
2	20	30	776	805
2	21	54	806	859
2	22	36	860	895
2	23	35	896	930
2	24	60	931	990
2	25	11	991	1001
2	26	16	1002	1017
2	27	29	1018	1046
2	28	21	1047	1067
2	29	16	1068	1083
2	30	30	1084	1113
2	31	78	1114	1191
2	32	20	1192	1211
2	33	55	1212	1266
2	34	25	1267	1291
2	35	19	1292	1310
2	36	32	1311	1342
2	37	31	1343	1373
2	38	33	1374	1406
2	39	18	1407	1424
2	40	15	1425	1439
2	41	40	1440	1479
2	42	20	1480	1499
2	43	25	1500	1524
2	44	42	1525	1566
2	45	68	1567	1634
2	46	33	1635	1667
2	47	40	1668	1707
2	48	23	1708	1730
2	49	60	1731	1790
2	50	36	1791	1826
2	51	35	1827	1861
2	52	49	1862	1910
2	53	26	1911	1936
2	54	11	1937	1947
2	55	21	1948	1968
2	56	22	1969	1990
2	57	5	1991	1995
2	58	38	1996	2033
2	59	21	2034	2054
2	60	9	2055	2063
2	61	31	2064	2094
2	62	17	2095	2111
2	63	10	2112	2121
2	64	20	2122	2141
2	65	45	2142	2186
2	66	12	2187	2198
2	67	54	2199	2252
2	68	90	2253	2342
2	69	21	2343	2363
2	70	18	2364	2381
2	71	36	2382	2417
2	72	17	2418	2434
2	73	18	2435	2452
2	74	27	2453	2479
2	75	12	2480	2491
2	76	24	2492	2515
2	77	46	2516	2561
2	78	24	2562	2585
2	79	36	2586	2621
2	80	53	2622	2674
2	81	39	2675	2713
3	1	46	1	46
3	2	84	47	130
3	3	86	131	216
3	4	22	217	238
3	5	22	239	260
3	6	25	261	285
3	7	24	286	309
3	8	12	310	321
3	9	23	322	344
3	10	39	345	383
3	11	75	384	458
3	12	136	459	594
3	13	17	595	611
3	14	22	612	633
3	15	23	634	656
3	16	33	657	689
3	17	25	690	714
3	18	33	715	747
3	19	27	748	774
3	20	41	775	815
3	21	30	816	845
3	22	54	846	899
3	23	16	900	915
3	24	26	916	941
3	25	19	942	960
3	26	25	961	985
3	27	40	986	1025
3	28	36	1026	1061
3	29	52	1062	1113
3	30	43	1114	1156
3	31	42	1157	1198
3	32	62	1199	1260
3	33	90	1261	1350
3	34	22	1351	1372
3	35	35	1373	1407
3	36	45	1408	1452
3	37	59	1453	1511
3	38	35	1512	1546
3	39	84	1547	1630
3	40	28	1631	1658
3	41	49	1659	1707
3	42	42	1708	1749
3	43	32	1750	1781
3	44	11	1782	1792
3	45	16	1793	1808
3	46	63	1809	1871
3	47	35	1872	1906
3	48	18	1907	1924
3	49	23	1925	1947
3	50	12	1948	1959
3	51	46	1960	2005
3	52	59	2006	2064
3	53	32	2065	2096
3	54	31	2097	2127
3	55	25	2128	2152
3	56	31	2153	2183
3	57	47	2184	2230
3	58	14	2231	2244
3	59	18	2245	2262
3	60	25	2263	2287
3	61	36	2288	2323
3	62	29	2324	2352
3	63	39	2353	2391
3	64	132	2392	2523
3	65	76	2524	2599
3	66	26	2600	2625
3	67	19	2626	2644
3	68	39	2645	2683
3	69	50	2684	2733
3	70	27	2734	2760
3	71	36	2761	2796
3	72	43	2797	2839
3	73	36	2840	2875
3	74	31	2876	2906
3	75	28	2907	2934
3	76	53	2935	2987
3	77	20	2988	3007
3	78	33	3008	3040
3	79	27	3041	3067
3	80	30	3068	3097
3	81	22	3098	3119
3	82	128	3120	3247
3	83	208	3248	3455
3	84	163	3456	3618
3	85	132	3619	3750
3	86	21	3751	3771
3	87	28	3772	3799
3	88	27	3800	3826
3	89	18	3827	3844
3	90	34	3845	3878
3	91	25	3879	3903
3	92	27	3904	3930
3	93	29	3931	3959
3	94	22	3960	3981
3	95	29	3982	4010
3	96	30	4011	4040
3	97	25	4041	4065
3	98	20	4066	4085
3	99	71	4086	4156
3	100	25	4157	4181
3	101	23	4182	4204
3	102	26	4205	4230
3	103	18	4231	4248
3	104	24	4249	4272
3	105	20	4273	4292
3	106	23	4293	4315
3	107	70	4316	4385
3	108	27	4386	4412
3	109	21	4413	4433
3	110	58	4434	4491
3	111	23	4492	4514
3	112	19	4515	4533
3	113	25	4534	4558
3	114	30	4559	4588
3	115	45	4589	4633
3	116	29	4634	4662
3	117	18	4663	4680
3	118	23	4681	4703
3	119	22	4704	4725
3	120	32	4726	4757
3	121	24	4758	4781
3	122	29	4782	4810
3	123	24	4811	4834
3	124	25	4835	4859
3	125	26	4860	4885
3	126	46	4886	4931
3	127	21	4932	4952
3	128	21	4953	4973
3	129	22	4974	4995
3	130	24	4996	5019
3	131	34	5020	5053
3	132	23	5054	5076
3	133	30	5077	5106
3	134	41	5107	5147
3	135	60	5148	5207
3	136	20	5208	5227
3	137	19	5228	5246
3	138	28	5247	5274
3	139	20	5275	5294
3	140	29	5295	5323
3	141	28	5324	5351
3	142	63	5352	5414
3	143	23	5415	5437
3	144	28	5438	5465
3	145	54	5466	5519
3	146	96	5520	5615
3	147	34	5616	5649
3	148	22	5650	5671
3	149	40	5672	5711
3	150	52	5712	5763
3	151	19	5764	5782
3	152	14	5783	5796
3	153	16	5797	5812
3	154	27	5813	5839
3	155	34	5840	5873
3	156	21	5874	5894
3	157	72	5895	5966
3	158	103	5967	6069
3	159	32	6070	6101
3	160	77	6102	6178
3	161	63	6179	6241
3	162	38	6242	6279
3	163	42	6280	6321
3	164	20	6322	6341
3	165	14	6342	6355
3	166	17	6356	6372
3	167	57	6373	6429
3	168	86	6430	6515
3	169	24	6516	6539
3	170	29	6540	6568
3	171	30	6569	6598
3	172	35	6599	6633
3	173	75	6634	6708
3	174	17	6709	6725
3	175	25	6726	6750
3	176	23	6751	6773
3	177	24	6774	6797
3	178	33	6798	6830
3	179	54	6831	6884
3	180	38	6885	6922
3	181	49	6923	6971
3	182	18	6972	6989
3	183	95	6990	7084
3	184	23	7085	7107
3	185	37	7108	7144
3	186	30	7145	7174
3	187	58	7175	7232
3	188	143	7233	7375
3	189	59	7376	7434
3	190	97	7435	7531
3	191	35	7532	7566
3	192	72	7567	7638
3	193	37	7639	7675
3	194	8	7676	7683
3	195	6	7684	7689
3	196	13	7690	7702
3	197	28	7703	7730
3	198	27	7731	7757
3	199	18	7758	7775
3	200	129	7776	7904
3	201	34	7905	7938
3	202	31	7939	7969
3	203	35	7970	8004
3	204	45	8005	8049
3	205	24	8050	8073
3	206	48	8074	8121
3	207	99	8122	8220
3	208	39	8221	8259
3	209	56	8260	8315
3	210	21	8316	8336
3	211	27	8337	8363
3	212	12	8364	8375
3	213	40	8376	8415
3	214	28	8416	8443
3	215	31	8444	8474
3	216	37	8475	8511
3	217	21	8512	8532
3	218	8	8533	8540
3	219	25	8541	8565
3	220	20	8566	8585
3	221	31	8586	8616
3	222	32	8617	8648
3	223	15	8649	8663
3	224	42	8664	8705
3	225	39	8706	8744
3	226	29	8745	8773
3	227	18	8774	8791
3	228	15	8792	8806
3	229	52	8807	8858
3	230	59	8859	8917
3	231	113	8918	9030
3	232	21	9031	9051
3	233	61	9052	9112
3	234	12	9113	9124
3	235	18	9125	9142
3	236	31	9143	9173
3	237	23	9174	9196
3	238	24	9197	9220
3	239	29	9221	9249
3	240	31	9250	9280
3	241	32	9281	9312
3	242	22	9313	9334
3	243	22	9335	9356
3	244	22	9357	9378
3	245	30	9379	9408
3	246	27	9409	9435
3	247	16	9436	9451
3	248	16	9452	9467
3	249	41	9468	9508
3	250	13	9509	9521
3	251	30	9522	9551
3	252	52	9552	9603
3	253	29	9604	9632
3	254	36	9633	9668
3	255	25	9669	9693
3	256	27	9694	9720
3	257	28	9721	9748
3	258	17	9749	9765
3	259	35	9766	9800
3	260	36	9801	9836
3	261	51	9837	9887
3	262	28	9888	9915
3	263	49	9916	9964
3	264	17	9965	9981
3	265	14	9982	9995
3	266	9	9996	10004
3	267	23	10005	10027
3	268	28	10028	10055
3	269	28	10056	10083
3	270	21	10084	10104
3	271	60	10105	10164
3	272	81	10165	10245
3	273	13	10246	10258
3	274	17	10259	10275
3	275	40	10276	10315
3	276	16	10316	10331
3	277	56	10332	10387
3	278	43	10388	10430
3	279	48	10431	10478
3	280	74	10479	10552
3	281	31	10553	10583
3	282	71	10584	10654
3	283	54	10655	10708
3	284	41	10709	10749
3	285	15	10750	10764
3	286	29	10765	10793
3	287	29	10794	10822
3	288	26	10823	10848
3	289	33	10849	10881
3	290	33	10882	10914
3	291	70	10915	10984
3	292	14	10985	10998
3	293	41	10999	11039
3	294	33	11040	11072
3	295	23	11073	11095
3	296	33	11096	11128
3	297	111	11129	11239
3	298	44	11240	11283
3	299	17	11284	11300
3	300	39	11301	11339
3	301	18	11340	11357
3	302	21	11358	11378
3	303	29	11379	11407
3	304	20	11408	11427
3	305	23	11428	11450
3	306	28	11451	11478
3	307	28	11479	11506
3	308	27	11507	11533
3	309	25	11534	11558
3	310	42	11559	11600
3	311	21	11601	11621
3	312	45	11622	11666
3	313	133	11667	11799
3	314	29	11800	11828
3	315	31	11829	11859
4	1	27	1	27
4	2	32	28	59
4	3	23	60	82
4	4	58	83	140
4	5	36	141	176
4	6	35	177	211
4	7	18	212	229
4	8	13	230	242
4	9	37	243	279
4	10	16	280	295
4	11	14	296	309
4	12	13	310	322
4	13	46	323	368
4	14	52	369	420
4	15	21	421	441
4	16	51	442	492
4	17	21	493	513
4	18	33	514	546
4	19	47	547	593
4	20	31	594	624
4	21	51	625	675
4	22	94	676	769
4	23	34	770	803
4	24	30	804	833
4	25	22	834	855
4	26	18	856	873
4	27	10	874	883
4	28	33	884	916
4	29	14	917	930
4	30	27	931	957
4	31	35	958	992
4	32	30	993	1022
4	33	61	1023	1083
4	34	18	1084	1101
4	35	22	1102	1123
4	36	24	1124	1147
4	37	34	1148	1181
4	38	51	1182	1232
4	39	17	1233	1249
4	40	8	1250	1257
4	41	12	1258	1269
4	42	18	1270	1287
4	43	23	1288	1310
4	44	25	1311	1335
4	45	41	1336	1376
4	46	33	1377	1409
4	47	34	1410	1443
4	48	23	1444	1466
4	49	23	1467	1489
4	50	28	1490	1517
4	51	22	1518	1539
4	52	23	1540	1562
4	53	25	1563	1587
4	54	36	1588	1623
4	55	60	1624	1683
4	56	19	1684	1702
4	57	43	1703	1745
4	58	76	1746	1821
4	59	21	1822	1842
4	60	27	1843	1869
4	61	46	1870	1915
4	62	22	1916	1937
4	63	14	1938	1951
4	64	49	1952	2000
4	65	18	2001	2018
4	66	30	2019	2048
4	67	23	2049	2071
4	68	76	2072	2147
4	69	19	2148	2166
4	70	28	2167	2194
4	71	36	2195	2230
4	72	40	2231	2270
5	1	26	1	26
5	2	15	27	41
5	3	23	42	64
5	4	26	65	90
5	5	18	91	108
5	6	19	109	127
5	7	39	128	166
5	8	54	167	220
5	9	59	221	279
5	10	50	280	329
5	11	26	330	355
5	12	32	356	387
5	13	27	388	414
5	14	18	415	432
5	15	34	433	466
5	16	34	467	500
5	17	22	501	522
5	18	25	523	547
5	19	33	548	580
5	20	21	581	601
5	21	21	602	622
5	22	40	623	662
5	23	28	663	690
5	24	10	691	700
5	25	15	701	715
5	26	29	716	744
5	27	27	745	771
5	28	14	772	785
5	29	58	786	843
5	30	49	844	892
5	31	23	893	915
5	32	32	916	947
5	33	123	948	1070
5	34	86	1071	1156
5	35	77	1157	1233
5	36	74	1234	1307
5	37	64	1308	1371
5	38	47	1372	1418
5	39	86	1419	1504
5	40	32	1505	1536
5	41	12	1537	1548
5	42	46	1549	1594
5	43	63	1595	1657
5	44	31	1658	1688
5	45	21	1689	1709
5	46	31	1710	1740
5	47	17	1741	1757
5	48	109	1758	1866
5	49	48	1867	1914
5	50	50	1915	1964
5	51	61	1965	2025
5	52	20	2026	2045
5	53	16	2046	2061
5	54	22	2062	2083
5	55	69	2084	2152
5	56	17	2153	2169
5	57	62	2170	2231
5	58	29	2232	2260
5	59	31	2261	2291
5	60	23	2292	2314
5	61	29	2315	2343
5	62	18	2344	2361
5	63	24	2362	2385
5	64	27	2386	2412
5	65	16	2413	2428
5	66	15	2429	2443
5	67	10	2444	2453
5	68	15	2454	2468
5	69	21	2469	2489
5	70	15	2490	2504
5	71	7	2505	2511
5	72	93	2512	2604
5	73	42	2605	2646
5	74	23	2647	2669
5	75	23	2670	2692
5	76	18	2693	2710
5	77	20	2711	2730
5	78	19	2731	2749
5	79	21	2750	2770
5	80	18	2771	2788
5	81	9	2789	2797
5	82	49	2798	2846
5	83	72	2847	2918
5	84	29	2919	2947
5	85	18	2948	2965
5	86	21	2966	2986
5	87	17	2987	3003
5	88	23	3004	3026
5	89	27	3027	3053
5	90	105	3054	3158
5	91	41	3159	3199
5	92	30	3200	3229
5	93	22	3230	3251
5	94	53	3252	3304
5	95	63	3305	3367
5	96	52	3368	3419
5	97	21	3420	3440
5	98	25	3441	3465
5	99	20	3466	3485
5	100	19	3486	3504
5	101	16	3505	3520
5	102	15	3521	3535
5	103	26	3536	3561
5	104	30	3562	3591
5	105	40	3592	3631
5	106	27	3632	3658
5	107	19	3659	3677
5	108	18	3678	3695
5	109	21	3696	3716
5	110	20	3717	3736
5	111	28	3737	3764
5	112	22	3765	3786
5	113	23	3787	3809
5	114	20	3810	3829
5	115	21	3830	3850
5	116	22	3851	3872
5	117	21	3873	3893
5	118	21	3894	3914
5	119	24	3915	3938
5	120	22	3939	3960
5	121	28	3961	3988
5	122	18	3989	4006
5	123	23	4007	4029
5	124	62	4030	4091
5	125	27	4092	4118
5	126	18	4119	4136
5	127	25	4137	4161
5	128	50	4162	4211
5	129	54	4212	4265
5	130	53	4266	4318
5	131	41	4319	4359
5	132	34	4360	4393
5	133	45	4394	4438
5	134	41	4439	4479
5	135	40	4480	4519
5	136	22	4520	4541
5	137	32	4542	4573
5	138	27	4574	4600
5	139	22	4601	4622
5	140	29	4623	4651
5	141	57	4652	4708
5	142	20	4709	4728
5	143	52	4729	4780
5	144	31	4781	4811
5	145	12	4812	4823
5	146	27	4824	4850
5	147	43	4851	4893
5	148	36	4894	4929
5	149	36	4930	4965
5	150	20	4966	4985
5	151	71	4986	5056
5	152	18	5057	5074
5	153	27	5075	5101
5	154	27	5102	5128
5	155	35	5129	5163
5	156	36	5164	5199
5	157	35	5200	5234
5	158	40	5235	5274
5	159	15	5275	5289
5	160	125	5290	5414
5	161	43	5415	5457
5	162	63	5458	5520
5	163	57	5521	5577
5	164	12	5578	5589
5	165	33	5590	5622
5	166	22	5623	5644
5	167	38	5645	5682
5	168	42	5683	5724
5	169	28	5725	5752
5	170	14	5753	5766
5	171	27	5767	5793
5	172	21	5794	5814
5	173	23	5815	5837
5	174	10	5838	5847
5	175	45	5848	5892
5	176	59	5893	5951
5	177	42	5952	5993
5	178	95	5994	6088
5	179	39	6089	6127
5	180	38	6128	6165
5	181	16	6166	6181
5	182	30	6182	6211
5	183	19	6212	6230
5	184	23	6231	6253
5	185	37	6254	6290
5	186	41	6291	6331
5	187	19	6332	6350
5	188	20	6351	6370
5	189	23	6371	6393
5	190	22	6394	6415
5	191	30	6416	6445
5	192	70	6446	6515
5	193	22	6516	6537
5	194	22	6538	6559
5	195	19	6560	6578
5	196	35	6579	6613
6	1	34	1	34
6	2	33	35	67
6	3	85	68	152
6	4	21	153	173
6	5	18	174	191
6	6	56	192	247
6	7	32	248	279
6	8	22	280	301
6	9	76	302	377
6	10	15	378	392
6	11	40	393	432
6	12	52	433	484
6	13	13	485	497
6	14	80	498	577
6	15	20	578	597
6	16	27	598	624
6	17	39	625	663
6	18	18	664	681
6	19	45	682	726
6	20	20	727	746
6	21	17	747	763
6	22	16	764	779
6	23	28	780	807
6	24	7	808	814
6	25	47	815	861
6	26	72	862	933
6	27	43	934	976
6	28	42	977	1018
6	29	29	1019	1047
6	30	47	1048	1094
6	31	30	1095	1124
6	32	28	1125	1152
6	33	34	1153	1186
6	34	42	1187	1228
6	35	55	1229	1283
6	36	20	1284	1303
6	37	34	1304	1337
6	38	27	1338	1364
6	39	20	1365	1384
6	40	24	1385	1408
6	41	28	1409	1436
6	42	78	1437	1514
6	43	109	1515	1623
6	44	30	1624	1653
6	45	87	1654	1740
6	46	50	1741	1790
6	47	67	1791	1857
6	48	121	1858	1978
6	49	53	1979	2031
6	50	58	2032	2089
6	51	30	2090	2119
6	52	72	2120	2191
6	53	41	2192	2232
6	54	124	2233	2356
6	55	43	2357	2399
6	56	22	2400	2421
6	57	40	2422	2461
6	58	46	2462	2507
6	59	139	2508	2646
6	60	29	2647	2675
6	61	36	2676	2711
6	62	65	2712	2776
6	63	33	2777	2809
6	64	87	2810	2896
6	65	75	2897	2971
6	66	41	2972	3012
6	67	25	3013	3037
6	68	20	3038	3057
6	69	34	3058	3091
6	70	29	3092	3120
6	71	43	3121	3163
6	72	35	3164	3198
6	73	43	3199	3241
6	74	39	3242	3280
6	75	37	3281	3317
6	76	26	3318	3343
6	77	75	3344	3418
6	78	36	3419	3454
6	79	64	3455	3518
6	80	19	3519	3537
6	81	46	3538	3583
6	82	62	3584	3645
6	83	57	3646	3702
6	84	55	3703	3757
6	85	40	3758	3797
6	86	57	3798	3854
6	87	40	3855	3894
6	88	44	3895	3938
6	89	40	3939	3978
6	90	93	3979	4071
6	91	31	4072	4102
6	92	43	4103	4145
6	93	43	4146	4188
6	94	50	4189	4238
6	95	86	4239	4324
6	96	80	4325	4404
6	97	43	4405	4447
6	98	51	4448	4498
6	99	30	4499	4528
6	100	54	4529	4582
6	101	59	4583	4641
6	102	39	4642	4680
6	103	47	4681	4727
6	104	38	4728	4765
6	105	35	4766	4800
6	106	85	4801	4885
6	107	107	4886	4992
6	108	60	4993	5052
6	109	39	5053	5091
6	110	48	5092	5139
6	111	58	5140	5197
6	112	41	5198	5238
6	113	53	5239	5291
6	114	47	5292	5338
6	115	43	5339	5381
6	116	80	5382	5461
6	117	64	5462	5525
6	118	54	5526	5579
6	119	122	5580	5701
6	120	71	5702	5772
6	121	57	5773	5829
6	122	39	5830	5868
7	1	53	1	53
7	2	37	54	90
7	3	25	91	115
7	4	18	116	133
7	5	21	134	154
7	6	13	155	167
7	7	54	168	221
7	8	36	222	257
7	9	45	258	302
7	10	77	303	379
7	11	51	380	430
7	12	31	431	461
7	13	29	462	490
7	14	87	491	577
7	15	37	578	614
7	16	54	615	668
7	17	49	669	717
7	18	31	718	748
7	19	39	749	787
7	20	63	788	850
7	21	65	851	915
7	22	30	916	945
7	23	98	946	1043
7	24	20	1044	1063
7	25	65	1064	1128
7	26	68	1129	1196
7	27	31	1197	1227
7	28	30	1228	1257
7	29	51	1258	1308
7	30	42	1309	1350
7	31	29	1351	1379
7	32	80	1380	1459
7	33	28	1460	1487
7	34	25	1488	1512
7	35	31	1513	1543
7	36	46	1544	1589
7	37	37	1590	1626
7	38	24	1627	1650
7	39	31	1651	1681
7	40	37	1682	1718
7	41	26	1719	1744
7	42	22	1745	1766
7	43	19	1767	1785
7	44	21	1786	1806
7	45	30	1807	1836
7	46	27	1837	1863
7	47	24	1864	1887
7	48	41	1888	1928
7	49	39	1929	1967
7	50	15	1968	1982
7	51	21	1983	2003
7	52	45	2004	2048
7	53	23	2049	2071
7	54	58	2072	2129
7	55	50	2130	2179
7	56	12	2180	2191
7	57	12	2192	2203
7	58	15	2204	2218
7	59	25	2219	2243
7	60	14	2244	2257
7	61	12	2258	2269
7	62	20	2270	2289
7	63	11	2290	2300
7	64	17	2301	2317
7	65	13	2318	2330
7	66	21	2331	2351
7	67	21	2352	2372
7	68	17	2373	2389
7	69	33	2390	2422
7	70	25	2423	2447
7	71	26	2448	2473
7	72	88	2474	2561
7	73	53	2562	2614
7	74	35	2615	2649
7	75	31	2650	2680
7	76	27	2681	2707
7	77	26	2708	2733
7	78	44	2734	2777
7	79	44	2778	2821
7	80	65	2822	2886
7	81	25	2887	2911
7	82	34	2912	2945
7	83	28	2946	2973
7	84	35	2974	3008
7	85	54	3009	3062
7	86	23	3063	3085
7	87	34	3086	3119
7	88	29	3120	3148
7	89	32	3149	3180
7	90	34	3181	3214
7	91	44	3215	3258
7	92	76	3259	3334
7	93	70	3335	3404
7	94	76	3405	3480
7	95	51	3481	3531
7	96	31	3532	3562
7	97	36	3563	3598
7	98	57	3599	3655
7	99	63	3656	3718
7	100	37	3719	3755
7	101	42	3756	3797
7	102	38	3798	3835
7	103	49	3836	3884
7	104	35	3885	3919
7	105	38	3920	3957
7	106	47	3958	4004
7	107	39	4005	4043
7	108	44	4044	4087
7	109	37	4088	4124
7	110	103	4125	4227
7	111	51	4228	4278
7	112	80	4279	4358
7	113	67	4359	4425
7	114	103	4426	4528
7	115	61	4529	4589
7	116	46	4590	4635
7	117	36	4636	4671
7	118	18	4672	4689
7	119	55	4690	4744
7	120	47	4745	4791
7	121	58	4792	4849
7	122	73	4850	4922
7	123	37	4923	4959
7	124	47	4960	5006
7	125	78	5007	5084
7	126	49	5085	5133
7	127	74	5134	5207
7	128	56	5208	5263
7	129	39	5264	5302
7	130	44	5303	5346
7	131	58	5347	5404
7	132	43	5405	5447
7	133	45	5448	5492
7	134	35	5493	5527
7	135	40	5528	5567
7	136	40	5568	5607
7	137	53	5608	5660
7	138	28	5661	5688
7	139	125	5689	5813
7	140	25	5814	5838
7	141	37	5839	5875
7	142	72	5876	5947
7	143	72	5948	6019
7	144	29	6020	6048
7	145	98	6049	6146
7	146	144	6147	6290
7	147	92	6291	6382
7	148	59	6383	6441
7	149	62	6442	6503
7	150	36	6504	6539
7	151	41	6540	6580
7	152	36	6581	6616
7	153	44	6617	6660
7	154	41	6661	6701
7	155	46	6702	6747
7	156	190	6748	6937
7	157	49	6938	6986
7	158	71	6987	7057
7	159	100	7058	7157
7	160	60	7158	7217
7	161	19	7218	7236
7	162	55	7237	7291
7	163	38	7292	7329
7	164	37	7330	7366
7	165	41	7367	7407
7	166	64	7408	7471
7	167	50	7472	7521
7	168	47	7522	7568
7	169	50	7569	7618
7	170	70	7619	7688
7	171	54	7689	7742
7	172	41	7743	7783
7	173	68	7784	7851
7	174	45	7852	7896
7	175	114	7897	8010
7	176	22	8011	8032
7	177	48	8033	8080
7	178	40	8081	8120
7	179	64	8121	8184
7	180	33	8185	8217
7	181	33	8218	8250
7	182	47	8251	8297
7	183	67	8298	8364
7	184	56	8365	8420
7	185	37	8421	8457
7	186	60	8458	8517
7	187	55	8518	8572
7	188	54	8573	8626
7	189	66	8627	8692
7	190	59	8693	8751
7	191	53	8752	8804
7	192	84	8805	8888
7	193	70	8889	8958
7	194	15	8959	8973
7	195	50	8974	9023
7	196	53	9024	9076
7	197	44	9077	9120
7	198	68	9121	9188
7	199	63	9189	9251
7	200	132	9252	9383
7	201	100	9384	9483
7	202	158	9484	9641
8	1	24	1	24
8	2	26	25	50
8	3	21	51	71
8	4	16	72	87
8	5	60	88	147
8	6	39	148	186
8	7	28	187	214
8	8	31	215	245
8	9	97	246	342
8	10	56	343	398
8	11	43	399	441
8	12	45	442	486
8	13	38	487	524
8	14	39	525	563
8	15	44	564	607
8	16	51	608	658
8	17	26	659	684
8	18	25	685	709
8	19	58	710	767
8	20	51	768	818
8	21	40	819	858
8	22	30	859	888
8	23	22	889	910
8	24	78	911	988
8	25	43	989	1031
8	26	38	1032	1069
8	27	41	1070	1110
8	28	49	1111	1159
8	29	36	1160	1195
8	30	44	1196	1239
8	31	73	1240	1312
8	32	66	1313	1378
8	33	63	1379	1441
8	34	162	1442	1603
8	35	48	1604	1651
8	36	33	1652	1684
8	37	45	1685	1729
8	38	26	1730	1755
8	39	35	1756	1790
8	40	56	1791	1846
8	41	87	1847	1933
8	42	50	1934	1983
8	43	9	1984	1992
8	44	47	1993	2039
8	45	48	2040	2087
8	46	87	2088	2174
8	47	23	2175	2197
8	48	67	2198	2264
8	49	92	2265	2356
8	50	49	2357	2405
8	51	80	2406	2485
8	52	42	2486	2527
8	53	46	2528	2573
8	54	42	2574	2615
8	55	39	2616	2654
8	56	147	2655	2801
8	57	17	2802	2818
8	58	52	2819	2870
8	59	67	2871	2937
8	60	92	2938	3029
8	61	74	3030	3103
8	62	34	3104	3137
8	63	37	3138	3174
8	64	70	3175	3244
8	65	23	3245	3267
8	66	48	3268	3315
8	67	23	3316	3338
8	68	30	3339	3368
8	69	88	3369	3456
8	70	60	3457	3516
8	71	40	3517	3556
8	72	40	3557	3596
8	73	125	3597	3721
8	74	58	3722	3779
8	75	17	3780	3796
8	76	40	3797	3836
8	77	79	3837	3915
8	78	64	3916	3979
8	79	95	3980	4074
8	80	32	4075	4106
8	81	57	4107	4163
8	82	36	4164	4199
8	83	52	4200	4251
8	84	42	4252	4293
8	85	39	4294	4332
8	86	23	4333	4355
8	87	117	4356	4472
8	88	34	4473	4506
8	89	97	4507	4603
8	90	116	4604	4719
8	91	67	4720	4786
8	92	15	4787	4801
8	93	60	4802	4861
8	94	68	4862	4929
8	95	18	4930	4947
8	96	65	4948	5012
9	1	55	1	55
9	2	70	56	125
9	3	61	126	186
9	4	51	187	237
9	5	52	238	289
9	6	30	290	319
9	7	46	320	365
9	8	45	366	410
9	9	47	411	457
9	10	68	458	525
9	11	63	526	588
9	12	63	589	651
9	13	48	652	699
9	14	48	700	747
9	15	43	748	790
9	16	68	791	858
9	17	91	859	949
9	18	40	950	989
9	19	69	990	1058
9	20	27	1059	1085
9	21	37	1086	1122
9	22	49	1123	1171
9	23	92	1172	1263
9	24	66	1264	1329
9	25	63	1330	1392
9	26	42	1393	1434
9	27	57	1435	1491
9	28	68	1492	1559
9	29	105	1560	1664
9	30	68	1665	1732
9	31	73	1733	1805
9	32	71	1806	1876
9	33	58	1877	1934
9	34	22	1935	1956
9	35	90	1957	2046
9	36	54	2047	2100
9	37	66	2101	2166
9	38	59	2167	2225
9	39	38	2226	2263
9	40	32	2264	2295
9	41	40	2296	2335
9	42	41	2336	2376
9	43	49	2377	2425
9	44	53	2426	2478
9	45	115	2479	2593
9	46	108	2594	2701
9	47	33	2702	2734
9	48	68	2735	2802
9	49	24	2803	2826
9	50	69	2827	2895
9	51	53	2896	2948
9	52	29	2949	2977
9	53	26	2978	3003
9	54	41	3004	3044
9	55	51	3045	3095
9	56	46	3096	3141
9	57	70	3142	3211
9	58	62	3212	3273
9	59	31	3274	3304
9	60	48	3305	3352
9	61	71	3353	3423
9	62	45	3424	3468
9	63	78	3469	3546
9	64	43	3547	3589
9	65	46	3590	3635
10	1	69	1	69
10	2	35	70	104
10	3	36	105	140
10	4	34	141	174
10	5	40	175	214
10	6	34	215	248
10	7	68	249	316
10	8	159	317	475
10	9	63	476	538
10	10	31	539	569
10	11	31	570	600
10	12	41	601	641
10	13	22	642	663
10	14	16	664	679
10	15	35	680	714
10	16	37	715	751
10	17	26	752	777
10	18	26	778	803
11	1	44	1	44
11	2	37	45	81
11	3	20	82	101
11	4	20	102	121
11	5	24	122	145
11	6	14	146	159
11	7	29	160	188
11	8	53	189	241
11	9	23	242	264
11	10	20	265	284
11	11	24	285	308
11	12	30	309	338
11	13	17	339	355
11	14	21	356	376
11	15	44	377	420
11	16	61	421	481
11	17	32	482	513
11	18	28	514	541
11	19	21	542	562
11	20	35	563	597
11	21	14	598	611
11	22	18	612	629
11	23	42	630	671
11	24	30	672	701
11	25	50	702	751
11	26	44	752	795
11	27	30	796	825
12	1	44	1	44
12	2	29	45	73
12	3	33	74	106
12	4	21	107	127
12	5	15	128	142
12	6	13	143	155
12	7	44	156	199
12	8	37	200	236
12	9	37	237	273
12	10	28	274	301
12	11	28	302	329
12	12	38	330	367
12	13	13	368	380
12	14	39	381	419
12	15	58	420	477
12	16	29	478	506
12	17	24	507	530
12	18	40	531	570
12	19	26	571	596
12	20	14	597	610
12	21	20	611	630
12	22	15	631	645
12	23	47	646	692
12	24	34	693	726
12	25	36	727	762
12	26	31	763	793
12	27	34	794	827
12	28	59	828	886
12	29	149	887	1035
12	30	44	1036	1079
12	31	47	1080	1126
12	32	25	1127	1151
12	33	48	1152	1199
12	34	32	1200	1231
12	35	51	1232	1282
12	36	50	1283	1332
12	37	49	1333	1381
12	38	37	1382	1418
12	39	12	1419	1430
12	40	24	1431	1454
12	41	19	1455	1473
12	42	12	1474	1485
12	43	17	1486	1502
12	44	16	1503	1518
12	45	20	1519	1538
12	46	35	1539	1573
12	47	108	1574	1681
12	48	16	1682	1697
12	49	90	1698	1787
12	50	38	1788	1825
12	51	18	1826	1843
12	52	34	1844	1877
12	53	26	1878	1903
12	54	39	1904	1942
12	55	22	1943	1964
12	56	61	1965	2025
12	57	45	2026	2070
12	58	30	2071	2100
12	59	145	2101	2245
12	60	54	2246	2299
12	61	21	2300	2320
12	62	11	2321	2331
12	63	30	2332	2361
12	64	30	2362	2391
12	65	35	2392	2426
12	66	43	2427	2469
12	67	39	2470	2508
12	68	61	2509	2569
12	69	105	2570	2674
12	70	14	2675	2688
12	71	33	2689	2721
12	72	25	2722	2746
12	73	32	2747	2778
12	74	22	2779	2800
12	75	37	2801	2837
12	76	14	2838	2851
12	77	34	2852	2885
12	78	44	2886	2929
12	79	21	2930	2950
12	80	41	2951	2991
12	81	31	2992	3022
12	82	68	3023	3090
12	83	57	3091	3147
12	84	11	3148	3158
12	85	34	3159	3192
12	86	33	3193	3225
12	87	40	3226	3265
12	88	33	3266	3298
12	89	26	3299	3324
12	90	40	3325	3364
12	91	60	3365	3424
12	92	19	3425	3443
12	93	39	3444	3482
12	94	13	3483	3495
12	95	22	3496	3517
12	96	24	3518	3541
12	97	32	3542	3573
12	98	51	3574	3624
12	99	18	3625	3642
12	100	50	3643	3692
12	101	20	3693	3712
12	102	41	3713	3753
12	103	53	3754	3806
12	104	54	3807	3860
12	105	25	3861	3885
12	106	28	3886	3913
12	107	32	3914	3945
12	108	33	3946	3978
12	109	30	3979	4008
12	110	30	4009	4038
12	111	90	4039	4128
12	112	21	4129	4149
12	113	14	4150	4163
12	114	21	4164	4184
12	115	23	4185	4207
12	116	23	4208	4230
12	117	23	4231	4253
12	118	28	4254	4281
12	119	20	4282	4301
12	120	56	4302	4357
12	121	60	4358	4417
12	122	56	4418	4473
12	123	25	4474	4498
12	124	71	4499	4569
12	125	19	4570	4588
12	126	19	4589	4607
12	127	26	4608	4633
12	128	27	4634	4660
12	129	11	4661	4671
12	130	50	4672	4721
12	131	14	4722	4735
12	132	22	4736	4757
12	133	20	4758	4777
12	134	17	4778	4794
12	135	26	4795	4820
12	136	11	4821	4831
12	137	24	4832	4855
12	138	221	4856	5076
12	139	113	5077	5189
12	140	71	5190	5260
12	141	102	5261	5362
12	142	38	5363	5400
12	143	33	5401	5433
12	144	17	5434	5450
12	145	13	5451	5463
12	146	26	5464	5489
12	147	11	5490	5500
12	148	12	5501	5512
12	149	19	5513	5531
12	150	19	5532	5550
12	151	22	5551	5572
12	152	39	5573	5611
12	153	122	5612	5733
12	154	21	5734	5754
12	155	18	5755	5772
12	156	19	5773	5791
12	157	16	5792	5807
12	158	35	5808	5842
12	159	14	5843	5856
12	160	38	5857	5894
12	161	13	5895	5907
12	162	26	5908	5933
12	163	22	5934	5955
12	164	13	5956	5968
12	165	78	5969	6046
12	166	89	6047	6135
12	167	51	6136	6186
12	168	52	6187	6238
12	169	24	6239	6262
12	170	26	6263	6288
12	171	34	6289	6322
12	172	26	6323	6348
12	173	26	6349	6374
12	174	63	6375	6437
12	175	39	6438	6476
12	176	23	6477	6499
12	177	54	6500	6553
12	178	13	6554	6566
12	179	37	6567	6603
12	180	54	6604	6657
12	181	20	6658	6677
12	182	38	6678	6715
12	183	17	6716	6732
12	184	44	6733	6776
12	185	17	6777	6793
12	186	15	6794	6808
12	187	31	6809	6839
12	188	20	6840	6859
12	189	18	6860	6877
12	190	16	6878	6893
12	191	18	6894	6911
12	192	27	6912	6938
12	193	33	6939	6971
12	194	63	6972	7034
12	195	22	7035	7056
12	196	23	7057	7079
12	197	13	7080	7092
12	198	11	7093	7103
12	199	128	7104	7231
12	200	34	7232	7265
12	201	27	7266	7292
12	202	23	7293	7315
12	203	23	7316	7338
12	204	20	7339	7358
12	205	26	7359	7384
12	206	32	7385	7416
12	207	49	7417	7465
12	208	36	7466	7501
12	209	36	7502	7537
12	210	46	7538	7583
12	211	17	7584	7600
12	212	33	7601	7633
12	213	21	7634	7654
12	214	29	7655	7683
12	215	27	7684	7710
12	216	20	7711	7730
12	217	38	7731	7768
12	218	49	7769	7817
12	219	52	7818	7869
12	220	20	7870	7889
12	221	17	7890	7906
12	222	37	7907	7943
12	223	30	7944	7973
12	224	60	7974	8033
12	225	38	8034	8071
12	226	23	8072	8094
12	227	119	8095	8213
12	228	96	8214	8309
12	229	25	8310	8334
12	230	24	8335	8358
12	231	32	8359	8390
12	232	43	8391	8433
12	233	19	8434	8452
12	234	38	8453	8490
12	235	32	8491	8522
12	236	41	8523	8563
12	237	25	8564	8588
12	238	21	8589	8609
12	239	34	8610	8643
12	240	36	8644	8679
12	241	20	8680	8699
12	242	30	8700	8729
12	243	29	8730	8758
12	244	31	8759	8789
12	245	36	8790	8825
12	246	23	8826	8848
12	247	25	8849	8873
12	248	24	8874	8897
12	249	14	8898	8911
12	250	25	8912	8936
12	251	24	8937	8960
12	252	12	8961	8972
12	253	15	8973	8987
12	254	14	8988	9001
12	255	13	9002	9014
12	256	21	9015	9035
12	257	22	9036	9057
12	258	42	9058	9099
12	259	27	9100	9126
12	260	20	9127	9146
12	261	51	9147	9197
12	262	55	9198	9252
12	263	42	9253	9294
12	264	23	9295	9317
12	265	14	9318	9331
12	266	78	9332	9409
12	267	36	9410	9445
12	268	40	9446	9485
12	269	68	9486	9553
12	270	47	9554	9600
12	271	56	9601	9656
12	272	20	9657	9676
12	273	24	9677	9700
12	274	19	9701	9719
12	275	38	9720	9757
12	276	14	9758	9771
12	277	39	9772	9810
12	278	22	9811	9832
12	279	34	9833	9866
12	280	70	9867	9936
12	281	44	9937	9980
12	282	65	9981	10045
12	283	63	10046	10108
12	284	208	10109	10316
12	285	46	10317	10362
12	286	21	10363	10383
12	287	59	10384	10442
12	288	47	10443	10489
12	289	38	10490	10527
12	290	26	10528	10553
12	291	23	10554	10576
12	292	23	10577	10599
12	293	21	10600	10620
12	294	31	10621	10651
12	295	39	10652	10690
12	296	39	10691	10729
12	297	41	10730	10770
12	298	47	10771	10817
12	299	45	10818	10862
12	300	62	10863	10924
12	301	116	10925	11040
12	302	49	11041	11089
12	303	54	11090	11143
12	304	11	11144	11154
12	305	39	11155	11193
12	306	50	11194	11243
12	307	48	11244	11291
12	308	51	11292	11342
12	309	25	11343	11367
12	310	26	11368	11393
12	311	21	11394	11414
12	312	17	11415	11431
12	313	28	11432	11459
12	314	18	11460	11477
12	315	20	11478	11497
12	316	27	11498	11524
12	317	21	11525	11545
12	318	112	11546	11657
12	319	15	11658	11672
12	320	190	11673	11862
12	321	94	11863	11956
12	322	20	11957	11976
12	323	29	11977	12005
12	324	27	12006	12032
12	325	45	12033	12077
12	326	51	12078	12128
12	327	52	12129	12180
12	328	57	12181	12237
12	329	59	12238	12296
12	330	30	12297	12326
12	331	65	12327	12391
12	332	31	12392	12422
12	333	42	12423	12464
12	334	45	12465	12509
12	335	55	12510	12564
12	336	65	12565	12629
12	337	41	12630	12670
12	338	3	12671	12673
12	339	141	12674	12814
12	340	119	12815	12933
12	341	59	12934	12992
12	342	141	12993	13133
12	343	66	13134	13199
12	344	27	13200	13226
12	345	28	13227	13254
12	346	22	13255	13276
12	347	96	13277	13372
12	348	88	13373	13460
12	349	74	13461	13534
12	350	27	13535	13561
12	351	23	13562	13584
12	352	11	13585	13595
12	353	9	13596	13604
12	354	16	13605	13620
12	355	11	13621	13631
12	356	11	13632	13642
12	357	13	13643	13655
12	358	13	13656	13668
12	359	16	13669	13684
12	360	20	13685	13704
12	361	16	13705	13720
12	362	18	13721	13738
12	363	6	13739	13744
12	364	10	13745	13754
12	365	9	13755	13763
13	1	83	1	83
13	2	96	84	179
13	3	19	180	198
13	4	62	199	260
13	5	32	261	292
13	6	49	293	341
13	7	29	342	370
13	8	29	371	399
13	9	28	400	427
13	10	75	428	502
13	11	21	503	523
13	12	54	524	577
13	13	6	578	583
13	14	429	584	1012
13	15	11	1013	1023
13	16	76	1024	1099
13	17	59	1100	1158
13	18	83	1159	1241
13	19	103	1242	1344
13	20	26	1345	1370
13	21	19	1371	1389
13	22	41	1390	1430
13	23	103	1431	1533
13	24	12	1534	1545
13	25	71	1546	1616
13	26	106	1617	1722
13	27	30	1723	1752
13	28	16	1753	1768
13	29	26	1769	1794
13	30	67	1795	1861
13	31	36	1862	1897
13	32	39	1898	1936
13	33	27	1937	1963
13	34	31	1964	1994
13	35	23	1995	2017
13	36	19	2018	2036
13	37	18	2037	2054
13	38	30	2055	2084
13	39	14	2085	2098
13	40	60	2099	2158
13	41	36	2159	2194
13	42	33	2195	2227
13	43	27	2228	2254
13	44	56	2255	2310
13	45	23	2311	2333
13	46	15	2334	2348
13	47	61	2349	2409
13	48	50	2410	2459
13	49	28	2460	2487
13	50	27	2488	2514
13	51	48	2515	2562
13	52	39	2563	2601
13	53	69	2602	2670
13	54	40	2671	2710
13	55	37	2711	2747
13	56	21	2748	2768
13	57	44	2769	2812
13	58	33	2813	2845
13	59	41	2846	2886
13	60	20	2887	2906
13	61	38	2907	2944
13	62	96	2945	3040
13	63	52	3041	3092
13	64	36	3093	3128
13	65	19	3129	3147
13	66	65	3148	3212
13	67	19	3213	3231
13	68	34	3232	3265
13	69	22	3266	3287
13	70	33	3288	3320
13	71	57	3321	3377
13	72	12	3378	3389
13	73	51	3390	3440
13	74	15	3441	3455
13	75	41	3456	3496
13	76	31	3497	3527
13	77	35	3528	3562
13	78	25	3563	3587
13	79	27	3588	3614
13	80	17	3615	3631
13	81	47	3632	3678
13	82	27	3679	3705
13	83	52	3706	3757
13	84	82	3758	3839
13	85	168	3840	4007
13	86	35	4008	4042
13	87	19	4043	4061
13	88	15	4062	4076
13	89	15	4077	4091
13	90	54	4092	4145
13	91	45	4146	4190
13	92	23	4191	4213
13	93	149	4214	4362
13	94	54	4363	4416
13	95	28	4417	4444
13	96	22	4445	4466
13	97	25	4467	4491
13	98	66	4492	4557
13	99	29	4558	4586
13	100	41	4587	4627
13	101	29	4628	4656
13	102	63	4657	4719
13	103	45	4720	4764
13	104	157	4765	4921
13	105	20	4922	4941
13	106	72	4942	5013
13	107	144	5014	5157
13	108	21	5158	5178
13	109	17	5179	5195
13	110	10	5196	5205
13	111	133	5206	5338
13	112	31	5339	5369
13	113	11	5370	5380
13	114	18	5381	5398
13	115	85	5399	5483
13	116	42	5484	5525
13	117	29	5526	5554
13	118	24	5555	5578
13	119	15	5579	5593
13	120	27	5594	5620
13	121	17	5621	5637
13	122	20	5638	5657
13	123	22	5658	5679
13	124	39	5680	5718
13	125	84	5719	5802
13	126	50	5803	5852
13	127	19	5853	5871
13	128	11	5872	5882
13	129	15	5883	5897
13	130	40	5898	5937
13	131	12	5938	5949
13	132	17	5950	5966
13	133	9	5967	5975
13	134	17	5976	5992
13	135	21	5993	6013
13	136	25	6014	6038
13	137	32	6039	6070
13	138	11	6071	6081
13	139	50	6082	6131
13	140	51	6132	6182
13	141	115	6183	6297
13	142	59	6298	6356
13	143	59	6357	6415
13	144	60	6416	6475
13	145	64	6476	6539
13	146	61	6540	6600
13	147	62	6601	6662
13	148	66	6663	6728
13	149	35	6729	6763
13	150	82	6764	6845
13	151	23	6846	6868
13	152	28	6869	6896
13	153	19	6897	6915
13	154	32	6916	6947
13	155	26	6948	6973
13	156	34	6974	7007
13	157	27	7008	7034
13	158	46	7035	7080
13	159	56	7081	7136
13	160	44	7137	7180
13	161	29	7181	7209
13	162	63	7210	7272
13	163	14	7273	7286
13	164	15	7287	7301
13	165	62	7302	7363
13	166	17	7364	7380
13	167	52	7381	7432
13	168	37	7433	7469
14	1	19	1	19
14	2	20	20	39
14	3	23	40	62
14	4	28	63	90
14	5	28	91	118
14	6	33	119	151
14	7	27	152	178
14	8	38	179	216
14	9	37	217	253
14	10	37	254	290
14	11	20	291	310
14	12	16	311	326
14	13	22	327	348
14	14	17	349	365
14	15	35	366	400
14	16	46	401	446
14	17	42	447	488
14	18	35	489	523
14	19	66	524	589
14	20	28	590	617
14	21	26	618	643
14	22	29	644	672
14	23	24	673	696
14	24	17	697	713
14	25	19	714	732
14	26	18	733	750
14	27	24	751	774
14	28	28	775	802
14	29	22	803	824
14	30	33	825	857
14	31	13	858	870
14	32	26	871	896
14	33	8	897	904
14	34	12	905	916
14	35	50	917	966
14	36	36	967	1002
14	37	18	1003	1020
14	38	15	1021	1035
14	39	25	1036	1060
14	40	13	1061	1073
14	41	5	1074	1078
14	42	67	1079	1145
14	43	42	1146	1187
14	44	22	1188	1209
14	45	25	1210	1234
14	46	58	1235	1292
14	47	17	1293	1309
14	48	13	1310	1322
14	49	17	1323	1339
14	50	56	1340	1395
14	51	52	1396	1447
14	52	58	1448	1505
14	53	26	1506	1531
14	54	23	1532	1554
14	55	37	1555	1591
14	56	35	1592	1626
14	57	28	1627	1654
14	58	60	1655	1714
14	59	21	1715	1735
14	60	36	1736	1771
14	61	42	1772	1813
14	62	21	1814	1834
14	63	24	1835	1858
14	64	16	1859	1874
14	65	23	1875	1897
14	66	29	1898	1926
14	67	19	1927	1945
14	68	24	1946	1969
14	69	24	1970	1993
14	70	21	1994	2014
14	71	26	2015	2040
14	72	26	2041	2066
14	73	28	2067	2094
14	74	34	2095	2128
14	75	20	2129	2148
14	76	26	2149	2174
14	77	32	2175	2206
14	78	49	2207	2255
14	79	39	2256	2294
14	80	61	2295	2355
14	81	32	2356	2387
14	82	30	2388	2417
14	83	20	2418	2437
14	84	24	2438	2461
14	85	42	2462	2503
14	86	21	2504	2524
14	87	27	2525	2551
14	88	40	2552	2591
14	89	44	2592	2635
14	90	120	2636	2755
14	91	37	2756	2792
14	92	53	2793	2845
15	1	27	1	27
15	2	30	28	57
15	3	87	58	144
15	4	22	145	166
15	5	43	167	209
15	6	20	210	229
15	7	23	230	252
15	8	24	253	276
15	9	18	277	294
15	10	53	295	347
15	11	25	348	372
15	12	13	373	385
15	13	15	386	400
15	14	18	401	418
15	15	13	419	431
15	16	32	432	463
15	17	21	464	484
15	18	25	485	509
15	19	18	510	527
15	20	38	528	565
15	21	16	566	581
15	22	26	582	607
15	23	18	608	625
15	24	20	626	645
15	25	19	646	664
15	26	38	665	702
15	27	26	703	728
15	28	25	729	753
15	29	52	754	805
15	30	24	806	829
15	31	25	830	854
15	32	21	855	875
15	33	31	876	906
15	34	18	907	924
15	35	18	925	942
15	36	53	943	995
15	37	45	996	1040
15	38	21	1041	1061
15	39	27	1062	1088
16	1	31	1	31
16	2	24	32	55
16	3	47	56	102
16	4	28	103	130
16	5	15	131	145
16	6	28	146	173
16	7	76	174	249
16	8	38	250	287
17	1	46	1	46
17	2	26	47	72
17	3	38	73	110
18	1	26	1	26
18	2	54	27	80
18	3	44	81	124
18	4	23	125	147
18	5	68	148	215
18	6	90	216	305
18	7	11	306	316
