kanda	sarga	n_verses	volume	page_first	page_last
1	1	107	1	3	14
1	2	46	1	15	19
1	3	74	1	20	27
1	4	149	1	28	43
1	5	20	1	44	46
1	6	29	1	47	50
1	7	18	1	51	53
1	8	32	1	54	57
1	9	69	1	58	65
1	10	38	1	66	70
1	11	25	1	71	73
1	12	35	1	74	77
1	13	47	1	78	82
1	14	43	1	83	87
1	15	24	1	88	90
1	16	11	1	91	92
1	17	29	1	93	96
1	18	27	1	97	99
1	19	31	1	100	103
1	20	22	1	104	106
1	21	23	1	107	109
1	22	20	1	110	112
1	23	26	1	113	115
1	24	20	1	116	118
1	25	21	1	119	121
1	26	21	1	122	124
1	27	30	1	125	128
1	28	21	1	129	131
1	29	24	1	132	134
1	30	25	1	135	137
1	31	20	1	138	140
1	32	24	1	141	143
1	33	24	1	144	146
1	34	23	1	147	149
1	35	51	1	150	155
1	36	19	1	156	158
1	37	23	1	159	161
1	38	31	1	162	165
1	39	31	1	166	169
1	40	23	1	170	172
1	41	29	1	173	176
1	42	26	1	177	179
1	43	27	1	180	182
1	44	24	1	183	185
1	45	57	1	186	191
1	46	35	1	192	195
1	47	23	1	196	198
1	48	25	1	199	201
1	49	34	1	202	205
1	50	24	1	206	208
1	51	23	1	209	211
1	52	27	1	212	214
1	53	23	1	215	217
1	54	26	1	218	220
1	55	23	1	221	223
1	56	28	1	224	226
1	57	25	1	227	229
1	58	7	1	230	230
1	59	19	1	231	233
1	60	27	1	234	236
1	61	23	1	237	239
1	62	34	1	240	243
1	63	24	1	244	246
1	64	28	1	247	249
1	65	33	1	250	253
1	66	21	1	254	256
1	67	30	1	257	260
1	68	25	1	261	263
1	69	28	1	264	266
1	70	20	1	267	269
1	71	26	1	270	272
1	72	36	1	273	276
1	73	23	1	277	279
1	74	30	1	280	283
1	75	30	1	284	287
1	76	27	1	288	290
1	77	55	1	291	296
1	78	16	1	297	298
1	79	48	1	299	303
1	80	32	1	304	307
2	1	42	1	311	315
2	2	36	1	316	319
2	3	45	1	320	324
2	4	26	1	325	327
2	5	29	1	328	331
2	6	33	1	332	335
2	7	32	1	336	339
2	8	60	1	340	346
2	9	47	1	347	352
2	10	29	2	3	6
2	11	31	2	7	10
2	12	38	2	11	15
2	13	29	2	16	19
2	14	22	2	20	22
2	15	36	2	23	26
2	16	47	2	27	31
2	17	43	2	32	36
2	18	56	2	37	43
2	19	22	2	44	46
2	20	47	2	47	52
2	21	26	2	53	55
2	22	17	2	56	57
2	23	26	2	58	60
2	24	22	2	61	63
2	25	42	2	64	68
2	26	39	2	69	73
2	27	26	2	74	77
2	28	33	2	78	81
2	29	29	2	82	85
2	30	39	2	86	90
2	31	32	2	91	94
2	32	46	2	95	99
2	33	28	2	100	103
2	34	29	2	104	107
2	35	51	2	108	113
2	36	27	2	114	116
2	37	24	2	117	119
2	38	50	2	120	125
2	39	52	2	126	131
2	40	20	2	132	134
2	41	29	2	135	138
2	42	21	2	139	141
2	43	36	2	142	145
2	44	30	2	146	149
2	45	32	2	150	153
2	46	20	2	154	156
2	47	28	2	157	160
2	48	24	2	161	163
2	49	36	2	164	167
2	50	21	2	168	170
2	51	26	2	171	173
2	52	39	2	174	178
2	53	41	2	179	183
2	54	42	2	184	188
2	55	20	2	189	191
2	56	33	2	192	195
2	57	32	2	196	199
2	58	37	2	200	203
2	59	32	2	204	207
2	60	23	2	208	210
2	61	35	2	211	214
2	62	43	2	215	219
2	63	20	2	220	222
2	64	20	2	223	225
2	65	47	2	226	231
2	66	69	2	232	239
2	67	25	2	240	242
2	68	56	2	243	249
2	69	34	2	250	253
2	70	20	2	254	256
2	71	23	2	257	259
2	72	27	2	260	262
2	73	32	2	263	266
2	74	63	2	267	273
2	75	30	2	274	277
2	76	32	2	278	281
2	77	32	2	282	285
2	78	23	2	286	288
2	79	40	2	289	293
2	80	25	2	294	296
2	81	33	2	297	300
2	82	15	2	301	302
2	83	42	2	303	307
2	84	24	2	308	310
2	85	26	2	311	313
2	86	21	2	314	316
2	87	25	2	317	319
2	88	28	2	320	322
2	89	13	2	323	324
2	90	39	2	325	329
2	91	20	2	330	332
2	92	28	2	333	335
2	93	18	2	336	337
2	94	25	2	338	340
2	95	28	2	341	343
2	96	28	2	344	346
2	97	27	2	347	349
2	98	24	2	350	352
2	99	40	2	353	357
2	100	77	2	358	365
2	101	42	2	366	370
2	102	28	2	371	373
2	103	27	2	374	376
2	104	20	2	377	379
2	105	58	2	380	385
2	106	30	2	386	389
2	107	20	2	390	392
2	108	40	2	393	397
2	109	66	2	398	404
2	110	23	2	405	407
2	111	53	2	408	413
2	112	33	2	414	417
2	113	26	2	418	420
2	114	36	2	421	424
2	115	19	2	425	427
2	116	49	2	428	433
2	117	27	2	434	436
2	118	32	2	437	440
2	119	34	2	441	444
2	120	25	2	445	447
2	121	21	2	448	450
2	122	29	2	451	454
2	123	24	2	455	457
2	124	25	2	458	460
2	125	23	2	461	463
2	126	7	2	464	464
2	127	18	2	465	466
3	1	35	3	3	6
3	2	28	3	7	9
3	3	22	3	10	12
3	4	53	3	13	18
3	5	23	3	19	21
3	6	23	3	22	24
3	7	36	3	25	28
3	8	25	3	29	31
3	9	37	3	32	35
3	10	26	3	36	38
3	11	20	3	39	41
3	12	19	3	42	43
3	13	31	3	44	47
3	14	24	3	48	50
3	15	46	3	51	55
3	16	41	3	56	60
3	17	33	3	61	64
3	18	48	3	65	69
3	19	27	3	70	72
3	20	38	3	73	76
3	21	31	3	77	80
3	22	38	3	81	84
3	23	46	3	85	89
3	24	26	3	90	92
3	25	26	3	93	95
3	26	28	3	96	98
3	27	23	3	99	101
3	28	42	3	102	106
3	29	33	3	107	110
3	30	46	3	111	115
3	31	49	3	116	120
3	32	36	3	121	124
3	33	43	3	125	129
3	34	36	3	130	133
3	35	115	3	134	145
3	36	26	3	146	148
3	37	24	3	149	151
3	38	27	3	152	154
3	39	42	3	155	159
3	40	34	3	160	163
3	41	39	3	164	167
3	42	59	3	168	173
3	43	43	3	174	178
3	44	31	3	179	182
3	45	22	3	183	185
3	46	21	3	186	188
3	47	18	3	189	190
3	48	19	3	191	192
3	49	57	3	193	198
3	50	28	3	199	201
3	51	44	3	202	206
3	52	53	3	207	212
3	53	62	3	213	219
3	54	28	3	220	222
3	55	52	3	223	228
3	56	54	3	229	234
3	57	35	3	235	238
3	58	46	3	239	243
3	59	27	3	244	246
3	60	39	3	247	250
3	61	49	3	251	255
3	62	38	3	256	259
3	63	29	3	260	262
3	64	21	3	263	265
3	65	19	3	266	267
3	66	26	3	268	270
3	67	24	3	271	273
3	68	56	3	274	279
3	69	27	3	280	282
3	70	21	3	283	285
3	71	17	3	286	287
3	72	29	3	288	290
3	73	42	3	291	295
3	74	32	3	296	299
3	75	74	3	300	307
3	76	39	3	308	311
3	77	33	3	312	315
3	78	31	3	316	319
3	79	51	3	320	325
4	1	32	3	329	332
4	2	23	3	333	335
4	3	29	3	336	338
4	4	20	3	339	341
4	5	31	3	342	345
4	6	24	3	346	348
4	7	24	3	349	351
4	8	58	3	352	357
4	9	107	3	358	368
4	10	36	3	369	372
4	11	12	3	373	374
4	12	48	3	375	379
4	13	47	3	380	384
4	14	32	3	385	388
4	15	34	3	389	392
4	16	53	3	393	398
4	17	58	3	399	404
4	18	32	3	405	408
4	19	37	3	409	412
4	20	21	3	413	415
4	21	38	3	416	419
4	22	39	3	420	424
4	23	12	3	425	426
4	24	44	3	427	431
4	25	39	3	432	435
4	26	25	3	436	438
4	27	23	3	439	441
4	28	32	3	442	445
4	29	29	3	446	448
4	30	22	3	449	451
4	31	38	3	452	456
4	32	22	3	457	459
4	33	45	3	460	464
4	34	35	4	3	6
4	35	33	4	7	10
4	36	21	4	11	13
4	37	38	4	14	17
4	38	59	4	18	23
4	39	43	4	24	28
4	40	71	4	29	36
4	41	79	4	37	44
4	42	16	4	45	46
4	43	69	4	47	53
4	44	130	4	54	67
4	45	19	4	68	69
4	46	18	4	70	71
4	47	19	4	72	73
4	48	24	4	74	76
4	49	29	4	77	79
4	50	38	4	80	83
4	51	46	4	84	88
4	52	28	4	89	91
4	53	26	4	92	94
4	54	22	4	95	97
4	55	21	4	98	100
4	56	29	4	101	103
4	57	24	4	104	106
4	58	39	4	107	110
4	59	23	4	111	113
4	60	24	4	114	116
4	61	59	4	117	122
4	62	25	4	123	125
4	63	29	4	126	129
5	1	97	4	133	143
5	2	46	4	144	148
5	3	79	4	149	156
5	4	13	4	157	158
5	5	31	4	159	162
5	6	29	4	163	165
5	7	73	4	166	173
5	8	26	4	174	176
5	9	68	4	177	183
5	10	22	4	184	186
5	11	26	4	187	192
5	12	49	4	193	197
5	13	71	4	198	205
5	14	69	4	206	213
5	15	59	4	214	219
5	16	55	4	220	225
5	17	36	4	226	229
5	18	38	4	230	233
5	19	35	4	234	237
5	20	27	4	238	240
5	21	22	4	241	243
5	22	35	4	244	247
5	23	34	4	248	251
5	24	39	4	252	255
5	25	56	4	256	261
5	26	43	4	262	266
5	27	35	4	267	270
5	28	18	4	271	274
5	29	35	4	275	278
5	30	19	4	279	280
5	31	62	4	281	287
5	32	48	4	288	292
5	33	47	4	293	298
5	34	23	4	299	301
5	35	48	4	302	306
5	36	77	4	307	314
5	37	43	4	315	320
5	38	51	4	321	326
5	39	33	4	327	330
5	40	15	4	331	332
5	41	41	4	333	337
5	42	22	4	338	342
5	43	15	4	343	345
5	44	21	4	346	349
5	45	19	4	350	351
5	46	18	4	352	353
5	47	36	4	354	357
5	48	16	4	358	360
5	49	33	4	361	364
5	50	21	4	365	367
5	51	26	4	368	370
5	52	19	4	371	372
5	53	29	4	373	375
5	54	19	4	376	377
5	55	36	4	378	381
5	56	146	4	382	396
5	57	15	4	397	398
5	58	21	4	399	401
5	59	20	4	402	404
5	60	20	4	405	407
5	61	20	4	408	410
5	62	11	4	411	412
5	63	28	4	413	415
5	64	25	4	416	418
5	65	19	4	419	420
5	66	34	4	421	424
5	67	15	4	425	426
5	68	43	4	427	431
5	69	28	4	432	434
5	70	19	4	435	436
5	71	17	4	437	438
5	72	21	4	439	441
5	73	66	4	442	448
5	74	39	4	449	452
5	75	19	4	453	454
5	76	24	4	455	457
5	77	19	4	458	459
5	78	23	4	460	462
5	79	17	4	463	464
5	80	32	4	465	469
5	81	55	4	470	475
5	82	21	4	476	478
5	83	18	4	479	480
5	84	15	4	481	482
5	85	25	4	483	485
5	86	22	4	486	488
5	87	26	4	489	491
5	88	25	4	492	494
5	89	72	4	495	502
5	90	41	4	503	507
5	91	25	4	508	510
5	92	20	4	511	513
5	93	23	4	514	516
5	94	23	4	517	519
5	95	45	4	520	524
6	1	46	5	3	8
6	2	51	5	9	14
6	3	51	5	15	20
6	4	62	5	21	27
6	5	25	5	28	30
6	6	33	5	31	34
6	7	49	5	35	39
6	8	45	5	40	44
6	9	39	5	45	48
6	10	37	5	49	52
6	11	46	5	53	57
6	12	22	5	58	60
6	13	36	5	61	64
6	14	25	5	65	67
6	15	28	5	68	70
6	16	105	5	71	81
6	17	32	5	82	85
6	18	59	5	86	91
6	19	76	5	92	99
6	20	28	5	100	102
6	21	46	5	103	107
6	22	27	5	108	110
6	23	41	5	111	115
6	24	43	5	116	120
6	25	41	5	121	125
6	26	49	5	126	130
6	27	35	5	131	134
6	28	42	5	135	139
6	29	29	5	140	142
6	30	39	5	143	146
6	31	47	5	147	151
6	32	45	5	152	156
6	33	51	5	157	162
6	34	24	5	163	165
6	35	21	5	166	170
6	36	121	5	171	187
6	37	102	5	188	198
6	38	41	5	199	203
6	39	33	5	204	207
6	40	53	5	208	213
6	41	25	5	214	216
6	42	23	5	217	219
6	43	37	5	220	223
6	44	48	5	224	228
6	45	39	5	229	232
6	46	141	5	233	251
6	47	19	5	252	253
6	48	13	5	254	255
6	49	82	5	256	265
6	50	57	5	266	272
6	51	111	5	273	285
6	52	54	5	286	293
6	53	68	5	294	302
6	54	64	5	303	309
6	55	89	5	310	318
6	56	22	5	319	321
6	57	27	5	322	324
6	58	49	5	325	329
6	59	25	5	330	332
6	60	29	5	333	335
6	61	29	5	336	338
6	62	44	5	339	343
6	63	23	5	344	346
6	64	29	5	347	349
6	65	35	5	350	353
6	66	33	5	354	357
6	67	33	5	358	361
6	68	37	5	362	365
6	69	48	5	366	370
6	70	59	5	371	376
6	71	28	5	377	379
6	72	69	5	380	386
6	73	40	5	387	391
6	74	42	5	392	396
6	75	68	5	397	403
6	76	44	5	404	408
6	77	31	5	409	412
6	78	24	5	413	415
6	79	76	5	416	423
6	80	42	5	424	428
6	81	27	5	429	431
6	82	184	5	432	450
6	83	61	5	451	457
6	84	36	5	458	461
6	85	13	5	462	463
6	86	46	5	464	468
6	87	29	5	469	471
6	88	36	5	472	475
6	89	25	5	476	478
6	90	33	5	479	482
6	91	28	5	483	485
6	92	83	5	486	494
6	93	32	5	495	498
6	94	28	5	499	501
6	95	65	5	502	508
6	96	17	5	509	511
6	97	25	5	512	514
6	98	41	5	515	519
6	99	57	5	520	525
6	100	23	5	526	528
6	101	35	5	529	532
6	102	34	5	533	536
6	103	23	5	537	539
6	104	46	5	540	544
6	105	26	5	545	547
6	106	26	5	548	550
6	107	25	5	551	553
6	108	47	5	554	558
6	109	69	5	559	565
6	110	58	5	566	571
6	111	59	5	572	577
6	112	110	5	578	589
6	113	16	5	590	591
7	1	35	6	3	6
7	2	32	6	7	10
7	3	34	6	11	14
7	4	31	6	15	18
7	5	45	6	19	23
7	6	64	6	24	30
7	7	55	6	31	37
7	8	30	6	38	41
7	9	48	6	42	46
7	10	52	6	47	52
7	11	51	6	53	58
7	12	32	6	59	62
7	13	41	6	63	67
7	14	30	6	68	71
7	15	42	6	72	76
7	16	39	6	77	80
7	17	40	6	81	85
7	18	36	6	86	89
7	19	30	6	90	93
7	20	44	6	94	98
7	21	74	6	99	106
7	22	23	6	107	109
7	23	48	6	110	114
7	24	32	6	115	118
7	25	44	6	119	123
7	26	50	6	124	129
7	27	51	6	130	135
7	28	61	6	136	142
7	29	61	6	143	149
7	30	51	6	150	155
7	31	71	6	156	163
7	32	42	6	164	168
7	33	51	6	169	174
7	34	49	6	175	179
7	35	47	6	180	184
7	36	48	6	185	189
7	37	41	6	190	194
7	38	115	6	195	206
7	39	24	6	207	209
7	40	24	6	210	212
7	41	24	6	213	215
7	42	55	6	216	221
7	43	25	6	222	224
7	44	22	6	225	227
7	45	36	6	228	231
7	46	23	6	232	234
7	47	21	6	235	237
7	48	22	6	238	240
7	49	49	6	241	245
7	50	22	6	246	248
7	51	21	6	249	251
7	52	22	6	252	254
7	53	23	6	255	257
7	54	18	6	258	259
7	55	24	6	260	262
7	56	19	6	263	264
7	57	22	6	265	267
7	58	28	6	268	270
7	59	22	6	271	273
7	60	23	6	274	276
7	61	21	6	277	279
7	62	29	6	280	282
7	63	51	6	283	288
7	64	64	6	289	295
7	65	16	6	296	297
7	66	24	6	298	300
7	67	21	6	301	303
7	68	25	6	304	306
7	69	8	6	307	307
7	70	21	6	308	310
7	71	40	6	311	315
7	72	15	6	316	317
7	73	24	6	318	320
7	74	20	6	321	323
7	75	39	6	324	328
7	76	16	6	329	330
7	77	23	6	331	333
7	78	22	6	334	336
7	79	20	6	337	339
7	80	29	6	340	342
7	81	19	6	343	344
7	82	19	6	345	346
7	83	30	6	347	350
7	84	19	6	351	353
7	85	33	6	354	357
7	86	20	6	358	360
7	87	18	6	361	362
7	88	22	6	363	365
7	89	19	6	366	368
7	90	26	6	369	371
7	91	20	6	372	374
7	92	21	6	375	377
7	93	21	6	378	380
7	94	29	6	381	383
7	95	24	6	384	386
7	96	27	6	387	389
7	97	25	6	390	392
7	98	26	6	393	395
7	99	17	6	396	397
7	100	19	6	398	399
7	101	31	6	400	403
7	102	21	6	404	406
7	103	22	6	407	409
7	104	24	6	410	412
7	105	35	6	413	416
7	106	20	6	417	419
7	107	27	6	420	422
7	108	17	6	423	424
7	109	17	6	425	426
7	110	17	6	427	428
7	111	39	6	429	432
7	112	24	6	433	435
7	113	47	6	436	440
7	114	22	6	441	443
7	115	29	6	444	446
