g_kanda	g_sarga	g_verses	s_kanda	s_sarga	s_verses	ratio	confidence	status
1	1	107	1	1	100	0.935	plausible	DRAFT-STRUCTURAL
1	2	46	1	2	43	0.935	plausible	DRAFT-STRUCTURAL
1	3	74	1	3	39	0.527	weak	DRAFT-STRUCTURAL
1	4	149	1	4	36	0.242	weak	DRAFT-STRUCTURAL
1	5	20	1	5	23	0.87	plausible	DRAFT-STRUCTURAL
1	6	29	1	6	28	0.966	plausible	DRAFT-STRUCTURAL
1	7	18	1	7	24	0.75	weak	DRAFT-STRUCTURAL
1	8	32	1	8	24	0.75	weak	DRAFT-STRUCTURAL
1	9	69	1	9	20	0.29	weak	DRAFT-STRUCTURAL
1	10	38	1	10	33	0.868	plausible	DRAFT-STRUCTURAL
1	11	25	1	11	31	0.806	weak	DRAFT-STRUCTURAL
1	12	35	1	12	22	0.629	weak	DRAFT-STRUCTURAL
1	13	47	1	13	41	0.872	plausible	DRAFT-STRUCTURAL
1	14	43	1	14	60	0.717	weak	DRAFT-STRUCTURAL
1	15	24	1	15	34	0.706	weak	DRAFT-STRUCTURAL
1	16	11					none	DRAFT-STRUCTURAL
1	17	29	1	16	32	0.906	plausible	DRAFT-STRUCTURAL
1	18	27	1	17	37	0.73	weak	DRAFT-STRUCTURAL
1	19	31	1	18	59	0.525	weak	DRAFT-STRUCTURAL
1	20	22	1	19	22	1.0	plausible	DRAFT-STRUCTURAL
1	21	23	1	20	28	0.821	weak	DRAFT-STRUCTURAL
1	22	20	1	21	22	0.909	plausible	DRAFT-STRUCTURAL
1	23	26	1	22	24	0.923	plausible	DRAFT-STRUCTURAL
1	24	20	1	23	22	0.909	plausible	DRAFT-STRUCTURAL
1	25	21	1	24	32	0.656	weak	DRAFT-STRUCTURAL
1	26	21	1	25	22	0.955	plausible	DRAFT-STRUCTURAL
1	27	30	1	26	36	0.833	weak	DRAFT-STRUCTURAL
1	28	21	1	27	28	0.75	weak	DRAFT-STRUCTURAL
1	29	24	1	28	22	0.917	plausible	DRAFT-STRUCTURAL
1	30	25	1	29	32	0.781	weak	DRAFT-STRUCTURAL
1	31	20	1	30	26	0.769	weak	DRAFT-STRUCTURAL
1	32	24	1	31	24	1.0	plausible	DRAFT-STRUCTURAL
1	33	24	1	32	26	0.923	plausible	DRAFT-STRUCTURAL
1	34	23	1	33	26	0.885	plausible	DRAFT-STRUCTURAL
1	35	51					none	DRAFT-STRUCTURAL
1	36	19	1	34	25	0.76	weak	DRAFT-STRUCTURAL
1	37	23	1	35	22	0.957	plausible	DRAFT-STRUCTURAL
1	38	31	1	36	27	0.871	plausible	DRAFT-STRUCTURAL
1	39	31	1	37	32	0.969	plausible	DRAFT-STRUCTURAL
1	40	23	1	38	24	0.958	plausible	DRAFT-STRUCTURAL
1	41	29	1	39	26	0.897	plausible	DRAFT-STRUCTURAL
1	42	26	1	40	30	0.867	plausible	DRAFT-STRUCTURAL
1	43	27	1	41	26	0.963	plausible	DRAFT-STRUCTURAL
1	44	24	1	42	25	0.96	plausible	DRAFT-STRUCTURAL
1	45	57	1	43	41	0.719	weak	DRAFT-STRUCTURAL
			1	44	23		none	DRAFT-STRUCTURAL
1	46	35	1	45	45	0.778	weak	DRAFT-STRUCTURAL
1	47	23	1	46	23	1.0	plausible	DRAFT-STRUCTURAL
1	48	25	1	47	22	0.88	plausible	DRAFT-STRUCTURAL
1	49	34	1	48	33	0.971	plausible	DRAFT-STRUCTURAL
1	50	24	1	49	23	0.958	plausible	DRAFT-STRUCTURAL
1	51	23	1	50	25	0.92	plausible	DRAFT-STRUCTURAL
1	52	27	1	51	28	0.964	plausible	DRAFT-STRUCTURAL
1	53	23	1	52	23	1.0	plausible	DRAFT-STRUCTURAL
1	54	26	1	53	25	0.962	plausible	DRAFT-STRUCTURAL
1	55	23	1	54	23	1.0	plausible	DRAFT-STRUCTURAL
1	56	28	1	55	28	1.0	plausible	DRAFT-STRUCTURAL
1	57	25	1	56	24	0.96	plausible	DRAFT-STRUCTURAL
1	58	7					none	DRAFT-STRUCTURAL
1	59	19	1	57	22	0.864	plausible	DRAFT-STRUCTURAL
1	60	27	1	58	24	0.889	plausible	DRAFT-STRUCTURAL
1	61	23	1	59	22	0.957	plausible	DRAFT-STRUCTURAL
1	62	34	1	60	34	1.0	plausible	DRAFT-STRUCTURAL
1	63	24	1	61	24	1.0	plausible	DRAFT-STRUCTURAL
1	64	28	1	62	28	1.0	plausible	DRAFT-STRUCTURAL
1	65	33	1	63	26	0.788	weak	DRAFT-STRUCTURAL
1	66	21	1	64	20	0.952	plausible	DRAFT-STRUCTURAL
1	67	30	1	65	40	0.75	weak	DRAFT-STRUCTURAL
1	68	25	1	66	26	0.962	plausible	DRAFT-STRUCTURAL
1	69	28	1	67	27	0.964	plausible	DRAFT-STRUCTURAL
1	70	20	1	68	19	0.95	plausible	DRAFT-STRUCTURAL
1	71	26	1	69	19	0.731	weak	DRAFT-STRUCTURAL
1	72	36	1	70	45	0.8	weak	DRAFT-STRUCTURAL
1	73	23	1	71	24	0.958	plausible	DRAFT-STRUCTURAL
1	74	30	1	72	25	0.833	weak	DRAFT-STRUCTURAL
1	75	30	1	73	40	0.75	weak	DRAFT-STRUCTURAL
1	76	27	1	74	24	0.889	plausible	DRAFT-STRUCTURAL
1	77	55	1	75	28	0.509	weak	DRAFT-STRUCTURAL
1	78	16	1	76	24	0.667	weak	DRAFT-STRUCTURAL
1	79	48					none	DRAFT-STRUCTURAL
1	80	32	1	77	29	0.906	plausible	DRAFT-STRUCTURAL
2	1	42	2	1	51	0.824	weak	DRAFT-STRUCTURAL
			2	2	54		none	DRAFT-STRUCTURAL
2	2	36	2	3	49	0.735	weak	DRAFT-STRUCTURAL
2	3	45	2	4	45	1.0	plausible	DRAFT-STRUCTURAL
2	4	26	2	5	26	1.0	plausible	DRAFT-STRUCTURAL
2	5	29	2	6	28	0.966	plausible	DRAFT-STRUCTURAL
2	6	33	2	7	36	0.917	plausible	DRAFT-STRUCTURAL
2	7	32	2	8	39	0.821	weak	DRAFT-STRUCTURAL
2	8	60	2	9	66	0.909	plausible	DRAFT-STRUCTURAL
2	9	47	2	10	40	0.851	plausible	DRAFT-STRUCTURAL
2	10	29	2	11	29	1.0	plausible	DRAFT-STRUCTURAL
			2	12	112		none	DRAFT-STRUCTURAL
2	11	31	2	13	26	0.839	weak	DRAFT-STRUCTURAL
			2	14	69		none	DRAFT-STRUCTURAL
2	12	38	2	15	49	0.776	weak	DRAFT-STRUCTURAL
2	13	29	2	16	47	0.617	weak	DRAFT-STRUCTURAL
2	14	22	2	17	22	1.0	plausible	DRAFT-STRUCTURAL
2	15	36	2	18	41	0.878	plausible	DRAFT-STRUCTURAL
2	16	47	2	19	40	0.851	plausible	DRAFT-STRUCTURAL
2	17	43	2	20	55	0.782	weak	DRAFT-STRUCTURAL
2	18	56	2	21	64	0.875	plausible	DRAFT-STRUCTURAL
2	19	22	2	22	30	0.733	weak	DRAFT-STRUCTURAL
2	20	47	2	23	41	0.872	plausible	DRAFT-STRUCTURAL
2	21	26	2	24	38	0.684	weak	DRAFT-STRUCTURAL
2	22	17	2	25	47	0.362	weak	DRAFT-STRUCTURAL
2	23	26	2	26	38	0.684	weak	DRAFT-STRUCTURAL
2	24	22	2	27	24	0.917	plausible	DRAFT-STRUCTURAL
2	25	42					none	DRAFT-STRUCTURAL
2	26	39	2	28	26	0.667	weak	DRAFT-STRUCTURAL
2	27	26	2	29	24	0.923	plausible	DRAFT-STRUCTURAL
2	28	33	2	30	47	0.702	weak	DRAFT-STRUCTURAL
2	29	29	2	31	37	0.784	weak	DRAFT-STRUCTURAL
2	30	39	2	32	45	0.867	plausible	DRAFT-STRUCTURAL
2	31	32	2	33	31	0.969	plausible	DRAFT-STRUCTURAL
2	32	46	2	34	61	0.754	weak	DRAFT-STRUCTURAL
2	33	28	2	35	37	0.757	weak	DRAFT-STRUCTURAL
2	34	29	2	36	33	0.879	plausible	DRAFT-STRUCTURAL
2	35	51					none	DRAFT-STRUCTURAL
2	36	27	2	37	37	0.73	weak	DRAFT-STRUCTURAL
2	37	24	2	38	15	0.625	weak	DRAFT-STRUCTURAL
2	38	50	2	39	41	0.82	weak	DRAFT-STRUCTURAL
2	39	52	2	40	51	0.981	plausible	DRAFT-STRUCTURAL
2	40	20	2	41	21	0.952	plausible	DRAFT-STRUCTURAL
2	41	29	2	42	35	0.829	weak	DRAFT-STRUCTURAL
2	42	21	2	43	21	1.0	plausible	DRAFT-STRUCTURAL
2	43	36	2	44	31	0.861	plausible	DRAFT-STRUCTURAL
2	44	30	2	45	33	0.909	plausible	DRAFT-STRUCTURAL
2	45	32	2	46	34	0.941	plausible	DRAFT-STRUCTURAL
2	46	20	2	47	19	0.95	plausible	DRAFT-STRUCTURAL
2	47	28	2	48	37	0.757	weak	DRAFT-STRUCTURAL
2	48	24	2	49	18	0.75	weak	DRAFT-STRUCTURAL
2	49	36	2	50	51	0.706	weak	DRAFT-STRUCTURAL
2	50	21					none	DRAFT-STRUCTURAL
2	51	26	2	51	27	0.963	plausible	DRAFT-STRUCTURAL
2	52	39	2	52	102	0.382	weak	DRAFT-STRUCTURAL
2	53	41	2	53	35	0.854	plausible	DRAFT-STRUCTURAL
2	54	42	2	54	43	0.977	plausible	DRAFT-STRUCTURAL
2	55	20	2	55	34	0.588	weak	DRAFT-STRUCTURAL
2	56	33	2	56	35	0.943	plausible	DRAFT-STRUCTURAL
2	57	32	2	57	34	0.941	plausible	DRAFT-STRUCTURAL
2	58	37	2	58	37	1.0	plausible	DRAFT-STRUCTURAL
2	59	32	2	59	34	0.941	plausible	DRAFT-STRUCTURAL
2	60	23	2	60	23	1.0	plausible	DRAFT-STRUCTURAL
2	61	35	2	61	27	0.771	weak	DRAFT-STRUCTURAL
2	62	43					none	DRAFT-STRUCTURAL
2	63	20					none	DRAFT-STRUCTURAL
2	64	20	2	62	21	0.952	plausible	DRAFT-STRUCTURAL
2	65	47	2	63	53	0.887	plausible	DRAFT-STRUCTURAL
2	66	69	2	64	79	0.873	plausible	DRAFT-STRUCTURAL
2	67	25	2	65	29	0.862	plausible	DRAFT-STRUCTURAL
2	68	56	2	66	29	0.518	weak	DRAFT-STRUCTURAL
2	69	34	2	67	38	0.895	plausible	DRAFT-STRUCTURAL
2	70	20	2	68	22	0.909	plausible	DRAFT-STRUCTURAL
2	71	23	2	69	21	0.913	plausible	DRAFT-STRUCTURAL
2	72	27	2	70	30	0.9	plausible	DRAFT-STRUCTURAL
2	73	32	2	71	47	0.681	weak	DRAFT-STRUCTURAL
2	74	63	2	72	54	0.857	plausible	DRAFT-STRUCTURAL
2	75	30	2	73	28	0.933	plausible	DRAFT-STRUCTURAL
2	76	32	2	74	36	0.889	plausible	DRAFT-STRUCTURAL
2	77	32	2	75	65	0.492	weak	DRAFT-STRUCTURAL
2	78	23	2	76	23	1.0	plausible	DRAFT-STRUCTURAL
2	79	40					none	DRAFT-STRUCTURAL
2	80	25	2	77	26	0.962	plausible	DRAFT-STRUCTURAL
2	81	33	2	78	26	0.788	weak	DRAFT-STRUCTURAL
2	82	15	2	79	17	0.882	plausible	DRAFT-STRUCTURAL
2	83	42					none	DRAFT-STRUCTURAL
2	84	24	2	80	22	0.917	plausible	DRAFT-STRUCTURAL
2	85	26					none	DRAFT-STRUCTURAL
2	86	21	2	81	16	0.762	weak	DRAFT-STRUCTURAL
2	87	25	2	82	32	0.781	weak	DRAFT-STRUCTURAL
2	88	28	2	83	26	0.929	plausible	DRAFT-STRUCTURAL
2	89	13					none	DRAFT-STRUCTURAL
2	90	39					none	DRAFT-STRUCTURAL
2	91	20	2	84	18	0.9	plausible	DRAFT-STRUCTURAL
2	92	28					none	DRAFT-STRUCTURAL
2	93	18	2	85	22	0.818	weak	DRAFT-STRUCTURAL
2	94	25	2	86	25	1.0	plausible	DRAFT-STRUCTURAL
2	95	28	2	87	24	0.857	plausible	DRAFT-STRUCTURAL
2	96	28	2	88	30	0.933	plausible	DRAFT-STRUCTURAL
2	97	27	2	89	23	0.852	plausible	DRAFT-STRUCTURAL
2	98	24	2	90	24	1.0	plausible	DRAFT-STRUCTURAL
2	99	40					none	DRAFT-STRUCTURAL
2	100	77	2	91	84	0.917	plausible	DRAFT-STRUCTURAL
2	101	42	2	92	40	0.952	plausible	DRAFT-STRUCTURAL
2	102	28	2	93	27	0.964	plausible	DRAFT-STRUCTURAL
2	103	27	2	94	27	1.0	plausible	DRAFT-STRUCTURAL
2	104	20	2	95	19	0.95	plausible	DRAFT-STRUCTURAL
2	105	58	2	96	30	0.517	weak	DRAFT-STRUCTURAL
2	106	30	2	97	31	0.968	plausible	DRAFT-STRUCTURAL
2	107	20	2	98	18	0.9	plausible	DRAFT-STRUCTURAL
2	108	40	2	99	42	0.952	plausible	DRAFT-STRUCTURAL
2	109	66	2	100	76	0.868	plausible	DRAFT-STRUCTURAL
2	110	23	2	101	27	0.852	plausible	DRAFT-STRUCTURAL
			2	102	9		none	DRAFT-STRUCTURAL
2	111	53	2	103	49	0.925	plausible	DRAFT-STRUCTURAL
2	112	33	2	104	32	0.97	plausible	DRAFT-STRUCTURAL
2	113	26	2	105	42	0.619	weak	DRAFT-STRUCTURAL
2	114	36	2	106	35	0.972	plausible	DRAFT-STRUCTURAL
2	115	19	2	107	19	1.0	plausible	DRAFT-STRUCTURAL
2	116	49	2	108	18	0.367	weak	DRAFT-STRUCTURAL
2	117	27	2	109	39	0.692	weak	DRAFT-STRUCTURAL
2	118	32	2	110	37	0.865	plausible	DRAFT-STRUCTURAL
2	119	34	2	111	32	0.941	plausible	DRAFT-STRUCTURAL
2	120	25	2	112	31	0.806	weak	DRAFT-STRUCTURAL
2	121	21	2	113	25	0.84	weak	DRAFT-STRUCTURAL
2	122	29	2	114	29	1.0	plausible	DRAFT-STRUCTURAL
2	123	24	2	115	24	1.0	plausible	DRAFT-STRUCTURAL
2	124	25	2	116	26	0.962	plausible	DRAFT-STRUCTURAL
2	125	23	2	117	29	0.793	weak	DRAFT-STRUCTURAL
2	126	7	2	118	54	0.13	weak	DRAFT-STRUCTURAL
2	127	18	2	119	22	0.818	weak	DRAFT-STRUCTURAL
3	1	35					none	DRAFT-STRUCTURAL
3	2	28					none	DRAFT-STRUCTURAL
3	3	22	3	1	23	0.957	plausible	DRAFT-STRUCTURAL
3	4	53					none	DRAFT-STRUCTURAL
3	5	23	3	2	26	0.885	plausible	DRAFT-STRUCTURAL
3	6	23	3	3	26	0.885	plausible	DRAFT-STRUCTURAL
3	7	36	3	4	34	0.944	plausible	DRAFT-STRUCTURAL
3	8	25					none	DRAFT-STRUCTURAL
3	9	37	3	5	43	0.86	plausible	DRAFT-STRUCTURAL
3	10	26	3	6	26	1.0	plausible	DRAFT-STRUCTURAL
3	11	20	3	7	24	0.833	weak	DRAFT-STRUCTURAL
3	12	19	3	8	20	0.95	plausible	DRAFT-STRUCTURAL
3	13	31	3	9	33	0.939	plausible	DRAFT-STRUCTURAL
3	14	24	3	10	22	0.917	plausible	DRAFT-STRUCTURAL
3	15	46	3	11	94	0.489	weak	DRAFT-STRUCTURAL
3	16	41	3	12	37	0.902	plausible	DRAFT-STRUCTURAL
3	17	33	3	13	25	0.758	weak	DRAFT-STRUCTURAL
3	18	48	3	14	36	0.75	weak	DRAFT-STRUCTURAL
3	19	27	3	15	31	0.871	plausible	DRAFT-STRUCTURAL
3	20	38	3	16	43	0.884	plausible	DRAFT-STRUCTURAL
3	21	31	3	17	29	0.935	plausible	DRAFT-STRUCTURAL
3	22	38	3	18	26	0.684	weak	DRAFT-STRUCTURAL
3	23	46					none	DRAFT-STRUCTURAL
3	24	26	3	19	27	0.963	plausible	DRAFT-STRUCTURAL
3	25	26	3	20	25	0.962	plausible	DRAFT-STRUCTURAL
3	26	28	3	21	22	0.786	weak	DRAFT-STRUCTURAL
3	27	23	3	22	24	0.958	plausible	DRAFT-STRUCTURAL
3	28	42	3	23	34	0.81	weak	DRAFT-STRUCTURAL
3	29	33	3	24	36	0.917	plausible	DRAFT-STRUCTURAL
3	30	46	3	25	47	0.979	plausible	DRAFT-STRUCTURAL
3	31	49	3	26	38	0.776	weak	DRAFT-STRUCTURAL
			3	27	20		none	DRAFT-STRUCTURAL
3	32	36	3	28	33	0.917	plausible	DRAFT-STRUCTURAL
3	33	43	3	29	28	0.651	weak	DRAFT-STRUCTURAL
3	34	36	3	30	41	0.878	plausible	DRAFT-STRUCTURAL
3	35	115	3	31	50	0.435	weak	DRAFT-STRUCTURAL
3	36	26	3	32	25	0.962	plausible	DRAFT-STRUCTURAL
3	37	24	3	33	24	1.0	plausible	DRAFT-STRUCTURAL
3	38	27	3	34	26	0.963	plausible	DRAFT-STRUCTURAL
3	39	42	3	35	42	1.0	plausible	DRAFT-STRUCTURAL
3	40	34	3	36	24	0.706	weak	DRAFT-STRUCTURAL
3	41	39	3	37	25	0.641	weak	DRAFT-STRUCTURAL
3	42	59					none	DRAFT-STRUCTURAL
3	43	43					none	DRAFT-STRUCTURAL
3	44	31	3	38	33	0.939	plausible	DRAFT-STRUCTURAL
3	45	22	3	39	25	0.88	plausible	DRAFT-STRUCTURAL
3	46	21	3	40	27	0.778	weak	DRAFT-STRUCTURAL
3	47	18	3	41	20	0.9	plausible	DRAFT-STRUCTURAL
3	48	19	3	42	35	0.543	weak	DRAFT-STRUCTURAL
3	49	57	3	43	51	0.895	plausible	DRAFT-STRUCTURAL
3	50	28	3	44	27	0.964	plausible	DRAFT-STRUCTURAL
3	51	44	3	45	40	0.909	plausible	DRAFT-STRUCTURAL
3	52	53	3	46	38	0.717	weak	DRAFT-STRUCTURAL
3	53	62	3	47	50	0.806	weak	DRAFT-STRUCTURAL
3	54	28	3	48	24	0.857	plausible	DRAFT-STRUCTURAL
3	55	52	3	49	40	0.769	weak	DRAFT-STRUCTURAL
3	56	54	3	50	28	0.519	weak	DRAFT-STRUCTURAL
3	57	35	3	51	46	0.761	weak	DRAFT-STRUCTURAL
3	58	46	3	52	44	0.957	plausible	DRAFT-STRUCTURAL
3	59	27	3	53	26	0.963	plausible	DRAFT-STRUCTURAL
3	60	39	3	54	30	0.769	weak	DRAFT-STRUCTURAL
3	61	49					none	DRAFT-STRUCTURAL
3	62	38	3	55	37	0.974	plausible	DRAFT-STRUCTURAL
3	63	29	3	56	36	0.806	weak	DRAFT-STRUCTURAL
3	64	21	3	57	23	0.913	plausible	DRAFT-STRUCTURAL
3	65	19	3	58	20	0.95	plausible	DRAFT-STRUCTURAL
3	66	26	3	59	27	0.963	plausible	DRAFT-STRUCTURAL
3	67	24	3	60	38	0.632	weak	DRAFT-STRUCTURAL
3	68	56	3	61	31	0.554	weak	DRAFT-STRUCTURAL
3	69	27	3	62	20	0.741	weak	DRAFT-STRUCTURAL
3	70	21	3	63	20	0.952	plausible	DRAFT-STRUCTURAL
			3	64	77		none	DRAFT-STRUCTURAL
3	71	17	3	65	16	0.941	plausible	DRAFT-STRUCTURAL
3	72	29	3	66	21	0.724	weak	DRAFT-STRUCTURAL
3	73	42	3	67	29	0.69	weak	DRAFT-STRUCTURAL
3	74	32	3	68	38	0.842	weak	DRAFT-STRUCTURAL
3	75	74	3	69	51	0.689	weak	DRAFT-STRUCTURAL
3	76	39	3	70	19	0.487	weak	DRAFT-STRUCTURAL
3	77	33	3	71	34	0.971	plausible	DRAFT-STRUCTURAL
3	78	31	3	72	27	0.871	plausible	DRAFT-STRUCTURAL
3	79	51	3	73	46	0.902	plausible	DRAFT-STRUCTURAL
			3	74	35		none	DRAFT-STRUCTURAL
			3	75	30		none	DRAFT-STRUCTURAL
4	1	32					none	DRAFT-STRUCTURAL
4	2	23					none	DRAFT-STRUCTURAL
4	3	29					none	DRAFT-STRUCTURAL
4	4	20					none	DRAFT-STRUCTURAL
4	5	31					none	DRAFT-STRUCTURAL
4	6	24					none	DRAFT-STRUCTURAL
4	7	24					none	DRAFT-STRUCTURAL
4	8	58					none	DRAFT-STRUCTURAL
4	9	107					none	DRAFT-STRUCTURAL
4	10	36					none	DRAFT-STRUCTURAL
4	11	12					none	DRAFT-STRUCTURAL
4	12	48					none	DRAFT-STRUCTURAL
4	13	47					none	DRAFT-STRUCTURAL
4	14	32					none	DRAFT-STRUCTURAL
4	15	34					none	DRAFT-STRUCTURAL
4	16	53					none	DRAFT-STRUCTURAL
4	17	58					none	DRAFT-STRUCTURAL
4	18	32					none	DRAFT-STRUCTURAL
4	19	37					none	DRAFT-STRUCTURAL
4	20	21					none	DRAFT-STRUCTURAL
4	21	38					none	DRAFT-STRUCTURAL
4	22	39					none	DRAFT-STRUCTURAL
4	23	12					none	DRAFT-STRUCTURAL
4	24	44					none	DRAFT-STRUCTURAL
4	25	39					none	DRAFT-STRUCTURAL
4	26	25					none	DRAFT-STRUCTURAL
4	27	23					none	DRAFT-STRUCTURAL
4	28	32					none	DRAFT-STRUCTURAL
4	29	29					none	DRAFT-STRUCTURAL
4	30	22					none	DRAFT-STRUCTURAL
4	31	38					none	DRAFT-STRUCTURAL
4	32	22					none	DRAFT-STRUCTURAL
4	33	45					none	DRAFT-STRUCTURAL
4	34	35					none	DRAFT-STRUCTURAL
4	35	33					none	DRAFT-STRUCTURAL
4	36	21					none	DRAFT-STRUCTURAL
4	37	38					none	DRAFT-STRUCTURAL
4	38	59					none	DRAFT-STRUCTURAL
4	39	43					none	DRAFT-STRUCTURAL
4	40	71					none	DRAFT-STRUCTURAL
4	41	79					none	DRAFT-STRUCTURAL
4	42	16					none	DRAFT-STRUCTURAL
4	43	69					none	DRAFT-STRUCTURAL
4	44	130					none	DRAFT-STRUCTURAL
4	45	19					none	DRAFT-STRUCTURAL
4	46	18					none	DRAFT-STRUCTURAL
4	47	19					none	DRAFT-STRUCTURAL
4	48	24					none	DRAFT-STRUCTURAL
4	49	29					none	DRAFT-STRUCTURAL
4	50	38					none	DRAFT-STRUCTURAL
4	51	46					none	DRAFT-STRUCTURAL
4	52	28					none	DRAFT-STRUCTURAL
4	53	26					none	DRAFT-STRUCTURAL
4	54	22					none	DRAFT-STRUCTURAL
4	55	21					none	DRAFT-STRUCTURAL
4	56	29					none	DRAFT-STRUCTURAL
4	57	24					none	DRAFT-STRUCTURAL
4	58	39					none	DRAFT-STRUCTURAL
4	59	23					none	DRAFT-STRUCTURAL
4	60	24					none	DRAFT-STRUCTURAL
4	61	59					none	DRAFT-STRUCTURAL
4	62	25					none	DRAFT-STRUCTURAL
4	63	29					none	DRAFT-STRUCTURAL
5	1	97	5	1	213	0.455	weak	DRAFT-STRUCTURAL
5	2	46	5	2	58	0.793	weak	DRAFT-STRUCTURAL
5	3	79	5	3	51	0.646	weak	DRAFT-STRUCTURAL
5	4	13					none	DRAFT-STRUCTURAL
5	5	31	5	4	30	0.968	plausible	DRAFT-STRUCTURAL
5	6	29	5	5	27	0.931	plausible	DRAFT-STRUCTURAL
5	7	73	5	6	44	0.603	weak	DRAFT-STRUCTURAL
5	8	26	5	7	17	0.654	weak	DRAFT-STRUCTURAL
			5	8	8		none	DRAFT-STRUCTURAL
5	9	68	5	9	73	0.932	plausible	DRAFT-STRUCTURAL
5	10	22					none	DRAFT-STRUCTURAL
5	11	26	5	10	54	0.481	weak	DRAFT-STRUCTURAL
5	12	49	5	11	48	0.98	plausible	DRAFT-STRUCTURAL
5	13	71	5	12	25	0.352	weak	DRAFT-STRUCTURAL
5	14	69	5	13	69	1.0	plausible	DRAFT-STRUCTURAL
5	15	59	5	14	52	0.881	plausible	DRAFT-STRUCTURAL
5	16	55	5	15	54	0.982	plausible	DRAFT-STRUCTURAL
5	17	36	5	16	32	0.889	plausible	DRAFT-STRUCTURAL
5	18	38					none	DRAFT-STRUCTURAL
5	19	35	5	17	32	0.914	plausible	DRAFT-STRUCTURAL
5	20	27	5	18	32	0.844	weak	DRAFT-STRUCTURAL
5	21	22	5	19	22	1.0	plausible	DRAFT-STRUCTURAL
5	22	35	5	20	36	0.972	plausible	DRAFT-STRUCTURAL
5	23	34	5	21	34	1.0	plausible	DRAFT-STRUCTURAL
5	24	39					none	DRAFT-STRUCTURAL
5	25	56					none	DRAFT-STRUCTURAL
5	26	43	5	22	46	0.935	plausible	DRAFT-STRUCTURAL
5	27	35					none	DRAFT-STRUCTURAL
5	28	18					none	DRAFT-STRUCTURAL
5	29	35					none	DRAFT-STRUCTURAL
5	30	19	5	23	19	1.0	plausible	DRAFT-STRUCTURAL
5	31	62					none	DRAFT-STRUCTURAL
5	32	48					none	DRAFT-STRUCTURAL
5	33	47	5	24	47	1.0	plausible	DRAFT-STRUCTURAL
5	34	23	5	25	20	0.87	plausible	DRAFT-STRUCTURAL
5	35	48	5	26	49	0.98	plausible	DRAFT-STRUCTURAL
5	36	77					none	DRAFT-STRUCTURAL
5	37	43					none	DRAFT-STRUCTURAL
5	38	51	5	27	54	0.944	plausible	DRAFT-STRUCTURAL
5	39	33	5	28	20	0.606	weak	DRAFT-STRUCTURAL
5	40	15	5	29	8	0.533	weak	DRAFT-STRUCTURAL
5	41	41	5	30	44	0.932	plausible	DRAFT-STRUCTURAL
5	42	22	5	31	19	0.864	plausible	DRAFT-STRUCTURAL
5	43	15	5	32	14	0.933	plausible	DRAFT-STRUCTURAL
5	44	21	5	33	31	0.677	weak	DRAFT-STRUCTURAL
5	45	19					none	DRAFT-STRUCTURAL
5	46	18					none	DRAFT-STRUCTURAL
5	47	36	5	34	40	0.9	plausible	DRAFT-STRUCTURAL
5	48	16	5	35	90	0.178	weak	DRAFT-STRUCTURAL
5	49	33	5	36	47	0.702	weak	DRAFT-STRUCTURAL
5	50	21	5	37	68	0.309	weak	DRAFT-STRUCTURAL
5	51	26	5	38	70	0.371	weak	DRAFT-STRUCTURAL
5	52	19	5	39	54	0.352	weak	DRAFT-STRUCTURAL
5	53	29	5	40	25	0.862	plausible	DRAFT-STRUCTURAL
5	54	19	5	41	21	0.905	plausible	DRAFT-STRUCTURAL
5	55	36	5	42	44	0.818	weak	DRAFT-STRUCTURAL
5	56	146					none	DRAFT-STRUCTURAL
5	57	15					none	DRAFT-STRUCTURAL
5	58	21	5	43	25	0.84	weak	DRAFT-STRUCTURAL
5	59	20	5	44	20	1.0	plausible	DRAFT-STRUCTURAL
5	60	20	5	45	17	0.85	plausible	DRAFT-STRUCTURAL
5	61	20	5	46	41	0.488	weak	DRAFT-STRUCTURAL
5	62	11					none	DRAFT-STRUCTURAL
5	63	28	5	47	38	0.737	weak	DRAFT-STRUCTURAL
5	64	25	5	48	61	0.41	weak	DRAFT-STRUCTURAL
5	65	19	5	49	20	0.95	plausible	DRAFT-STRUCTURAL
5	66	34					none	DRAFT-STRUCTURAL
5	67	15	5	50	19	0.789	weak	DRAFT-STRUCTURAL
5	68	43	5	51	45	0.956	plausible	DRAFT-STRUCTURAL
5	69	28	5	52	28	1.0	plausible	DRAFT-STRUCTURAL
5	70	19					none	DRAFT-STRUCTURAL
5	71	17					none	DRAFT-STRUCTURAL
5	72	21	5	53	44	0.477	weak	DRAFT-STRUCTURAL
5	73	66	5	54	51	0.773	weak	DRAFT-STRUCTURAL
5	74	39	5	55	35	0.897	plausible	DRAFT-STRUCTURAL
5	75	19					none	DRAFT-STRUCTURAL
5	76	24					none	DRAFT-STRUCTURAL
5	77	19					none	DRAFT-STRUCTURAL
5	78	23					none	DRAFT-STRUCTURAL
5	79	17					none	DRAFT-STRUCTURAL
5	80	32	5	56	51	0.627	weak	DRAFT-STRUCTURAL
5	81	55	5	57	53	0.964	plausible	DRAFT-STRUCTURAL
5	82	21	5	58	169	0.124	weak	DRAFT-STRUCTURAL
5	83	18					none	DRAFT-STRUCTURAL
5	84	15					none	DRAFT-STRUCTURAL
5	85	25	5	59	32	0.781	weak	DRAFT-STRUCTURAL
5	86	22	5	60	20	0.909	plausible	DRAFT-STRUCTURAL
5	87	26	5	61	24	0.923	plausible	DRAFT-STRUCTURAL
5	88	25	5	62	38	0.658	weak	DRAFT-STRUCTURAL
5	89	72	5	63	33	0.458	weak	DRAFT-STRUCTURAL
5	90	41	5	64	45	0.911	plausible	DRAFT-STRUCTURAL
5	91	25	5	65	28	0.893	plausible	DRAFT-STRUCTURAL
5	92	20	5	66	15	0.75	weak	DRAFT-STRUCTURAL
5	93	23	5	67	44	0.523	weak	DRAFT-STRUCTURAL
5	94	23	5	68	29	0.793	weak	DRAFT-STRUCTURAL
5	95	45					none	DRAFT-STRUCTURAL
			6	1	16		none	DRAFT-STRUCTURAL
			6	2	21		none	DRAFT-STRUCTURAL
6	1	46	6	3	32	0.696	weak	DRAFT-STRUCTURAL
6	2	51	6	4	88	0.58	weak	DRAFT-STRUCTURAL
			6	5	22		none	DRAFT-STRUCTURAL
			6	6	18		none	DRAFT-STRUCTURAL
			6	7	16		none	DRAFT-STRUCTURAL
			6	8	16		none	DRAFT-STRUCTURAL
6	3	51	6	9	22	0.431	weak	DRAFT-STRUCTURAL
			6	10	21		none	DRAFT-STRUCTURAL
6	4	62	6	11	59	0.952	plausible	DRAFT-STRUCTURAL
			6	12	22		none	DRAFT-STRUCTURAL
6	5	25	6	13	23	0.92	plausible	DRAFT-STRUCTURAL
			6	14	21		none	DRAFT-STRUCTURAL
6	6	33	6	15	33	1.0	plausible	DRAFT-STRUCTURAL
			6	16	29		none	DRAFT-STRUCTURAL
6	7	49	6	17	40	0.816	weak	DRAFT-STRUCTURAL
6	8	45	6	18	42	0.933	plausible	DRAFT-STRUCTURAL
6	9	39	6	19	34	0.872	plausible	DRAFT-STRUCTURAL
			6	20	24		none	DRAFT-STRUCTURAL
6	10	37	6	21	35	0.946	plausible	DRAFT-STRUCTURAL
6	11	46	6	22	43	0.935	plausible	DRAFT-STRUCTURAL
6	12	22	6	23	42	0.524	weak	DRAFT-STRUCTURAL
6	13	36	6	24	36	1.0	plausible	DRAFT-STRUCTURAL
6	14	25	6	25	28	0.893	plausible	DRAFT-STRUCTURAL
6	15	28	6	26	33	0.848	weak	DRAFT-STRUCTURAL
6	16	105	6	27	22	0.21	weak	DRAFT-STRUCTURAL
6	17	32	6	28	36	0.889	plausible	DRAFT-STRUCTURAL
			6	29	18		none	DRAFT-STRUCTURAL
6	18	59	6	30	26	0.441	weak	DRAFT-STRUCTURAL
6	19	76	6	31	86	0.884	plausible	DRAFT-STRUCTURAL
6	20	28	6	32	32	0.875	plausible	DRAFT-STRUCTURAL
6	21	46	6	33	46	1.0	plausible	DRAFT-STRUCTURAL
6	22	27	6	34	30	0.9	plausible	DRAFT-STRUCTURAL
6	23	41	6	35	26	0.634	weak	DRAFT-STRUCTURAL
6	24	43	6	36	43	1.0	plausible	DRAFT-STRUCTURAL
6	25	41	6	37	21	0.512	weak	DRAFT-STRUCTURAL
6	26	49	6	38	37	0.755	weak	DRAFT-STRUCTURAL
6	27	35	6	39	32	0.914	plausible	DRAFT-STRUCTURAL
6	28	42	6	40	64	0.656	weak	DRAFT-STRUCTURAL
6	29	29	6	41	35	0.829	weak	DRAFT-STRUCTURAL
6	30	39	6	42	37	0.949	plausible	DRAFT-STRUCTURAL
6	31	47	6	43	27	0.574	weak	DRAFT-STRUCTURAL
6	32	45	6	44	38	0.844	weak	DRAFT-STRUCTURAL
6	33	51	6	45	42	0.824	weak	DRAFT-STRUCTURAL
6	34	24	6	46	51	0.471	weak	DRAFT-STRUCTURAL
6	35	21					none	DRAFT-STRUCTURAL
6	36	121	6	47	135	0.896	plausible	DRAFT-STRUCTURAL
6	37	102	6	48	87	0.853	plausible	DRAFT-STRUCTURAL
6	38	41	6	49	37	0.902	plausible	DRAFT-STRUCTURAL
6	39	33	6	50	19	0.576	weak	DRAFT-STRUCTURAL
6	40	53	6	51	47	0.887	plausible	DRAFT-STRUCTURAL
6	41	25					none	DRAFT-STRUCTURAL
6	42	23					none	DRAFT-STRUCTURAL
6	43	37	6	52	35	0.946	plausible	DRAFT-STRUCTURAL
6	44	48	6	53	50	0.96	plausible	DRAFT-STRUCTURAL
6	45	39	6	54	29	0.744	weak	DRAFT-STRUCTURAL
6	46	141	6	55	129	0.915	plausible	DRAFT-STRUCTURAL
6	47	19	6	56	19	1.0	plausible	DRAFT-STRUCTURAL
6	48	13					none	DRAFT-STRUCTURAL
6	49	82	6	57	90	0.911	plausible	DRAFT-STRUCTURAL
6	50	57	6	58	54	0.947	plausible	DRAFT-STRUCTURAL
6	51	111	6	59	106	0.955	plausible	DRAFT-STRUCTURAL
6	52	54	6	60	49	0.907	plausible	DRAFT-STRUCTURAL
6	53	68	6	61	68	1.0	plausible	DRAFT-STRUCTURAL
6	54	64	6	62	52	0.812	weak	DRAFT-STRUCTURAL
6	55	89	6	63	53	0.596	weak	DRAFT-STRUCTURAL
6	56	22	6	64	24	0.917	plausible	DRAFT-STRUCTURAL
6	57	27	6	65	21	0.778	weak	DRAFT-STRUCTURAL
6	58	49	6	66	38	0.776	weak	DRAFT-STRUCTURAL
6	59	25	6	67	42	0.595	weak	DRAFT-STRUCTURAL
6	60	29	6	68	33	0.879	plausible	DRAFT-STRUCTURAL
6	61	29	6	69	26	0.897	plausible	DRAFT-STRUCTURAL
6	62	44	6	70	42	0.955	plausible	DRAFT-STRUCTURAL
6	63	23	6	71	22	0.957	plausible	DRAFT-STRUCTURAL
6	64	29	6	72	33	0.879	plausible	DRAFT-STRUCTURAL
6	65	35	6	73	34	0.971	plausible	DRAFT-STRUCTURAL
6	66	33	6	74	27	0.818	weak	DRAFT-STRUCTURAL
6	67	33	6	75	33	1.0	plausible	DRAFT-STRUCTURAL
6	68	37	6	76	34	0.919	plausible	DRAFT-STRUCTURAL
6	69	48	6	77	38	0.792	weak	DRAFT-STRUCTURAL
6	70	59	6	78	54	0.915	plausible	DRAFT-STRUCTURAL
6	71	28	6	79	18	0.643	weak	DRAFT-STRUCTURAL
6	72	69	6	80	57	0.826	weak	DRAFT-STRUCTURAL
6	73	40	6	81	35	0.875	plausible	DRAFT-STRUCTURAL
6	74	42	6	82	39	0.929	plausible	DRAFT-STRUCTURAL
6	75	68	6	83	42	0.618	weak	DRAFT-STRUCTURAL
6	76	44	6	84	33	0.75	weak	DRAFT-STRUCTURAL
6	77	31	6	85	29	0.935	plausible	DRAFT-STRUCTURAL
6	78	24	6	86	23	0.958	plausible	DRAFT-STRUCTURAL
6	79	76					none	DRAFT-STRUCTURAL
6	80	42	6	87	47	0.894	plausible	DRAFT-STRUCTURAL
6	81	27					none	DRAFT-STRUCTURAL
6	82	184					none	DRAFT-STRUCTURAL
6	83	61	6	88	59	0.967	plausible	DRAFT-STRUCTURAL
6	84	36	6	89	34	0.944	plausible	DRAFT-STRUCTURAL
6	85	13					none	DRAFT-STRUCTURAL
6	86	46	6	90	33	0.717	weak	DRAFT-STRUCTURAL
6	87	29	6	91	30	0.967	plausible	DRAFT-STRUCTURAL
6	88	36	6	92	30	0.833	weak	DRAFT-STRUCTURAL
6	89	25	6	93	27	0.926	plausible	DRAFT-STRUCTURAL
6	90	33	6	94	29	0.879	plausible	DRAFT-STRUCTURAL
6	91	28	6	95	26	0.929	plausible	DRAFT-STRUCTURAL
6	92	83	6	96	31	0.373	weak	DRAFT-STRUCTURAL
6	93	32	6	97	33	0.97	plausible	DRAFT-STRUCTURAL
6	94	28	6	98	26	0.929	plausible	DRAFT-STRUCTURAL
6	95	65	6	99	44	0.677	weak	DRAFT-STRUCTURAL
6	96	17					none	DRAFT-STRUCTURAL
6	97	25	6	100	22	0.88	plausible	DRAFT-STRUCTURAL
6	98	41	6	101	43	0.953	plausible	DRAFT-STRUCTURAL
6	99	57	6	102	36	0.632	weak	DRAFT-STRUCTURAL
6	100	23	6	103	25	0.92	plausible	DRAFT-STRUCTURAL
6	101	35	6	104	27	0.771	weak	DRAFT-STRUCTURAL
6	102	34	6	105	29	0.853	plausible	DRAFT-STRUCTURAL
6	103	23	6	106	20	0.87	plausible	DRAFT-STRUCTURAL
6	104	46	6	107	36	0.783	weak	DRAFT-STRUCTURAL
6	105	26	6	108	19	0.731	weak	DRAFT-STRUCTURAL
6	106	26	6	109	27	0.963	plausible	DRAFT-STRUCTURAL
6	107	25	6	110	23	0.92	plausible	DRAFT-STRUCTURAL
6	108	47	6	111	31	0.66	weak	DRAFT-STRUCTURAL
			6	112	18		none	DRAFT-STRUCTURAL
6	109	69	6	113	43	0.623	weak	DRAFT-STRUCTURAL
6	110	58	6	114	46	0.793	weak	DRAFT-STRUCTURAL
6	111	59	6	115	51	0.864	plausible	DRAFT-STRUCTURAL
6	112	110	6	116	90	0.818	weak	DRAFT-STRUCTURAL
6	113	16					none	DRAFT-STRUCTURAL
7	1	35	7	1	27	0.771	weak	DRAFT-STRUCTURAL
7	2	32	7	2	29	0.906	plausible	DRAFT-STRUCTURAL
7	3	34	7	3	31	0.912	plausible	DRAFT-STRUCTURAL
7	4	31	7	4	31	1.0	plausible	DRAFT-STRUCTURAL
7	5	45	7	5	41	0.911	plausible	DRAFT-STRUCTURAL
7	6	64	7	6	55	0.859	plausible	DRAFT-STRUCTURAL
7	7	55	7	7	50	0.909	plausible	DRAFT-STRUCTURAL
7	8	30	7	8	25	0.833	weak	DRAFT-STRUCTURAL
7	9	48	7	9	37	0.771	weak	DRAFT-STRUCTURAL
7	10	52	7	10	42	0.808	weak	DRAFT-STRUCTURAL
7	11	51	7	11	41	0.804	weak	DRAFT-STRUCTURAL
7	12	32	7	12	29	0.906	plausible	DRAFT-STRUCTURAL
7	13	41	7	13	39	0.951	plausible	DRAFT-STRUCTURAL
7	14	30	7	14	25	0.833	weak	DRAFT-STRUCTURAL
7	15	42	7	15	31	0.738	weak	DRAFT-STRUCTURAL
7	16	39	7	16	31	0.795	weak	DRAFT-STRUCTURAL
7	17	40	7	17	31	0.775	weak	DRAFT-STRUCTURAL
7	18	36	7	18	33	0.917	plausible	DRAFT-STRUCTURAL
7	19	30	7	19	26	0.867	plausible	DRAFT-STRUCTURAL
7	20	44					none	DRAFT-STRUCTURAL
7	21	74					none	DRAFT-STRUCTURAL
7	22	23	7	20	25	0.92	plausible	DRAFT-STRUCTURAL
7	23	48					none	DRAFT-STRUCTURAL
7	24	32	7	21	29	0.906	plausible	DRAFT-STRUCTURAL
7	25	44	7	22	43	0.977	plausible	DRAFT-STRUCTURAL
7	26	50	7	23	46	0.92	plausible	DRAFT-STRUCTURAL
7	27	51	7	24	35	0.686	weak	DRAFT-STRUCTURAL
7	28	61					none	DRAFT-STRUCTURAL
7	29	61	7	25	50	0.82	weak	DRAFT-STRUCTURAL
7	30	51	7	26	47	0.922	plausible	DRAFT-STRUCTURAL
7	31	71					none	DRAFT-STRUCTURAL
7	32	42	7	27	42	1.0	plausible	DRAFT-STRUCTURAL
7	33	51					none	DRAFT-STRUCTURAL
7	34	49	7	28	46	0.939	plausible	DRAFT-STRUCTURAL
7	35	47	7	29	40	0.851	plausible	DRAFT-STRUCTURAL
7	36	48	7	30	42	0.875	plausible	DRAFT-STRUCTURAL
7	37	41	7	31	40	0.976	plausible	DRAFT-STRUCTURAL
7	38	115	7	32	72	0.626	weak	DRAFT-STRUCTURAL
7	39	24	7	33	23	0.958	plausible	DRAFT-STRUCTURAL
7	40	24	7	34	44	0.545	weak	DRAFT-STRUCTURAL
7	41	24	7	35	65	0.369	weak	DRAFT-STRUCTURAL
7	42	55	7	36	46	0.836	weak	DRAFT-STRUCTURAL
7	43	25	7	37	15	0.6	weak	DRAFT-STRUCTURAL
7	44	22	7	38	17	0.773	weak	DRAFT-STRUCTURAL
7	45	36					none	DRAFT-STRUCTURAL
7	46	23	7	39	24	0.958	plausible	DRAFT-STRUCTURAL
7	47	21	7	40	18	0.857	plausible	DRAFT-STRUCTURAL
7	48	22	7	41	27	0.815	weak	DRAFT-STRUCTURAL
7	49	49					none	DRAFT-STRUCTURAL
7	50	22	7	42	23	0.957	plausible	DRAFT-STRUCTURAL
7	51	21	7	43	19	0.905	plausible	DRAFT-STRUCTURAL
7	52	22	7	44	22	1.0	plausible	DRAFT-STRUCTURAL
7	53	23	7	45	28	0.821	weak	DRAFT-STRUCTURAL
7	54	18	7	46	18	1.0	plausible	DRAFT-STRUCTURAL
7	55	24					none	DRAFT-STRUCTURAL
7	56	19	7	47	18	0.947	plausible	DRAFT-STRUCTURAL
7	57	22	7	48	20	0.909	plausible	DRAFT-STRUCTURAL
7	58	28					none	DRAFT-STRUCTURAL
7	59	22	7	49	18	0.818	weak	DRAFT-STRUCTURAL
7	60	23	7	50	20	0.87	plausible	DRAFT-STRUCTURAL
7	61	21	7	51	16	0.762	weak	DRAFT-STRUCTURAL
7	62	29					none	DRAFT-STRUCTURAL
7	63	51					none	DRAFT-STRUCTURAL
7	64	64					none	DRAFT-STRUCTURAL
7	65	16	7	52	16	1.0	plausible	DRAFT-STRUCTURAL
7	66	24	7	53	23	0.958	plausible	DRAFT-STRUCTURAL
7	67	21	7	54	21	1.0	plausible	DRAFT-STRUCTURAL
7	68	25	7	55	20	0.8	weak	DRAFT-STRUCTURAL
7	69	8					none	DRAFT-STRUCTURAL
7	70	21	7	56	17	0.81	weak	DRAFT-STRUCTURAL
7	71	40	7	57	35	0.875	plausible	DRAFT-STRUCTURAL
7	72	15	7	58	14	0.933	plausible	DRAFT-STRUCTURAL
7	73	24	7	59	23	0.958	plausible	DRAFT-STRUCTURAL
7	74	20	7	60	19	0.95	plausible	DRAFT-STRUCTURAL
7	75	39	7	61	38	0.974	plausible	DRAFT-STRUCTURAL
7	76	16	7	62	14	0.875	plausible	DRAFT-STRUCTURAL
7	77	23					none	DRAFT-STRUCTURAL
7	78	22	7	63	17	0.773	weak	DRAFT-STRUCTURAL
7	79	20	7	64	15	0.75	weak	DRAFT-STRUCTURAL
7	80	29	7	65	26	0.897	plausible	DRAFT-STRUCTURAL
7	81	19	7	66	17	0.895	plausible	DRAFT-STRUCTURAL
7	82	19	7	67	18	0.947	plausible	DRAFT-STRUCTURAL
7	83	30					none	DRAFT-STRUCTURAL
7	84	19	7	68	17	0.895	plausible	DRAFT-STRUCTURAL
7	85	33	7	69	27	0.818	weak	DRAFT-STRUCTURAL
7	86	20	7	70	19	0.95	plausible	DRAFT-STRUCTURAL
7	87	18	7	71	17	0.944	plausible	DRAFT-STRUCTURAL
7	88	22	7	72	21	0.955	plausible	DRAFT-STRUCTURAL
7	89	19	7	73	19	1.0	plausible	DRAFT-STRUCTURAL
7	90	26	7	74	19	0.731	weak	DRAFT-STRUCTURAL
7	91	20	7	75	18	0.9	plausible	DRAFT-STRUCTURAL
7	92	21	7	76	22	0.955	plausible	DRAFT-STRUCTURAL
7	93	21	7	77	19	0.905	plausible	DRAFT-STRUCTURAL
7	94	29	7	78	29	1.0	plausible	DRAFT-STRUCTURAL
7	95	24	7	79	24	1.0	plausible	DRAFT-STRUCTURAL
7	96	27	7	80	25	0.926	plausible	DRAFT-STRUCTURAL
7	97	25	7	81	24	0.96	plausible	DRAFT-STRUCTURAL
7	98	26	7	82	19	0.731	weak	DRAFT-STRUCTURAL
7	99	17	7	83	16	0.941	plausible	DRAFT-STRUCTURAL
7	100	19	7	84	16	0.842	weak	DRAFT-STRUCTURAL
7	101	31	7	85	23	0.742	weak	DRAFT-STRUCTURAL
7	102	21	7	86	16	0.762	weak	DRAFT-STRUCTURAL
7	103	22	7	87	20	0.909	plausible	DRAFT-STRUCTURAL
7	104	24	7	88	20	0.833	weak	DRAFT-STRUCTURAL
			7	89	15		none	DRAFT-STRUCTURAL
7	105	35	7	90	25	0.714	weak	DRAFT-STRUCTURAL
7	106	20	7	91	16	0.8	weak	DRAFT-STRUCTURAL
7	107	27	7	92	17	0.63	weak	DRAFT-STRUCTURAL
7	108	17	7	93	17	1.0	plausible	DRAFT-STRUCTURAL
7	109	17	7	94	19	0.895	plausible	DRAFT-STRUCTURAL
7	110	17	7	95	18	0.944	plausible	DRAFT-STRUCTURAL
7	111	39	7	96	18	0.462	weak	DRAFT-STRUCTURAL
7	112	24	7	97	20	0.833	weak	DRAFT-STRUCTURAL
7	113	47	7	98	26	0.553	weak	DRAFT-STRUCTURAL
7	114	22	7	99	18	0.818	weak	DRAFT-STRUCTURAL
7	115	29	7	100	26	0.897	plausible	DRAFT-STRUCTURAL
